player,year,tournament,has_any_interview,has_pre_match_interview
Abdullah Shelbayh,2024,QATAR EXXONMOBIL OPEN,True,False
Abdulrahman Al Janahi,2023,DUBAI DUTY FREE TENNIS CHAMPIONSHIPS,True,False
Abedallah Shelbayh,2023,QATAR EXXONMOBIL OPEN,True,False
Adam Pavlasek,2026,UNITED CUP,True,True
Adam Pavlasek,2025,DAVIS CUP QULIFIERS 2ND ROUND: CZECHIA vs USA,True,True
Adam Pavlasek,2023,DAVIS CUP FINALS,True,True
Adam Walton,2026,ROLAND GARROS,True,False
Adam Walton,2026,AUSTRALIAN OPEN,True,False
Adil Shamasdin,2023,UNITED CUP,True,False
Adil Shamasdin,2020,ATP CUP,True,False
Adrian Andreev,2022,UNITED CUP,True,True
Adrian Andreev,2020,ATP CUP,True,False
Adrian Mannarino,2024,ROLEX PARIS MASTERS,True,False
Adrian Mannarino,2024,AUSTRALIAN OPEN,True,False
Adrian Mannarino,2024,UNITED CUP,True,True
Adrian Mannarino,2023,AUSTRALIAN OPEN,True,False
Adrian Mannarino,2022,UNITED CUP,True,False
Adrian Mannarino,2022,AUSTRALIAN OPEN,True,False
Adrian Mannarino,2021,DAVIS CUP FINALS,True,False
Adrian Mannarino,2021,ROLEX PARIS MASTERS,True,False
Adrian Mannarino,2021,AUSTRALIAN OPEN,True,False
Adrian Mannarino,2020,ROLEX PARIS MASTERS,True,False
Adrian Mannarino,2020,US OPEN,True,True
Adriano Fuorivia,2020,ATP CUP,True,True
Agnieszka Radwanska,2023,UNITED CUP,True,False
Ai Sugiyama,2024,BILLIE JEAN KING CUP,True,False
Aisam-Ul-Haq Qureshi,2023,DUBAI DUTY FREE TENNIS CHAMPIONSHIPS,True,False
Ajla Tomljanovic,2026,AUSTRALIAN OPEN,True,False
Ajla Tomljanovic,2026,ADELAIDE INTERNATIONAL,True,False
Ajla Tomljanovic,2025,AUSTRALIAN OPEN,True,False
Ajla Tomljanovic,2024,BILLIE JEAN KING CUP,True,True
Ajla Tomljanovic,2024,AUSTRALIAN OPEN,True,True
Ajla Tomljanovic,2024,UNITED CUP,True,True
Ajla Tomljanovic,2023,UNITED CUP,True,True
Ajla Tomljanovic,2023,BILLIE JEAN KING CUP,True,True
Ajla Tomljanovic,2023,AUSTRALIAN OPEN,True,True
Ajla Tomljanovic,2022,UNITED CUP,True,True
Ajla Tomljanovic,2022,BILLIE JEAN KING CUP,True,False
Ajla Tomljanovic,2022,US OPEN,True,False
Ajla Tomljanovic,2022,CITI OPEN,True,False
Ajla Tomljanovic,2022,THE CHAMPIONSHIPS,True,False
Ajla Tomljanovic,2022,ROLAND GARROS,True,False
Ajla Tomljanovic,2022,SYDNEY TENNIS CLASSIC,True,False
Ajla Tomljanovic,2022,ADELAIDE INTERNATIONAL,True,False
Ajla Tomljanovic,2021,BNP PARIBAS OPEN,True,False
Ajla Tomljanovic,2021,THE CHAMPIONSHIPS,True,False
Ajla Tomljanovic,2021,ROLAND GARROS,True,False
Ajla Tomljanovic,2021,AUSTRALIAN OPEN,True,False
Ajla Tomljanovic,2020,AUSTRALIAN OPEN,True,False
Ajla Tomljanovic,2020,ADELAIDE INTERNATIONAL,True,False
Alastair Gray,2022,THE CHAMPIONSHIPS,True,False
Albert Ramos-Vinolas,2022,UNITED CUP,True,False
Albert Ramos-Vinolas,2022,DAVIS CUP FINALS,True,False
Albert Ramos-Vinolas,2022,ATP CUP,True,False
Albert Ramos-Vinolas,2020,ATP CUP,True,False
Alberto Giraudo,2020,ATP CUP,True,False
Alejandro Davidovich Fokina,2026,ROLAND GARROS,True,False
Alejandro Davidovich Fokina,2026,AUSTRALIAN OPEN,True,False
Alejandro Davidovich Fokina,2026,ADELAIDE INTERNATIONAL,True,True
Alejandro Davidovich Fokina,2025,MUBADALA CITI DC OPEN,True,False
Alejandro Davidovich Fokina,2025,AUSTRALIAN OPEN,True,False
Alejandro Davidovich Fokina,2023,LAVER CUP,True,True
Alejandro Davidovich Fokina,2023,US OPEN,True,False
Alejandro Davidovich Fokina,2023,NATIONAL BANK OPEN,True,False
Alejandro Davidovich Fokina,2023,ROLAND GARROS,True,False
Alejandro Davidovich Fokina,2022,US OPEN,True,False
Alejandro Davidovich Fokina,2022,ROLEX MONTE-CARLO MASTERS,True,False
Alejandro Davidovich Fokina,2022,AUSTRALIAN OPEN,True,False
Alejandro Davidovich Fokina,2022,ATP CUP,True,False
Alejandro Davidovich Fokina,2021,ROLAND GARROS,True,False
Alejandro Davidovich Fokina,2021,INTERNAZIONALI BNL D'ITALIA,True,False
Alejandro Davidovich Fokina,2020,ROLEX PARIS MASTERS,True,False
Alejandro Fabbri,2021,ATP CUP,True,True
Alejandro Falla,2022,DAVIS CUP QUALIFIERS: USA VS COLOMBIA,True,True
Alejandro Falla,2021,DAVIS CUP FINALS,True,True
Alejandro Gonzalez,2022,DAVIS CUP QUALIFIERS: USA VS COLOMBIA,True,False
Alejandro Tabill,2020,ATP CUP,True,False
Alejandro Tabilo,2024,LAVER CUP,True,False
Alejandro Tabilo,2024,INTERNAZIONALI BNL D'ITALIA,True,False
Alejandro Tabilo,2022,ATP CUP,True,False
Alejandro Tabilo,2021,ATP CUP,True,True
Aleksandar Vukic,2026,ADELAIDE INTERNATIONAL,True,False
Aleksandar Vukic,2025,AUSTRALIAN OPEN,True,False
Aleksandar Vukic,2022,AUSTRALIAN OPEN,True,False
Aleksandar Vukic,2022,ADELAIDE INTERNATIONAL,True,False
Aleksandr Nedovyesov,2025,UNITED CUP,True,False
Aleksandr Nedovyesov,2024,UNITED CUP,True,True
Aleksandr Nedovyesov,2021,DAVIS CUP FINALS,True,False
Aleksandre Bakshi,2021,ATP CUP,True,True
Aleksandre Bakshi,2020,ATP CUP,True,True
Aleksandre Metreveli,2021,ATP CUP,True,True
Aleksandre Metreveli,2020,ATP CUP,True,True
Alessandro Giannessi,2020,ATP CUP,True,False
Alex Auger-Aliassime,2024,UNITED CUP,True,False
Alex Bolt,2021,DAVIS CUP FINALS,True,False
Alex Bolt,2021,AUSTRALIAN OPEN,True,False
Alex Bolt,2021,MURRAY RIVER OPEN,True,False
Alex De Minaur,2026,THE CHAMPIONSHIPS,True,False
Alex De Minaur,2026,HSBC CHAMPIONSHIPS,True,False
Alex De Minaur,2026,ROLAND GARROS,True,False
Alex De Minaur,2026,AUSTRALIAN OPEN,True,True
Alex De Minaur,2026,UNITED CUP,True,True
Alex De Minaur,2025,US OPEN,True,False
Alex De Minaur,2025,NATIONAL BANK OPEN,True,False
Alex De Minaur,2025,MUBADALA CITI DC OPEN,True,False
Alex De Minaur,2025,THE CHAMPIONSHIPS,True,False
Alex De Minaur,2025,HSBC CHAMPIONSHIPS,True,False
Alex De Minaur,2025,ROLAND GARROS,True,True
Alex De Minaur,2025,INTERNAZIONALI BNL D'ITALIA,True,False
Alex De Minaur,2025,DUBAI DUTY FREE TENNIS CHAMPIONSHIPS,True,True
Alex De Minaur,2025,QATAR EXXONMOBIL OPEN,True,False
Alex De Minaur,2025,AUSTRALIAN OPEN,True,True
Alex De Minaur,2025,UNITED CUP,True,True
Alex De Minaur,2024,UNITED CUP,True,True
Alex De Minaur,2024,DAVIS CUP FINALS,True,True
Alex De Minaur,2024,NITTO ATP FINALS,True,False
Alex De Minaur,2024,US OPEN,True,False
Alex De Minaur,2024,THE CHAMPIONSHIPS,True,True
Alex De Minaur,2024,ROLAND GARROS,True,False
Alex De Minaur,2024,MUTUA MADRID OPEN,True,False
Alex De Minaur,2024,BNP PARIBAS OPEN,True,False
Alex De Minaur,2024,AUSTRALIAN OPEN,True,True
Alex De Minaur,2023,UNITED CUP,True,True
Alex De Minaur,2023,DAVIS CUP FINALS,True,True
Alex De Minaur,2023,NATIONAL BANK OPEN,True,False
Alex De Minaur,2023,THE CHAMPIONSHIPS,True,False
Alex De Minaur,2023,CINCH CHAMPIONSHIPS,True,False
Alex De Minaur,2023,ROLAND GARROS,True,False
Alex De Minaur,2023,AUSTRALIAN OPEN,True,True
Alex De Minaur,2022,UNITED CUP,True,True
Alex De Minaur,2022,DAVIS CUP FINALS,True,False
Alex De Minaur,2022,LAVER CUP,True,False
Alex De Minaur,2022,US OPEN,True,False
Alex De Minaur,2022,THE CHAMPIONSHIPS,True,False
Alex De Minaur,2022,ROLAND GARROS,True,False
Alex De Minaur,2022,AUSTRALIAN OPEN,True,True
Alex De Minaur,2022,ATP CUP,True,False
Alex De Minaur,2021,ATP CUP,True,True
Alex De Minaur,2021,DAVIS CUP FINALS,True,False
Alex De Minaur,2021,VIKING INTERNATIONAL,True,True
Alex De Minaur,2021,CINCH CHAMPIONSHIPS,True,False
Alex De Minaur,2021,ROLAND GARROS,True,False
Alex De Minaur,2021,AUSTRALIAN OPEN,True,True
Alex De Minaur,2020,ROLAND GARROS,True,False
Alex De Minaur,2020,US OPEN,True,False
Alex De Minaur,2020,WESTERN & SOUTHERN OPEN,True,False
Alex De Minaur,2020,ADELAIDE INTERNATIONAL,True,True
Alex De Minaur,2020,ATP CUP,True,True
Alex Hughes,2024,DAVIS CUP FINALS,True,True
Alex Michelsen,2026,ROLAND GARROS,True,False
Alex Michelsen,2026,BNP PARIBAS OPEN,True,False
Alex Michelsen,2025,LAVER CUP,True,True
Alex Michelsen,2025,AUSTRALIAN OPEN,True,False
Alex Ward,2025,UNITED CUP,True,False
Alex Ward,2024,UNITED CUP,True,False
Alex Zverev,2025,AUSTRALIAN OPEN,True,False
Alexa Guarachi,2021,ADELAIDE INTERNATIONAL,True,False
Alexa Guarachi,2020,ROLAND GARROS,True,False
Alexandar Lazarov,2023,UNITED CUP,True,False
Alexandar Lazarov,2020,ATP CUP,True,True
Alexander Blockx,2026,MUTUA MADRID OPEN,True,False
Alexander Blockx,2023,AUSTRALIAN OPEN,True,False
Alexander Bublik,2026,THE CHAMPIONSHIPS,True,False
Alexander Bublik,2026,AUSTRALIAN OPEN,True,False
Alexander Bublik,2025,ROLAND GARROS,True,False
Alexander Bublik,2024,DUBAI DUTY FREE TENNIS CHAMPIONSHIPS,True,False
Alexander Bublik,2022,UNITED CUP,True,False
Alexander Bublik,2021,DAVIS CUP FINALS,True,False
Alexander Bublik,2021,MIAMI OPEN PRESENTED BY ITAú,True,False
Alexander Cozbinov,2020,ATP CUP,True,True
Alexander Donski,2020,ATP CUP,True,True
Alexander Lazarov,2022,UNITED CUP,True,True
Alexander Ritschard,2022,UNITED CUP,True,True
Alexander Shevchenko,2025,UNITED CUP,True,True
Alexander Shevchenko,2024,UNITED CUP,True,True
Alexander Shevchenko,2022,ATP CUP,True,False
Alexander Skorilas,2020,ATP CUP,True,False
Alexander Zverev,2026,THE CHAMPIONSHIPS,True,True
Alexander Zverev,2026,ROLAND GARROS,True,True
Alexander Zverev,2026,INTERNAZIONALI BNL D'ITALIA,True,False
Alexander Zverev,2026,MUTUA MADRID OPEN,True,False
Alexander Zverev,2026,BNP PARIBAS OPEN,True,False
Alexander Zverev,2026,AUSTRALIAN OPEN,True,True
Alexander Zverev,2026,UNITED CUP,True,True
Alexander Zverev,2025,DAVIS CUP FINALS,True,False
Alexander Zverev,2025,NITTO ATP FINALS,True,False
Alexander Zverev,2025,ROLEX PARIS MASTERS,True,True
Alexander Zverev,2025,LAVER CUP,True,True
Alexander Zverev,2025,US OPEN,True,True
Alexander Zverev,2025,NATIONAL BANK OPEN,True,True
Alexander Zverev,2025,THE CHAMPIONSHIPS,True,True
Alexander Zverev,2025,ROLAND GARROS,True,True
Alexander Zverev,2025,INTERNAZIONALI BNL D'ITALIA,True,True
Alexander Zverev,2025,MUTUA MADRID OPEN,True,True
Alexander Zverev,2025,ROLEX MONTE-CARLO MASTERS,True,False
Alexander Zverev,2025,MIAMI OPEN PRESENTED BY ITAú,True,True
Alexander Zverev,2025,BNP PARIBAS OPEN,True,True
Alexander Zverev,2025,AUSTRALIAN OPEN,True,True
Alexander Zverev,2024,UNITED CUP,True,True
Alexander Zverev,2024,NITTO ATP FINALS,True,False
Alexander Zverev,2024,ROLEX PARIS MASTERS,True,False
Alexander Zverev,2024,ROLEX SHANGHAI MASTERS,True,True
Alexander Zverev,2024,LAVER CUP,True,False
Alexander Zverev,2024,US OPEN,True,False
Alexander Zverev,2024,OMNIUM BANQUE NATIONALE,True,False
Alexander Zverev,2024,THE CHAMPIONSHIPS,True,False
Alexander Zverev,2024,ROLAND GARROS,True,False
Alexander Zverev,2024,INTERNAZIONALI BNL D'ITALIA,True,True
Alexander Zverev,2024,MIAMI OPEN PRESENTED BY ITAú,True,False
Alexander Zverev,2024,AUSTRALIAN OPEN,True,False
Alexander Zverev,2023,UNITED CUP,True,True
Alexander Zverev,2023,NITTO ATP FINALS,True,False
Alexander Zverev,2023,US OPEN,True,False
Alexander Zverev,2023,THE CHAMPIONSHIPS,True,False
Alexander Zverev,2023,ROLAND GARROS,True,False
Alexander Zverev,2023,DUBAI DUTY FREE TENNIS CHAMPIONSHIPS,True,False
Alexander Zverev,2023,QATAR EXXONMOBIL OPEN,True,True
Alexander Zverev,2022,UNITED CUP,True,False
Alexander Zverev,2022,ROLAND GARROS,True,True
Alexander Zverev,2022,INTERNAZIONALI BNL D'ITALIA,True,False
Alexander Zverev,2022,MUTUA MADRID OPEN,True,True
Alexander Zverev,2022,ROLEX MONTE-CARLO MASTERS,True,False
Alexander Zverev,2022,MIAMI OPEN PRESENTED BY ITAú,True,True
Alexander Zverev,2022,AUSTRALIAN OPEN,True,True
Alexander Zverev,2022,ATP CUP,True,True
Alexander Zverev,2021,ATP CUP,True,True
Alexander Zverev,2021,NITTO ATP FINALS,True,False
Alexander Zverev,2021,BNP PARIBAS OPEN,True,False
Alexander Zverev,2021,LAVER CUP,True,True
Alexander Zverev,2021,US OPEN,True,True
Alexander Zverev,2021,WESTERN & SOUTHERN OPEN,True,True
Alexander Zverev,2021,THE CHAMPIONSHIPS,True,False
Alexander Zverev,2021,ROLAND GARROS,True,False
Alexander Zverev,2021,INTERNAZIONALI BNL D'ITALIA,True,True
Alexander Zverev,2021,MUTUA MADRID OPEN,True,False
Alexander Zverev,2021,ROLEX MONTE-CARLO MASTERS,True,False
Alexander Zverev,2021,MIAMI OPEN PRESENTED BY ITAú,True,True
Alexander Zverev,2021,AUSTRALIAN OPEN,True,False
Alexander Zverev,2020,NITTO ATP FINALS,True,False
Alexander Zverev,2020,ROLEX PARIS MASTERS,True,False
Alexander Zverev,2020,ROLAND GARROS,True,False
Alexander Zverev,2020,US OPEN,True,False
Alexander Zverev,2020,WESTERN & SOUTHERN OPEN,True,False
Alexander Zverev,2020,AUSTRALIAN OPEN,True,False
Alexander Zverev,2020,ATP CUP,True,True
Alexander Zverev Sr.,2026,UNITED CUP,True,True
Alexander Zverev Sr.,2024,UNITED CUP,True,False
Alexander Zverez,2023,AUSTRALIAN OPEN,True,False
Alexandr Nedovyesov,2024,UNITED CUP,True,False
Alexandra Eala,2026,THE CHAMPIONSHIPS,True,False
Alexandra Eala,2026,ROLAND GARROS,True,True
Alexandra Eala,2026,MIAMI OPEN PRESENTED BY ITAú,True,False
Alexandra Eala,2026,BNP PARIBAS OPEN,True,False
Alexandra Eala,2026,DUBAI DUTY FREE TENNIS CHAMPIONSHIPS,True,False
Alexandra Eala,2026,AUSTRALIAN OPEN,True,True
Alexandra Eala,2025,US OPEN,True,False
Alexandra Eala,2025,THE CHAMPIONSHIPS,True,False
Alexandra Eala,2025,MIAMI OPEN PRESENTED BY ITAú,True,False
Alexandra Eala,2022,US OPEN,True,False
Alexandre Muller,2025,ROLEX PARIS MASTERS,True,False
Alexandre Muller,2025,ROLAND GARROS,True,True
Alexandre Muller,2025,ROLEX MONTE-CARLO MASTERS,True,False
Alexandre Muller,2024,ROLAND GARROS,True,False
Alexandro Davidovich Fokina,2023,UNITED CUP,True,False
Alexei Popyrin,2026,AUSTRALIAN OPEN,True,False
Alexei Popyrin,2026,ADELAIDE INTERNATIONAL,True,False
Alexei Popyrin,2026,BRISBANE INTERNATIONAL,True,True
Alexei Popyrin,2025,NATIONAL BANK OPEN,True,False
Alexei Popyrin,2025,ROLAND GARROS,True,False
Alexei Popyrin,2025,AUSTRALIAN OPEN,True,True
Alexei Popyrin,2024,BRISBANE INTERNATIONAL,True,True
Alexei Popyrin,2024,DAVIS CUP FINALS,True,True
Alexei Popyrin,2024,ROLEX SHANGHAI MASTERS,True,False
Alexei Popyrin,2024,US OPEN,True,False
Alexei Popyrin,2024,OMNIUM BANQUE NATIONALE,True,False
Alexei Popyrin,2024,AUSTRALIAN OPEN,True,False
Alexei Popyrin,2023,BRISBANE INTERNATIONAL,True,True
Alexei Popyrin,2023,DAVIS CUP FINALS,True,True
Alexei Popyrin,2023,AUSTRALIAN OPEN,True,True
Alexei Popyrin,2023,ADELAIDE INTERNATIONAL,True,False
Alexei Popyrin,2022,SYDNEY TENNIS CLASSIC,True,True
Alexei Popyrin,2021,DAVIS CUP FINALS,True,False
Alexei Popyrin,2021,ROLAND GARROS,True,False
Alexei Popyrin,2021,MUTUA MADRID OPEN,True,False
Alexei Popyrin,2021,MIAMI OPEN PRESENTED BY ITAú,True,False
Alexei Popyrin,2021,AUSTRALIAN OPEN,True,False
Alexei Popyrin,2021,MURRAY RIVER OPEN,True,False
Alexei Popyrin,2020,AUSTRALIAN OPEN,True,False
Alexei Popyrn,2024,AUSTRALIAN OPEN,True,False
Alexis Galarneau,2026,UNITED CUP,True,False
Alexis Galarneau,2025,NATIONAL BANK OPEN,True,False
Alexis Galarneau,2024,DAVIS CUP FINALS,True,True
Alexis Galarneau,2023,DAVIS CUP FINALS,True,True
Alexis Galarneau,2023,NATIONAL BANK OPEN,True,False
Alexis Galarneau,2022,DAVIS CUP FINALS,True,False
Alexis Galarneau,2022,OMNIUM BANQUE NATIONALE,True,False
Alexsandar Vukic,2022,ADELAIDE INTERNATIONAL,True,False
Alfie Hewett,2026,THE CHAMPIONSHIPS,True,False
Alfie Hewett,2025,AUSTRALIAN OPEN,True,False
Alfie Hewett,2024,THE CHAMPIONSHIPS,True,False
Alfie Hewett,2024,ROLAND GARROS,True,False
Alfie Hewett,2024,MIAMI OPEN PRESENTED BY ITAú,True,False
Alfie Hewett,2024,AUSTRALIAN OPEN,True,False
Alfie Hewett,2023,US OPEN,True,False
Alfie Hewett,2023,THE CHAMPIONSHIPS,True,False
Alfie Hewett,2023,ROLAND GARROS,True,False
Alfie Hewett,2023,AUSTRALIAN OPEN,True,False
Alfie Hewett,2022,US OPEN,True,False
Alfie Hewett,2022,THE CHAMPIONSHIPS,True,False
Alfie Hewett,2022,ROLAND GARROS,True,False
Alfie Hewett,2022,AUSTRALIAN OPEN,True,False
Alfie Hewett,2021,US OPEN,True,False
Alfie Hewett,2021,ROLAND GARROS,True,False
Alfie Hewett,2021,AUSTRALIAN OPEN,True,False
Alfie Hewett,2020,ROLAND GARROS,True,False
Aliaksandra Sasnovich,2021,BNP PARIBAS OPEN,True,False
Aliaksandra Sasnovich,2021,THE CHAMPIONSHIPS,True,False
Alicia Barnett,2022,BILLIE JEAN KING CUP,True,False
Alicia Molik,2023,BILLIE JEAN KING CUP,True,False
Alicia Molik,2022,BILLIE JEAN KING CUP,True,False
Alicja Rosolska,2025,UNITED CUP,True,False
Alicja Rosolska,2024,UNITED CUP,True,False
Alina Korneeva,2024,AUSTRALIAN OPEN,True,False
Alina Korneeva,2023,ROLAND GARROS,True,False
Alina Korneeva,2023,AUSTRALIAN OPEN,True,False
Aliona Bolsova,2025,BILLIE JEAN KING CUP,True,False
Aliona Bolsova,2022,BILLIE JEAN KING CUP,True,False
Alisa Oktiabreva,2026,ROLAND GARROS,True,False
Alison Riske,2022,BILLIE JEAN KING CUP,True,True
Alison Riske,2022,BNP PARIBAS OPEN,True,False
Alison Riske,2020,BNP PARIBAS FED CUP: USA VS LATVIA,True,True
Alison Riske,2020,AUSTRALIAN OPEN,True,False
Alison Riske,2020,BRISBANE INTERNATIONAL,True,False
Alison Van Uytvanck,2022,UNITED CUP,True,True
Alison Van Uytvanck,2022,BILLIE JEAN KING CUP,True,False
Alison Van Uytvanck,2022,AUSTRALIAN OPEN,True,False
Alison Van Uytvanck,2021,AUSTRALIAN OPEN,True,False
Alize Cornet,2024,ROLAND GARROS,True,False
Alize Cornet,2024,AUSTRALIAN OPEN,True,False
Alize Cornet,2023,BILLIE JEAN KING CUP,True,True
Alize Cornet,2023,THE CHAMPIONSHIPS,True,False
Alize Cornet,2023,ROLAND GARROS,True,True
Alize Cornet,2022,UNITED CUP,True,True
Alize Cornet,2022,US OPEN,True,False
Alize Cornet,2022,THE CHAMPIONSHIPS,True,False
Alize Cornet,2022,ROLAND GARROS,True,True
Alize Cornet,2022,AUSTRALIAN OPEN,True,False
Alize Cornet,2022,MELBOURNE SUMMER SET,True,False
Alize Cornet,2020,ROLAND GARROS,True,False
Alize Cornet,2020,US OPEN,True,False
Alize Cornet,2020,WESTERN & SOUTHERN OPEN,True,False
Alja Tomljanovic,2021,BNP PARIBAS OPEN,True,False
Alycia Parks,2024,AUSTRALIAN OPEN,True,False
Amanda Anisimova,2026,THE CHAMPIONSHIPS,True,False
Amanda Anisimova,2026,HSBC CHAMPIONSHIPS,True,False
Amanda Anisimova,2026,ROLAND GARROS,True,False
Amanda Anisimova,2026,BNP PARIBAS OPEN,True,False
Amanda Anisimova,2026,DUBAI DUTY FREE TENNIS CHAMPIONSHIPS,True,True
Amanda Anisimova,2026,QATAR TOTAL ENERGIES OPEN,True,True
Amanda Anisimova,2026,AUSTRALIAN OPEN,True,True
Amanda Anisimova,2026,BRISBANE INTERNATIONAL,True,True
Amanda Anisimova,2025,CHINA OPEN,True,False
Amanda Anisimova,2025,US OPEN,True,True
Amanda Anisimova,2025,THE CHAMPIONSHIPS,True,False
Amanda Anisimova,2025,HSBC CHAMPIONSHIPS,True,False
Amanda Anisimova,2025,ROLAND GARROS,True,False
Amanda Anisimova,2025,DUBAI DUTY FREE TENNIS CHAMPIONSHIPS,True,False
Amanda Anisimova,2025,QATAR TOTAL ENERGIES OPEN,True,False
Amanda Anisimova,2025,AUSTRALIAN OPEN,True,False
Amanda Anisimova,2024,NATIONAL BANK OPEN,True,False
Amanda Anisimova,2024,AUSTRALIAN OPEN,True,False
Amanda Anisimova,2022,THE CHAMPIONSHIPS,True,False
Amanda Anisimova,2022,ROLAND GARROS,True,False
Amanda Anisimova,2022,AUSTRALIAN OPEN,True,False
Amanda Anisimova,2022,MELBOURNE SUMMER SET,True,False
Amanda Anisimova,2021,OMNIUM BANQUE NATIONALE,True,False
Amanda Anisimova,2021,MIAMI OPEN PRESENTED BY ITAú,True,False
Amanda Anisimova,2020,ROLAND GARROS,True,False
Amanda Anisimova,2020,US OPEN,True,False
Amanda Anisimova,2020,QATAR TOTAL OPEN,True,False
Amelie Mauresmo,2026,ROLAND GARROS,True,True
Amelie Mauresmo,2025,ROLAND GARROS,True,True
Amelie Mauresmo,2024,ROLAND GARROS,True,True
Amelie Mauresmo,2023,ROLAND GARROS,True,False
Amelie Mauresmo,2022,ROLAND GARROS,True,True
Amelie Oudea-Castera,2022,ROLAND GARROS,True,True
Ana Bogdan,2024,BILLIE JEAN KING CUP,True,True
Ana Bogdan,2021,ROLAND GARROS,True,False
Ana Konjuh,2021,MIAMI OPEN PRESENTED BY ITAú,True,False
Anabel Medina Garrigues,2024,BILLIE JEAN KING CUP,True,False
Anabel Medina Garrigues,2023,BILLIE JEAN KING CUP,True,False
Anabel Medina Garrigues,2022,BILLIE JEAN KING CUP,True,False
Anastasia Pavlyuchenkova,2025,THE CHAMPIONSHIPS,True,False
Anastasia Pavlyuchenkova,2025,AUSTRALIAN OPEN,True,False
Anastasia Pavlyuchenkova,2024,QATAR TOTAL ENERGIES OPEN,True,False
Anastasia Pavlyuchenkova,2023,ROLAND GARROS,True,False
Anastasia Pavlyuchenkova,2021,ROLAND GARROS,True,False
Anastasia Pavlyuchenkova,2021,MUTUA MADRID OPEN,True,False
Anastasia Pavlyuchenkova,2020,DUBAI DUTY FREE TENNIS CHAMPIONSHIPS,True,False
Anastasia Pavlyuchenkova,2020,AUSTRALIAN OPEN,True,False
Anastasia Pavlyunchenkova,2021,ROLAND GARROS,True,False
Anastasia Potapova,2026,ROLAND GARROS,True,True
Anastasia Potapova,2026,INTERNAZIONALI BNL D'ITALIA,True,False
Anastasia Potapova,2026,MUTUA MADRID OPEN,True,False
Anastasia Potapova,2026,AUSTRALIAN OPEN,True,False
Anastasia Potapova,2023,ROLAND GARROS,True,False
Anastasia Potapova,2023,PORSCHE TENNIS GRAND PRIX,True,False
Anastasija Sevastova,2021,MIAMI OPEN PRESENTED BY ITAú,True,False
Anastasija Sevastova,2020,US OPEN,True,False
Anastasija Sevastova,2020,BNP PARIBAS FED CUP: USA VS LATVIA,True,True
Anca Todoni,2025,AUSTRALIAN OPEN,True,False
Anca Todoni,2024,BILLIE JEAN KING CUP,True,False
Andre Goransson,2022,DAVIS CUP FINALS,True,False
Andre Goransson,2021,DAVIS CUP FINALS,True,False
Andrea Gaudenzi,2023,ROLEX SHANGHAI MASTERS,True,True
Andrea Lazaro Garcia,2026,UNITED CUP,True,True
Andrea Pellegrino,2026,UNITED CUP,True,True
Andrea Petkovic,2022,US OPEN,True,False
Andrea Petkovic,2022,AUSTRALIAN OPEN,True,False
Andrea Petkovic,2021,US OPEN,True,False
Andrea Petkovic,2021,AUSTRALIAN OPEN,True,False
Andrea Petkovic,2020,ROLAND GARROS,True,False
Andrea Vavassori,2026,ROLAND GARROS,True,False
Andrea Vavassori,2026,MIAMI OPEN PRESENTED BY ITAú,True,False
Andrea Vavassori,2026,UNITED CUP,True,True
Andrea Vavassori,2025,DAVIS CUP FINALS,True,False
Andrea Vavassori,2025,NITTO ATP FINALS,True,False
Andrea Vavassori,2025,US OPEN,True,False
Andrea Vavassori,2025,ROLAND GARROS,True,False
Andrea Vavassori,2025,ADELAIDE INTERNATIONAL,True,False
Andrea Vavassori,2024,UNITED CUP,True,True
Andrea Vavassori,2024,DAVIS CUP FINALS,True,False
Andrea Vavassori,2024,CHINA OPEN,True,False
Andrea Vavassori,2024,US OPEN,True,False
Andrea Vavassori,2024,ROLAND GARROS,True,False
Andrea Vavassori,2024,AUSTRALIAN OPEN,True,False
Andrea Vavassori,2023,UNITED CUP,True,False
Andrea Vavassori,2022,UNITED CUP,True,True
Andrea Vavassori,2021,ATP CUP,True,False
Andreas Mies,2022,AUSTRALIAN OPEN,True,False
Andreas Mies,2021,ATP CUP,True,True
Andreas Mies,2020,NITTO ATP FINALS,True,False
Andreas Mies,2020,ROLAND GARROS,True,False
Andreas Mies,2020,ATP CUP,True,True
Andreas Seppi,2020,ROLAND GARROS,True,False
Andrei Vasilevski,2023,US OPEN,True,True
Andrej Krasevec,2023,BILLIE JEAN KING CUP,True,False
Andreja Petrovic,2023,UNITED CUP,True,True
Andreja Petrovic,2022,UNITED CUP,True,True
Andres Molteni,2025,DAVIS CUP FINALS,True,False
Andres Molteni,2024,DAVIS CUP FINALS,True,False
Andres Molteni,2021,ATP CUP,True,True
Andres Molteni,2020,ATP CUP,True,False
Andrew Bettles,2020,ROLAND GARROS,True,True
Andrew Colvin,2020,AUSTRALIAN OPEN,True,True
Andrey Golubev,2021,DAVIS CUP FINALS,True,False
Andrey Rublev,2026,ROLAND GARROS,True,True
Andrey Rublev,2026,INTERNAZIONALI BNL D'ITALIA,True,False
Andrey Rublev,2026,QATAR EXXONMOBIL OPEN,True,False
Andrey Rublev,2026,AUSTRALIAN OPEN,True,False
Andrey Rublev,2025,US OPEN,True,False
Andrey Rublev,2025,NATIONAL BANK OPEN,True,False
Andrey Rublev,2025,THE CHAMPIONSHIPS,True,False
Andrey Rublev,2025,ROLAND GARROS,True,False
Andrey Rublev,2025,DUBAI DUTY FREE TENNIS CHAMPIONSHIPS,True,True
Andrey Rublev,2025,QATAR EXXONMOBIL OPEN,True,False
Andrey Rublev,2025,QATAR TOTAL ENERGIES OPEN,True,False
Andrey Rublev,2024,NITTO ATP FINALS,True,False
Andrey Rublev,2024,OMNIUM BANQUE NATIONALE,True,False
Andrey Rublev,2024,MUBADALA CITI DC OPEN,True,False
Andrey Rublev,2024,THE CHAMPIONSHIPS,True,False
Andrey Rublev,2024,ROLAND GARROS,True,False
Andrey Rublev,2024,MUTUA MADRID OPEN,True,False
Andrey Rublev,2024,DUBAI DUTY FREE TENNIS CHAMPIONSHIPS,True,False
Andrey Rublev,2024,QATAR EXXONMOBIL OPEN,True,True
Andrey Rublev,2024,AUSTRALIAN OPEN,True,False
Andrey Rublev,2023,NITTO ATP FINALS,True,False
Andrey Rublev,2023,ROLEX SHANGHAI MASTERS,True,False
Andrey Rublev,2023,LAVER CUP,True,True
Andrey Rublev,2023,US OPEN,True,False
Andrey Rublev,2023,THE CHAMPIONSHIPS,True,False
Andrey Rublev,2023,ROLAND GARROS,True,False
Andrey Rublev,2023,ROLEX MONTE-CARLO MASTERS,True,False
Andrey Rublev,2023,DUBAI DUTY FREE TENNIS CHAMPIONSHIPS,True,False
Andrey Rublev,2023,QATAR EXXONMOBIL OPEN,True,True
Andrey Rublev,2023,AUSTRALIAN OPEN,True,False
Andrey Rublev,2022,NITTO ATP FINALS,True,False
Andrey Rublev,2022,US OPEN,True,False
Andrey Rublev,2022,CITI OPEN,True,False
Andrey Rublev,2022,ROLAND GARROS,True,False
Andrey Rublev,2022,BNP PARIBAS OPEN,True,False
Andrey Rublev,2022,DUBAI DUTY FREE TENNIS CHAMPIONSHIPS,True,False
Andrey Rublev,2021,DAVIS CUP FINALS,True,True
Andrey Rublev,2021,NITTO ATP FINALS,True,False
Andrey Rublev,2021,LAVER CUP,True,True
Andrey Rublev,2021,WESTERN & SOUTHERN OPEN,True,False
Andrey Rublev,2021,ROLAND GARROS,True,False
Andrey Rublev,2021,ROLEX MONTE-CARLO MASTERS,True,False
Andrey Rublev,2021,MIAMI OPEN PRESENTED BY ITAú,True,True
Andrey Rublev,2021,AUSTRALIAN OPEN,True,False
Andrey Rublev,2021,ATP CUP,True,True
Andrey Rublev,2020,NITTO ATP FINALS,True,False
Andrey Rublev,2020,ROLAND GARROS,True,False
Andrey Rublev,2020,US OPEN,True,False
Andrey Rublev,2020,DUBAI DUTY FREE TENNIS CHAMPIONSHIPS,True,False
Andrey Rublev,2020,AUSTRALIAN OPEN,True,False
Andrey Rublev,2020,ADELAIDE INTERNATIONAL,True,False
Andrey Rublev,2020,QATAR EXXONMOBIL OPEN,True,False
Andrey Ruvlev,2021,ATP CUP,True,False
Andy Lapthorne,2025,AUSTRALIAN OPEN,True,False
Andy Lapthorne,2024,AUSTRALIAN OPEN,True,False
Andy Lapthorne,2023,ROLAND GARROS,True,False
Andy Lapthorne,2022,AUSTRALIAN OPEN,True,False
Andy Lapthorne,2021,AUSTRALIAN OPEN,True,False
Andy Lapthorne,2020,ROLAND GARROS,True,False
Andy Murray,2024,THE CHAMPIONSHIPS,True,False
Andy Murray,2024,CINCH CHAMPIONSHIPS,True,False
Andy Murray,2024,ROLAND GARROS,True,False
Andy Murray,2024,BNP PARIBAS OPEN,True,False
Andy Murray,2024,DUBAI DUTY FREE TENNIS CHAMPIONSHIPS,True,False
Andy Murray,2024,QATAR EXXONMOBIL OPEN,True,True
Andy Murray,2024,AUSTRALIAN OPEN,True,True
Andy Murray,2023,BRISBANE INTERNATIONAL,True,True
Andy Murray,2023,US OPEN,True,True
Andy Murray,2023,MUBADALA CITI DC OPEN,True,True
Andy Murray,2023,THE CHAMPIONSHIPS,True,True
Andy Murray,2023,CINCH CHAMPIONSHIPS,True,False
Andy Murray,2023,MUTUA MADRID OPEN,True,False
Andy Murray,2023,MIAMI OPEN PRESENTED BY ITAú,True,False
Andy Murray,2023,BNP PARIBAS OPEN,True,False
Andy Murray,2023,QATAR EXXONMOBIL OPEN,True,False
Andy Murray,2023,AUSTRALIAN OPEN,True,False
Andy Murray,2022,LAVER CUP,True,False
Andy Murray,2022,DAVIS CUP FINALS,True,False
Andy Murray,2022,US OPEN,True,False
Andy Murray,2022,WESTERN & SOUTHERN OPEN,True,False
Andy Murray,2022,CITI OPEN,True,True
Andy Murray,2022,THE CHAMPIONSHIPS,True,True
Andy Murray,2022,MUTUA MADRID OPEN,True,False
Andy Murray,2022,MIAMI OPEN PRESENTED BY ITAú,True,False
Andy Murray,2022,BNP PARIBAS OPEN,True,False
Andy Murray,2022,DUBAI DUTY FREE TENNIS CHAMPIONSHIPS,True,False
Andy Murray,2022,AUSTRALIAN OPEN,True,False
Andy Murray,2022,SYDNEY TENNIS CLASSIC,True,False
Andy Murray,2021,ROLEX PARIS MASTERS,True,False
Andy Murray,2021,BNP PARIBAS OPEN,True,False
Andy Murray,2021,US OPEN,True,True
Andy Murray,2021,WESTERN & SOUTHERN OPEN,True,True
Andy Murray,2021,THE CHAMPIONSHIPS,True,True
Andy Murray,2021,CINCH CHAMPIONSHIPS,True,True
Andy Murray,2020,ROLAND GARROS,True,False
Andy Murray,2020,US OPEN,True,True
Andy Murray,2020,WESTERN & SOUTHERN OPEN,True,True
Ane Mintegi Del Olmo,2021,THE CHAMPIONSHIPS,True,False
Anett Kontaveit,2023,THE CHAMPIONSHIPS,True,False
Anett Kontaveit,2022,US OPEN,True,False
Anett Kontaveit,2022,THE CHAMPIONSHIPS,True,False
Anett Kontaveit,2022,QATAR TOTAL ENERGIES OPEN,True,True
Anett Kontaveit,2022,AUSTRALIAN OPEN,True,False
Anett Kontaveit,2022,SYDNEY TENNIS CLASSIC,True,False
Anett Kontaveit,2021,WTA FINALS,True,True
Anett Kontaveit,2021,BNP PARIBAS OPEN,True,False
Anett Kontaveit,2021,VIKING INTERNATIONAL,True,False
Anett Kontaveit,2021,MUTUA MADRID OPEN,True,False
Anett Kontaveit,2021,QATAR TOTAL OPEN,True,False
Anett Kontaveit,2021,AUSTRALIAN OPEN,True,False
Anett Kontaveit,2021,GRAMPIANS TROPHY,True,False
Anett Kontaveit,2020,INTERNAZIONALI BNL D'ITALIA,True,False
Anett Kontaveit,2020,WESTERN & SOUTHERN OPEN,True,False
Anett Kontaveit,2020,AUSTRALIAN OPEN,True,False
Angelica Bernal,2024,MIAMI OPEN PRESENTED BY ITAú,True,False
Angelica Moratelli,2024,UNITED CUP,True,False
Angelique Kerber,2024,THE CHAMPIONSHIPS,True,False
Angelique Kerber,2024,PORSCHE TENNIS GRAND PRIX,True,True
Angelique Kerber,2024,BNP PARIBAS OPEN,True,False
Angelique Kerber,2024,AUSTRALIAN OPEN,True,True
Angelique Kerber,2024,UNITED CUP,True,True
Angelique Kerber,2023,UNITED CUP,True,True
Angelique Kerber,2022,THE CHAMPIONSHIPS,True,False
Angelique Kerber,2022,ROLAND GARROS,True,False
Angelique Kerber,2022,AUSTRALIAN OPEN,True,False
Angelique Kerber,2021,BNP PARIBAS OPEN,True,False
Angelique Kerber,2021,US OPEN,True,False
Angelique Kerber,2021,WESTERN & SOUTHERN OPEN,True,False
Angelique Kerber,2021,THE CHAMPIONSHIPS,True,False
Angelique Kerber,2021,ROLAND GARROS,True,False
Angelique Kerber,2021,INTERNAZIONALI BNL D'ITALIA,True,False
Angelique Kerber,2021,MIAMI OPEN PRESENTED BY ITAú,True,False
Angelique Kerber,2021,AUSTRALIAN OPEN,True,False
Angelique Kerber,2021,GRAMPIANS TROPHY,True,True
Angelique Kerber,2020,ROLAND GARROS,True,False
Angelique Kerber,2020,US OPEN,True,False
Angelique Kerber,2020,AUSTRALIAN OPEN,True,False
Angelo Binaghi,2026,INTERNAZIONALI BNL D'ITALIA,True,True
Angelo Binaghi,2025,DAVIS CUP FINALS,True,True
Anhelina Kalinina,2023,INTERNAZIONALI BNL D'ITALIA,True,False
Anhelina Kalinina,2022,THE CHAMPIONSHIPS,True,False
Anick Van Koot,2022,AUSTRALIAN OPEN,True,False
Aniek Van Koot,2022,ROLAND GARROS,True,False
Aniek Van Koot,2021,AUSTRALIAN OPEN,True,False
Ann Li,2022,MELBOURNE SUMMER SET,True,False
Anna Blinkova,2024,AUSTRALIAN OPEN,True,False
Anna Blinkova,2023,ROLAND GARROS,True,False
Anna Danilina,2025,BILLIE JEAN KING CUP,True,True
Anna Danilina,2023,BILLIE JEAN KING CUP,True,True
Anna Danilina,2022,BILLIE JEAN KING CUP,True,False
Anna Kalinskaya,2026,ROLAND GARROS,True,False
Anna Kalinskaya,2025,MUBADALA CITI DC OPEN,True,False
Anna Kalinskaya,2024,THE CHAMPIONSHIPS,True,False
Anna Kalinskaya,2024,DUBAI DUTY FREE TENNIS CHAMPIONSHIPS,True,False
Anna Kalinskaya,2024,AUSTRALIAN OPEN,True,False
Anna Pushkareva,2026,THE CHAMPIONSHIPS,True,False
Anna Schmiedlova,2020,ROLAND GARROS,True,False
Anna-Lena Friedsam,2024,BILLIE JEAN KING CUP,True,False
Anna-Lena Friedsam,2023,BILLIE JEAN KING CUP,True,True
Anne Keothavong,2024,BILLIE JEAN KING CUP,True,False
Anne Keothavong,2022,BILLIE JEAN KING CUP,True,False
Anton Dubrov,2025,US OPEN,True,True
Anton Dubrov,2025,ROLAND GARROS,True,True
Anton Dubrov,2025,AUSTRALIAN OPEN,True,True
Anton Dubrov,2024,AUSTRALIAN OPEN,True,True
Anton Dubrov,2023,US OPEN,True,True
Anton Dubrov,2023,AUSTRALIAN OPEN,True,True
Apostolos Tsitsipas,2024,ROLEX MONTE-CARLO MASTERS,True,True
Apostolos Tsitsipas,2022,ROLEX MONTE-CARLO MASTERS,True,True
Apostolos Tsitsipas,2022,ATP CUP,True,True
Apostolos Tsitsipas,2021,ATP CUP,True,True
Apostolos Tsitsipas,2020,ATP CUP,True,True
Arantxa Rus,2023,UNITED CUP,True,False
Ariana Arseneault,2026,UNITED CUP,True,True
Ariana Arseneault,2025,OMNIUM BANQUE NATIONALE,True,False
Ariana Arseneault,2024,UNITED CUP,True,True
Ariana Arseneault,2024,NATIONAL BANK OPEN,True,False
Ariel Behar,2020,ATP CUP,True,False
Arij Almutabagani,2024,WTA FINALS,True,True
Arina Rodionova,2024,BRISBANE INTERNATIONAL,True,False
Arina Rodionova,2023,BRISBANE INTERNATIONAL,True,False
Arina Rodionova,2020,ADELAIDE INTERNATIONAL,True,False
Aristotelis Thanos,2021,ATP CUP,True,False
Artemon Apostu-Efremov,2021,AUSTRALIAN OPEN,True,True
Artemon Apostu-Efremov,2020,AUSTRALIAN OPEN,True,True
Arthur Cazaux,2025,ROLEX PARIS MASTERS,True,False
Arthur Cazaux,2025,AUSTRALIAN OPEN,True,False
Arthur Cazaux,2024,ROLAND GARROS,True,False
Arthur Cazaux,2024,AUSTRALIAN OPEN,True,False
Arthur Cazaux,2020,AUSTRALIAN OPEN,True,False
Arthur Fery,2026,THE CHAMPIONSHIPS,True,False
Arthur Fery,2026,HSBC CHAMPIONSHIPS,True,False
Arthur Fery,2026,AUSTRALIAN OPEN,True,False
Arthur Fery,2025,THE CHAMPIONSHIPS,True,False
Arthur Fery,2023,THE CHAMPIONSHIPS,True,False
Arthur Fils,2026,THE CHAMPIONSHIPS,True,False
Arthur Fils,2026,ROLAND GARROS,True,True
Arthur Fils,2026,MUTUA MADRID OPEN,True,False
Arthur Fils,2026,BNP PARIBAS OPEN,True,False
Arthur Fils,2026,QATAR EXXONMOBIL OPEN,True,False
Arthur Fils,2025,ROLAND GARROS,True,True
Arthur Fils,2025,ROLEX MONTE-CARLO MASTERS,True,False
Arthur Fils,2025,MIAMI OPEN PRESENTED BY ITAú,True,False
Arthur Fils,2025,BNP PARIBAS OPEN,True,False
Arthur Fils,2025,AUSTRALIAN OPEN,True,False
Arthur Fils,2024,ROLEX PARIS MASTERS,True,True
Arthur Fils,2024,THE CHAMPIONSHIPS,True,False
Arthur Fils,2024,ROLAND GARROS,True,False
Arthur Fils,2024,ROLEX MONTE-CARLO MASTERS,True,False
Arthur Fils,2023,ROLEX PARIS MASTERS,True,False
Arthur Fils,2023,LAVER CUP,True,True
Arthur Fils,2023,ROLAND GARROS,True,True
Arthur Fils,2023,INTERNAZIONALI BNL D'ITALIA,True,False
Arthur Fils,2022,ROLEX PARIS MASTERS,True,False
Arthur Fils,2021,ROLAND GARROS,True,False
Arthur Gea,2026,AUSTRALIAN OPEN,True,False
Arthur Rinderknech,2026,ROLAND GARROS,True,False
Arthur Rinderknech,2026,ROLEX MONTE-CARLO MASTERS,True,False
Arthur Rinderknech,2026,UNITED CUP,True,True
Arthur Rinderknech,2025,ROLEX PARIS MASTERS,True,True
Arthur Rinderknech,2025,ROLEX SHANGHAI MASTERS,True,False
Arthur Rinderknech,2025,US OPEN,True,False
Arthur Rinderknech,2025,THE CHAMPIONSHIPS,True,False
Arthur Rinderknech,2025,ROLAND GARROS,True,True
Arthur Rinderknech,2024,ROLAND GARROS,True,False
Arthur Rinderknech,2023,ROLAND GARROS,True,False
Arthur Rinderknech,2022,UNITED CUP,True,True
Arthur Rinderknech,2022,ROLEX PARIS MASTERS,True,True
Arthur Rinderknech,2022,ROLAND GARROS,True,False
Arthur Rinderknech,2022,ROLEX MONTE-CARLO MASTERS,True,False
Arthur Rinderknech,2022,ADELAIDE INTERNATIONAL,True,False
Arthur Rinderknech,2021,ATP CUP,True,True
Arthur Rinderknech,2021,DAVIS CUP FINALS,True,False
Arthur Rinderknech,2021,ROLEX PARIS MASTERS,True,False
Aruzhan Sagandikova,2023,BILLIE JEAN KING CUP,True,True
Aryna Sabalenka,2026,THE CHAMPIONSHIPS,True,True
Aryna Sabalenka,2026,ROLAND GARROS,True,True
Aryna Sabalenka,2026,INTERNAZIONALI BNL D'ITALIA,True,True
Aryna Sabalenka,2026,MUTUA MADRID OPEN,True,False
Aryna Sabalenka,2026,MIAMI OPEN PRESENTED BY ITAú,True,False
Aryna Sabalenka,2026,BNP PARIBAS OPEN,True,True
Aryna Sabalenka,2026,AUSTRALIAN OPEN,True,True
Aryna Sabalenka,2026,BRISBANE INTERNATIONAL,True,True
Aryna Sabalenka,2025,US OPEN,True,True
Aryna Sabalenka,2025,THE CHAMPIONSHIPS,True,True
Aryna Sabalenka,2025,ROLAND GARROS,True,True
Aryna Sabalenka,2025,INTERNAZIONALI BNL D'ITALIA,True,True
Aryna Sabalenka,2025,MUTUA MADRID OPEN,True,True
Aryna Sabalenka,2025,PORSCHE TENNIS GRAND PRIX,True,True
Aryna Sabalenka,2025,MIAMI OPEN PRESENTED BY ITAú,True,False
Aryna Sabalenka,2025,BNP PARIBAS OPEN,True,True
Aryna Sabalenka,2025,DUBAI DUTY FREE TENNIS CHAMPIONSHIPS,True,True
Aryna Sabalenka,2025,QATAR TOTAL ENERGIES OPEN,True,True
Aryna Sabalenka,2025,AUSTRALIAN OPEN,True,True
Aryna Sabalenka,2025,BRISBANE INTERNATIONAL,True,False
Aryna Sabalenka,2024,BRISBANE INTERNATIONAL,True,True
Aryna Sabalenka,2024,WTA FINALS,True,True
Aryna Sabalenka,2024,CHINA OPEN,True,True
Aryna Sabalenka,2024,US OPEN,True,True
Aryna Sabalenka,2024,NATIONAL BANK OPEN,True,True
Aryna Sabalenka,2024,MUBADALA CITI DC OPEN,True,True
Aryna Sabalenka,2024,ROLAND GARROS,True,False
Aryna Sabalenka,2024,INTERNAZIONALI BNL D'ITALIA,True,True
Aryna Sabalenka,2024,MUTUA MADRID OPEN,True,False
Aryna Sabalenka,2024,PORSCHE TENNIS GRAND PRIX,True,True
Aryna Sabalenka,2024,BNP PARIBAS OPEN,True,False
Aryna Sabalenka,2024,DUBAI DUTY FREE TENNIS CHAMPIONSHIPS,True,True
Aryna Sabalenka,2024,AUSTRALIAN OPEN,True,True
Aryna Sabalenka,2023,BRISBANE INTERNATIONAL,True,True
Aryna Sabalenka,2023,WTA FINALS,True,True
Aryna Sabalenka,2023,CHINA OPEN,True,True
Aryna Sabalenka,2023,US OPEN,True,True
Aryna Sabalenka,2023,WESTERN & SOUTHERN OPEN,True,False
Aryna Sabalenka,2023,OMNIUM BANQUE NATIONALE,True,False
Aryna Sabalenka,2023,THE CHAMPIONSHIPS,True,True
Aryna Sabalenka,2023,ROLAND GARROS,True,True
Aryna Sabalenka,2023,INTERNAZIONALI BNL D'ITALIA,True,True
Aryna Sabalenka,2023,MUTUA MADRID OPEN,True,False
Aryna Sabalenka,2023,PORSCHE TENNIS GRAND PRIX,True,True
Aryna Sabalenka,2023,MIAMI OPEN PRESENTED BY ITAú,True,False
Aryna Sabalenka,2023,BNP PARIBAS OPEN,True,False
Aryna Sabalenka,2023,DUBAI DUTY FREE TENNIS CHAMPIONSHIPS,True,True
Aryna Sabalenka,2023,AUSTRALIAN OPEN,True,False
Aryna Sabalenka,2023,ADELAIDE INTERNATIONAL,True,False
Aryna Sabalenka,2022,ADELAIDE INTERNATIONAL,True,True
Aryna Sabalenka,2022,WTA FINALS,True,True
Aryna Sabalenka,2022,GUADALAJARA OPEN,True,False
Aryna Sabalenka,2022,US OPEN,True,False
Aryna Sabalenka,2022,WESTERN & SOUTHERN OPEN,True,False
Aryna Sabalenka,2022,ROLAND GARROS,True,False
Aryna Sabalenka,2022,QATAR TOTAL ENERGIES OPEN,True,True
Aryna Sabalenka,2022,DUBAI DUTY FREE TENNIS CHAMPIONSHIPS,True,True
Aryna Sabalenka,2022,AUSTRALIAN OPEN,True,False
Aryna Sabalenka,2021,WTA FINALS,True,True
Aryna Sabalenka,2021,US OPEN,True,True
Aryna Sabalenka,2021,OMNIUM BANQUE NATIONALE,True,False
Aryna Sabalenka,2021,THE CHAMPIONSHIPS,True,False
Aryna Sabalenka,2021,ROLAND GARROS,True,False
Aryna Sabalenka,2021,INTERNAZIONALI BNL D'ITALIA,True,True
Aryna Sabalenka,2021,MUTUA MADRID OPEN,True,True
Aryna Sabalenka,2021,MIAMI OPEN PRESENTED BY ITAú,True,False
Aryna Sabalenka,2021,QATAR TOTAL OPEN,True,True
Aryna Sabalenka,2021,AUSTRALIAN OPEN,True,False
Aryna Sabalenka,2021,GIPPSLAND TROPHY,True,True
Aryna Sabalenka,2020,ROLAND GARROS,True,False
Aryna Sabalenka,2020,QATAR TOTAL OPEN,True,False
Aryna Sabalenka,2020,DUBAI DUTY FREE TENNIS CHAMPIONSHIPS,True,False
Aryna Sabalenka,2020,ADELAIDE INTERNATIONAL,True,False
Ashleigh Barty,2024,THE CHAMPIONSHIPS,True,True
Ashleigh Barty,2022,AUSTRALIAN OPEN,True,True
Ashleigh Barty,2022,ADELAIDE INTERNATIONAL,True,True
Ashleigh Barty,2021,US OPEN,True,True
Ashleigh Barty,2021,WESTERN & SOUTHERN OPEN,True,True
Ashleigh Barty,2021,THE CHAMPIONSHIPS,True,True
Ashleigh Barty,2021,ROLAND GARROS,True,False
Ashleigh Barty,2021,INTERNAZIONALI BNL D'ITALIA,True,True
Ashleigh Barty,2021,MUTUA MADRID OPEN,True,True
Ashleigh Barty,2021,MIAMI OPEN PRESENTED BY ITAú,True,True
Ashleigh Barty,2021,ADELAIDE INTERNATIONAL,True,True
Ashleigh Barty,2021,AUSTRALIAN OPEN,True,False
Ashleigh Barty,2021,YARRA VALLEY CLASSIC,True,True
Ashleigh Barty,2020,QATAR TOTAL OPEN,True,True
Ashleigh Barty,2020,AUSTRALIAN OPEN,True,True
Ashleigh Barty,2020,ADELAIDE INTERNATIONAL,True,True
Ashleigh Barty,2020,BRISBANE INTERNATIONAL,True,True
Ashley Keber,2026,INTERNAZIONALI BNL D'ITALIA,True,True
Ashlyn Krueger,2024,BILLIE JEAN KING CUP,True,True
Ashlyn Krueger,2024,NATIONAL BANK OPEN,True,False
Asia Muhammad,2025,BNP PARIBAS OPEN,True,False
Asia Muhammad,2024,MUBADALA CITI DC OPEN,True,False
Asia Muhammad,2022,BILLIE JEAN KING CUP,True,True
Aslan Karatsev,2023,MUTUA MADRID OPEN,True,False
Aslan Karatsev,2022,AUSTRALIAN OPEN,True,False
Aslan Karatsev,2022,SYDNEY TENNIS CLASSIC,True,False
Aslan Karatsev,2021,DAVIS CUP FINALS,True,True
Aslan Karatsev,2021,ROLAND GARROS,True,False
Aslan Karatsev,2021,AUSTRALIAN OPEN,True,False
Aslan Karatsev,2021,ATP CUP,True,True
Astra Sharma,2021,ROLAND GARROS,True,False
Astra Sharma,2020,ROLAND GARROS,True,False
Astrid Brune Olsen,2026,UNITED CUP,True,False
Austin Krajicek,2025,DAVIS CUP QULIFIERS 2ND ROUND: CZECHIA vs USA,True,True
Austin Krajicek,2025,DAVIS CUP MEDIA CONFERENCE,True,False
Austin Krajicek,2024,DAVIS CUP FINALS,True,False
Austin Krajicek,2023,CHINA OPEN,True,False
Austin Krajicek,2022,ROLAND GARROS,True,False
Austin Krajicek,2020,ATP CUP,True,True
Bai Yan,2024,UNITED CUP,True,True
Barbara Haas,2020,ROLAND GARROS,True,False
Barbora Krejcikova,2026,THE CHAMPIONSHIPS,True,False
Barbora Krejcikova,2026,UNITED CUP,True,True
Barbora Krejcikova,2025,US OPEN,True,False
Barbora Krejcikova,2025,THE CHAMPIONSHIPS,True,True
Barbora Krejcikova,2024,WTA FINALS,True,True
Barbora Krejcikova,2024,US OPEN,True,True
Barbora Krejcikova,2024,THE CHAMPIONSHIPS,True,False
Barbora Krejcikova,2024,AUSTRALIAN OPEN,True,False
Barbora Krejcikova,2023,BILLIE JEAN KING CUP,True,False
Barbora Krejcikova,2023,THE CHAMPIONSHIPS,True,False
Barbora Krejcikova,2023,BNP PARIBAS OPEN,True,False
Barbora Krejcikova,2023,DUBAI DUTY FREE TENNIS CHAMPIONSHIPS,True,False
Barbora Krejcikova,2023,AUSTRALIAN OPEN,True,False
Barbora Krejcikova,2022,WTA FINALS,True,True
Barbora Krejcikova,2022,GUADALAJARA OPEN,True,False
Barbora Krejcikova,2022,US OPEN,True,False
Barbora Krejcikova,2022,THE CHAMPIONSHIPS,True,False
Barbora Krejcikova,2022,ROLAND GARROS,True,True
Barbora Krejcikova,2022,QATAR TOTAL ENERGIES OPEN,True,True
Barbora Krejcikova,2022,DUBAI DUTY FREE TENNIS CHAMPIONSHIPS,True,True
Barbora Krejcikova,2022,AUSTRALIAN OPEN,True,False
Barbora Krejcikova,2022,SYDNEY TENNIS CLASSIC,True,True
Barbora Krejcikova,2021,WTA FINALS,True,True
Barbora Krejcikova,2021,US OPEN,True,False
Barbora Krejcikova,2021,THE CHAMPIONSHIPS,True,True
Barbora Krejcikova,2021,ROLAND GARROS,True,False
Barbora Krejcikova,2021,AUSTRALIAN OPEN,True,True
Barbora Krejcikova,2020,ROLAND GARROS,True,False
Barbora Krejcikova,2020,AUSTRALIAN OPEN,True,False
Barbora Strycova,2023,THE CHAMPIONSHIPS,True,False
Barbora Strycova,2020,INTERNAZIONALI BNL D'ITALIA,True,False
Barbora Strycova,2020,QATAR TOTAL OPEN,True,False
Barbora Strycova,2020,BRISBANE INTERNATIONAL,True,False
Barbora Strykova,2023,US OPEN,True,False
Beatriz Haddad Maia,2025,ROLAND GARROS,True,False
Beatriz Haddad Maia,2025,AUSTRALIAN OPEN,True,False
Beatriz Haddad Maia,2024,UNITED CUP,True,True
Beatriz Haddad Maia,2024,US OPEN,True,False
Beatriz Haddad Maia,2024,ADELAIDE INTERNATIONAL,True,False
Beatriz Haddad Maia,2023,OMNIUM BANQUE NATIONALE,True,False
Beatriz Haddad Maia,2023,THE CHAMPIONSHIPS,True,False
Beatriz Haddad Maia,2023,ROLAND GARROS,True,False
Beatriz Haddad Maia,2022,UNITED CUP,True,False
Beatriz Haddad Maia,2022,NATIONAL BANK OPEN,True,False
Belinda Bencic,2026,THE CHAMPIONSHIPS,True,False
Belinda Bencic,2026,ROLAND GARROS,True,False
Belinda Bencic,2026,BNP PARIBAS OPEN,True,False
Belinda Bencic,2026,AUSTRALIAN OPEN,True,True
Belinda Bencic,2026,UNITED CUP,True,True
Belinda Bencic,2025,THE CHAMPIONSHIPS,True,False
Belinda Bencic,2025,BNP PARIBAS OPEN,True,False
Belinda Bencic,2025,AUSTRALIAN OPEN,True,True
Belinda Bencic,2024,UNITED CUP,True,True
Belinda Bencic,2023,BILLIE JEAN KING CUP,True,True
Belinda Bencic,2023,US OPEN,True,False
Belinda Bencic,2023,OMNIUM BANQUE NATIONALE,True,False
Belinda Bencic,2023,THE CHAMPIONSHIPS,True,False
Belinda Bencic,2023,ROLAND GARROS,True,False
Belinda Bencic,2023,AUSTRALIAN OPEN,True,False
Belinda Bencic,2023,ADELAIDE INTERNATIONAL,True,False
Belinda Bencic,2022,UNITED CUP,True,True
Belinda Bencic,2022,BILLIE JEAN KING CUP,True,False
Belinda Bencic,2022,US OPEN,True,False
Belinda Bencic,2022,NATIONAL BANK OPEN,True,False
Belinda Bencic,2022,ROLAND GARROS,True,False
Belinda Bencic,2022,MIAMI OPEN PRESENTED BY ITAú,True,False
Belinda Bencic,2022,AUSTRALIAN OPEN,True,False
Belinda Bencic,2022,SYDNEY TENNIS CLASSIC,True,False
Belinda Bencic,2021,US OPEN,True,False
Belinda Bencic,2021,WESTERN & SOUTHERN OPEN,True,True
Belinda Bencic,2021,ROLAND GARROS,True,True
Belinda Bencic,2021,MUTUA MADRID OPEN,True,False
Belinda Bencic,2021,ADELAIDE INTERNATIONAL,True,True
Belinda Bencic,2021,AUSTRALIAN OPEN,True,False
Belinda Bencic,2020,INTERNAZIONALI BNL D'ITALIA,True,True
Belinda Bencic,2020,QATAR TOTAL OPEN,True,True
Belinda Bencic,2020,DUBAI DUTY FREE TENNIS CHAMPIONSHIPS,True,True
Belinda Bencic,2020,AUSTRALIAN OPEN,True,True
Belinda Bencic,2020,ADELAIDE INTERNATIONAL,True,False
Ben Bartram,2022,US OPEN,True,False
Ben McLachlan,2023,AUSTRALIAN OPEN,True,False
Ben McLachlan,2022,THE CHAMPIONSHIPS,True,False
Ben McLachlan,2022,AUSTRALIAN OPEN,True,False
Ben McLachlan,2021,CITI OPEN,True,False
Ben McLachlan,2021,AUSTRALIAN OPEN,True,False
Ben McLachlan,2021,ATP CUP,True,False
Ben McLachlan,2020,ATP CUP,True,False
Ben Shelton,2026,THE CHAMPIONSHIPS,True,True
Ben Shelton,2026,ROLAND GARROS,True,True
Ben Shelton,2026,BNP PARIBAS OPEN,True,True
Ben Shelton,2026,AUSTRALIAN OPEN,True,False
Ben Shelton,2025,US OPEN,True,True
Ben Shelton,2025,NATIONAL BANK OPEN,True,True
Ben Shelton,2025,MUBADALA CITI DC OPEN,True,True
Ben Shelton,2025,THE CHAMPIONSHIPS,True,False
Ben Shelton,2025,ROLAND GARROS,True,True
Ben Shelton,2025,BNP PARIBAS OPEN,True,False
Ben Shelton,2025,AUSTRALIAN OPEN,True,False
Ben Shelton,2024,DAVIS CUP FINALS,True,True
Ben Shelton,2024,ROLEX SHANGHAI MASTERS,True,False
Ben Shelton,2024,LAVER CUP,True,True
Ben Shelton,2024,US OPEN,True,True
Ben Shelton,2024,MUBADALA CITI DC OPEN,True,True
Ben Shelton,2024,THE CHAMPIONSHIPS,True,False
Ben Shelton,2024,ROLAND GARROS,True,False
Ben Shelton,2024,BNP PARIBAS OPEN,True,False
Ben Shelton,2024,AUSTRALIAN OPEN,True,False
Ben Shelton,2023,BRISBANE INTERNATIONAL,True,True
Ben Shelton,2023,ROLEX SHANGHAI MASTERS,True,False
Ben Shelton,2023,LAVER CUP,True,False
Ben Shelton,2023,US OPEN,True,False
Ben Shelton,2023,AUSTRALIAN OPEN,True,False
Ben Shelton,2022,WESTERN & SOUTHERN OPEN,True,False
Benjamin Balleret,2025,ROLEX SHANGHAI MASTERS,True,True
Benjamin Bonzi,2025,US OPEN,True,False
Benjamin Bonzi,2025,AUSTRALIAN OPEN,True,False
Benjamin Bonzi,2023,ROLEX MONTE-CARLO MASTERS,True,False
Benjamin Bonzi,2023,AUSTRALIAN OPEN,True,False
Benjamin Bonzi,2022,ROLAND GARROS,True,False
Benjamin Bonzi,2022,ROLEX MONTE-CARLO MASTERS,True,False
Benjamin Bonzi,2022,AUSTRALIAN OPEN,True,False
Benjamin Bonzi,2020,ROLAND GARROS,True,False
Benjamin Sogouin,2024,UNITED CUP,True,True
Benoit Paire,2023,ROLAND GARROS,True,False
Benoit Paire,2022,ROLAND GARROS,True,False
Benoit Paire,2022,ROLEX MONTE-CARLO MASTERS,True,False
Benoit Paire,2022,AUSTRALIAN OPEN,True,False
Benoit Paire,2021,ROLEX PARIS MASTERS,True,False
Benoit Paire,2021,WESTERN & SOUTHERN OPEN,True,False
Benoit Paire,2021,MUTUA MADRID OPEN,True,False
Benoit Paire,2021,ROLEX MONTE-CARLO MASTERS,True,False
Benoit Paire,2021,ATP CUP,True,True
Benoit Paire,2020,ROLAND GARROS,True,False
Benoit Paire,2020,DUBAI DUTY FREE TENNIS CHAMPIONSHIPS,True,False
Benoit Paire,2020,ATP CUP,True,True
Bernabe Zapata Miralles,2022,ROLAND GARROS,True,False
Bernard Giudicelli,2020,ROLAND GARROS,True,True
Bernard Tomic,2021,AUSTRALIAN OPEN,True,True
Bernarda Pera,2024,THE CHAMPIONSHIPS,True,False
Bertrand Perret,2020,AUSTRALIAN OPEN,True,True
Bethanie Mattek-Sands,2021,ROLAND GARROS,True,False
Bethanie Mattek-Sands,2020,BNP PARIBAS FED CUP: USA VS LATVIA,True,True
Bianca Andreescu,2025,OMNIUM BANQUE NATIONALE,True,True
Bianca Andreescu,2024,NATIONAL BANK OPEN,True,False
Bianca Andreescu,2024,THE CHAMPIONSHIPS,True,False
Bianca Andreescu,2023,OMNIUM BANQUE NATIONALE,True,False
Bianca Andreescu,2023,THE CHAMPIONSHIPS,True,False
Bianca Andreescu,2023,ROLAND GARROS,True,False
Bianca Andreescu,2023,MIAMI OPEN PRESENTED BY ITAú,True,False
Bianca Andreescu,2023,AUSTRALIAN OPEN,True,False
Bianca Andreescu,2022,BILLIE JEAN KING CUP,True,False
Bianca Andreescu,2022,GUADALAJARA OPEN,True,False
Bianca Andreescu,2022,US OPEN,True,False
Bianca Andreescu,2022,NATIONAL BANK OPEN,True,True
Bianca Andreescu,2022,THE CHAMPIONSHIPS,True,False
Bianca Andreescu,2022,ROLAND GARROS,True,True
Bianca Andreescu,2022,INTERNAZIONALI BNL D'ITALIA,True,False
Bianca Andreescu,2022,MUTUA MADRID OPEN,True,False
Bianca Andreescu,2021,BNP PARIBAS OPEN,True,False
Bianca Andreescu,2021,US OPEN,True,True
Bianca Andreescu,2021,OMNIUM BANQUE NATIONALE,True,False
Bianca Andreescu,2021,THE CHAMPIONSHIPS,True,False
Bianca Andreescu,2021,VIKING INTERNATIONAL,True,True
Bianca Andreescu,2021,ROLAND GARROS,True,False
Bianca Andreescu,2021,MIAMI OPEN PRESENTED BY ITAú,True,True
Bianca Andreescu,2021,AUSTRALIAN OPEN,True,True
Bianca Fernandez,2025,OMNIUM BANQUE NATIONALE,True,False
Bianca Fernandez,2024,NATIONAL BANK OPEN,True,False
Bianca Fernandez,2022,NATIONAL BANK OPEN,True,False
Bille Jean King,2023,AUSTRALIAN OPEN,True,False
Billy Harris,2026,THE CHAMPIONSHIPS,True,False
Billy Harris,2026,UNITED CUP,True,True
Billy Harris,2025,THE CHAMPIONSHIPS,True,False
Billy Harris,2025,UNITED CUP,True,True
Billy Harris,2024,UNITED CUP,True,True
Billy Harris,2024,THE CHAMPIONSHIPS,True,False
Billy Harris,2024,CINCH CHAMPIONSHIPS,True,False
Bjorn Borg,2024,LAVER CUP,True,False
Bjorn Borg,2023,LAVER CUP,True,False
Bjorn Borg,2021,LAVER CUP,True,False
Bjorn Fratangelo,2025,AUSTRALIAN OPEN,True,True
Bob Bryan,2025,DAVIS CUP QULIFIERS 2ND ROUND: CZECHIA vs USA,True,False
Bob Bryan,2025,INTERNATIONAL TENNIS HALL OF FAME,True,True
Bob Bryan,2024,DAVIS CUP FINALS,True,False
Bob Bryan,2023,US OPEN,True,True
Bob Bryan,2020,DAVIS CUP QUALIFYING: USA VS UZBEKISTAN,True,True
Boris Becker,2020,ATP CUP,True,True
Borna Coric,2024,UNITED CUP,True,True
Borna Coric,2023,UNITED CUP,True,True
Borna Coric,2023,ROLAND GARROS,True,False
Borna Coric,2022,UNITED CUP,True,True
Borna Coric,2022,DAVIS CUP FINALS,True,False
Borna Coric,2022,WESTERN & SOUTHERN OPEN,True,False
Borna Coric,2022,ROLAND GARROS,True,False
Borna Coric,2020,US OPEN,True,False
Borna Coric,2020,ATP CUP,True,True
Borna Gojo,2023,UNITED CUP,True,True
Borna Gojo,2022,UNITED CUP,True,False
Borna Gojo,2022,DAVIS CUP FINALS,True,False
Borna Gojo,2021,DAVIS CUP FINALS,True,True
Botic Van De Zandschulp,2025,BNP PARIBAS OPEN,True,False
Botic Van De Zandschulp,2024,DAVIS CUP FINALS,True,True
Botic Van De Zandschulp,2024,US OPEN,True,False
Botic Van De Zandschulp,2023,DAVIS CUP FINALS,True,True
Botic Van De Zandschulp,2022,DAVIS CUP FINALS,True,False
Botic Van De Zandschulp,2022,THE CHAMPIONSHIPS,True,False
Botic Van De Zandschulp,2022,ROLAND GARROS,True,False
Botic Van De Zandschulp,2022,MELBOURNE SUMMER SET,True,False
Botic Van De Zandschulp,2021,US OPEN,True,False
Botic van de Zandschlup,2022,ROLAND GARROS,True,False
Brandon Holt,2022,US OPEN,True,False
Brandon Nakashima,2026,HSBC CHAMPIONSHIPS,True,False
Brandon Nakashima,2026,BRISBANE INTERNATIONAL,True,False
Brandon Nakashima,2024,US OPEN,True,False
Brandon Nakashima,2022,NEXT GEN ATP FINALS,True,False
Brandon Nakashima,2022,THE CHAMPIONSHIPS,True,False
Brandon Nakashima,2022,ATP CUP,True,True
Brandon Nakashima,2021,ATP CUP,True,True
Brandon Nakashima,2021,US OPEN,True,False
Brandon Nakashima,2021,CITI OPEN,True,False
Brayden Schnur,2022,ATP CUP,True,True
Brayden Schnur,2021,ATP CUP,True,True
Brayden Schnur,2021,DAVIS CUP FINALS,True,False
Brenda Fruhvirtova,2024,AUSTRALIAN OPEN,True,False
Brett Haber,2021,INTERNATIONAL TENNIS HALL OF FAME,True,False
Brian Hainline,2023,US OPEN,True,False
Bruno Kuzuhara,2022,AUSTRALIAN OPEN,True,False
Bruno Soares,2021,US OPEN,True,False
Bruno Soares,2020,NITTO ATP FINALS,True,False
Bruno Soares,2020,US OPEN,True,False
Bryan Shelton,2023,US OPEN,True,True
Bu Yunchaokete,2025,CHINA OPEN,True,False
Bu Yunchaokete,2024,ROLEX SHANGHAI MASTERS,True,True
Bu Yunchaokete,2024,CHINA OPEN,True,False
Bu Yunchaokete,2023,ROLEX SHANGHAI MASTERS,True,False
Cameron Norrie,2026,THE CHAMPIONSHIPS,True,True
Cameron Norrie,2026,AUSTRALIAN OPEN,True,True
Cameron Norrie,2025,ROLEX PARIS MASTERS,True,False
Cameron Norrie,2025,US OPEN,True,False
Cameron Norrie,2025,MUBADALA CITI DC OPEN,True,False
Cameron Norrie,2025,THE CHAMPIONSHIPS,True,False
Cameron Norrie,2025,HSBC CHAMPIONSHIPS,True,False
Cameron Norrie,2025,ROLAND GARROS,True,False
Cameron Norrie,2025,AUSTRALIAN OPEN,True,False
Cameron Norrie,2024,THE CHAMPIONSHIPS,True,False
Cameron Norrie,2024,CINCH CHAMPIONSHIPS,True,False
Cameron Norrie,2024,AUSTRALIAN OPEN,True,True
Cameron Norrie,2023,UNITED CUP,True,True
Cameron Norrie,2023,DAVIS CUP FINALS,True,True
Cameron Norrie,2023,US OPEN,True,False
Cameron Norrie,2023,THE CHAMPIONSHIPS,True,True
Cameron Norrie,2023,CINCH CHAMPIONSHIPS,True,False
Cameron Norrie,2023,ROLAND GARROS,True,False
Cameron Norrie,2023,AUSTRALIAN OPEN,True,False
Cameron Norrie,2022,UNITED CUP,True,False
Cameron Norrie,2022,LAVER CUP,True,False
Cameron Norrie,2022,DAVIS CUP FINALS,True,False
Cameron Norrie,2022,US OPEN,True,False
Cameron Norrie,2022,THE CHAMPIONSHIPS,True,True
Cameron Norrie,2022,ROLAND GARROS,True,False
Cameron Norrie,2022,INTERNAZIONALI BNL D'ITALIA,True,False
Cameron Norrie,2022,MIAMI OPEN PRESENTED BY ITAú,True,False
Cameron Norrie,2022,BNP PARIBAS OPEN,True,False
Cameron Norrie,2022,AUSTRALIAN OPEN,True,False
Cameron Norrie,2022,ATP CUP,True,False
Cameron Norrie,2021,ATP CUP,True,True
Cameron Norrie,2021,DAVIS CUP FINALS,True,True
Cameron Norrie,2021,NITTO ATP FINALS,True,False
Cameron Norrie,2021,ROLEX PARIS MASTERS,True,False
Cameron Norrie,2021,BNP PARIBAS OPEN,True,False
Cameron Norrie,2021,THE CHAMPIONSHIPS,True,False
Cameron Norrie,2021,CINCH CHAMPIONSHIPS,True,False
Cameron Norrie,2021,ROLAND GARROS,True,False
Cameron Norrie,2021,AUSTRALIAN OPEN,True,False
Cameron Norrie,2020,ROLAND GARROS,True,False
Cameron Norrie,2020,ATP CUP,True,True
Camila Giorgi,2023,OMNIUM BANQUE NATIONALE,True,False
Camila Giorgi,2023,AUSTRALIAN OPEN,True,False
Camila Giorgi,2022,ROLAND GARROS,True,False
Camila Giorgi,2022,AUSTRALIAN OPEN,True,False
Camila Giorgi,2021,OMNIUM BANQUE NATIONALE,True,False
Camila Giorgi,2021,VIKING INTERNATIONAL,True,False
Camila Osorio,2023,ROLAND GARROS,True,False
Camila Osorio,2022,ROLAND GARROS,True,False
Camila Rosatello,2023,UNITED CUP,True,False
Camila Rosatello,2022,UNITED CUP,True,True
Camilo Ugo Carabelli,2022,ROLAND GARROS,True,False
Captain Adrians Zguns,2020,BNP PARIBAS FED CUP: USA VS LATVIA,True,False
Captain Alberto Giraudo,2020,ATP CUP,True,False
Captain Bruguera,2022,DAVIS CUP FINALS,True,False
Captain Coria,2022,DAVIS CUP FINALS,True,False
Captain Dancevic,2022,DAVIS CUP FINALS,True,False
Captain Farrukh Dustov,2020,DAVIS CUP QUALIFYING: USA VS UZBEKISTAN,True,False
Captain Francisco Roig,2020,ATP CUP,True,False
Captain Haarhuis,2022,DAVIS CUP FINALS,True,False
Captain Hedsberg,2022,DAVIS CUP FINALS,True,False
Captain Kathy,2023,BILLIE JEAN KING CUP,True,False
Captain Kathy Rinaldi,2020,BNP PARIBAS FED CUP: USA VS LATVIA,True,False
Captain Mardy Fish,2020,DAVIS CUP QUALIFYING: USA VS UZBEKISTAN,True,False
Captain Martic,2022,DAVIS CUP FINALS,True,False
Captain Park,2022,DAVIS CUP FINALS,True,False
Captain Smith,2022,DAVIS CUP FINALS,True,False
Captain Troicki,2022,DAVIS CUP FINALS,True,False
Captain Vedran,2022,DAVIS CUP FINALS,True,False
Captain Volandri,2022,DAVIS CUP FINALS,True,False
Carla Suarez Navarro,2021,US OPEN,True,False
Carla Suarez Navarro,2021,THE CHAMPIONSHIPS,True,False
Carla Suarez Navarro,2021,ROLAND GARROS,True,False
Carlos Alcaraz,2025,THE CHAMPIONSHIPS,True,False
Carlos Cuadrado,2025,AUSTRALIAN OPEN,True,True
Carlos Taberner,2026,UNITED CUP,True,True
Carlos Taberner,2024,UNITED CUP,True,True
Carol Zhao,2023,OMNIUM BANQUE NATIONALE,True,False
Carol Zhao,2022,NATIONAL BANK OPEN,True,False
Carol Zhao,2021,OMNIUM BANQUE NATIONALE,True,False
Carolina Alves,2024,UNITED CUP,True,True
Caroline Dolehide,2024,BILLIE JEAN KING CUP,True,False
Caroline Dolehide,2024,NATIONAL BANK OPEN,True,False
Caroline Dolehide,2024,MUBADALA CITI DC OPEN,True,False
Caroline Dolehide,2024,BILLIE JEAN KING CUP: USA VS BELGIUM,True,False
Caroline Dolehide,2023,GUADALAJARA OPEN,True,False
Caroline Garcia,2025,US OPEN,True,False
Caroline Garcia,2025,ROLAND GARROS,True,True
Caroline Garcia,2025,AUSTRALIAN OPEN,True,True
Caroline Garcia,2024,ROLAND GARROS,True,False
Caroline Garcia,2024,MIAMI OPEN PRESENTED BY ITAú,True,False
Caroline Garcia,2024,QATAR TOTAL ENERGIES OPEN,True,False
Caroline Garcia,2024,AUSTRALIAN OPEN,True,False
Caroline Garcia,2024,UNITED CUP,True,True
Caroline Garcia,2023,BILLIE JEAN KING CUP,True,True
Caroline Garcia,2023,GUADALAJARA OPEN,True,False
Caroline Garcia,2023,THE CHAMPIONSHIPS,True,False
Caroline Garcia,2023,ROLAND GARROS,True,True
Caroline Garcia,2023,PORSCHE TENNIS GRAND PRIX,True,False
Caroline Garcia,2023,BNP PARIBAS OPEN,True,False
Caroline Garcia,2023,DUBAI DUTY FREE TENNIS CHAMPIONSHIPS,True,True
Caroline Garcia,2023,QATAR TOTAL ENERGIES OPEN,True,True
Caroline Garcia,2023,AUSTRALIAN OPEN,True,True
Caroline Garcia,2022,UNITED CUP,True,True
Caroline Garcia,2022,WTA FINALS,True,True
Caroline Garcia,2022,US OPEN,True,False
Caroline Garcia,2022,WESTERN & SOUTHERN OPEN,True,False
Caroline Garcia,2022,THE CHAMPIONSHIPS,True,False
Caroline Garcia,2022,ROLAND GARROS,True,False
Caroline Garcia,2021,INTERNAZIONALI BNL D'ITALIA,True,False
Caroline Garcia,2021,AUSTRALIAN OPEN,True,False
Caroline Garcia,2020,ROLAND GARROS,True,False
Caroline Garcia,2020,INTERNAZIONALI BNL D'ITALIA,True,False
Caroline Garcia,2020,WESTERN & SOUTHERN OPEN,True,False
Caroline Wozniacki,2024,US OPEN,True,False
Caroline Wozniacki,2024,THE CHAMPIONSHIPS,True,False
Caroline Wozniacki,2024,MIAMI OPEN PRESENTED BY ITAú,True,False
Caroline Wozniacki,2024,BNP PARIBAS OPEN,True,False
Caroline Wozniacki,2024,AUSTRALIAN OPEN,True,True
Caroline Wozniacki,2023,US OPEN,True,True
Caroline Wozniacki,2023,WESTERN & SOUTHERN OPEN,True,False
Caroline Wozniacki,2023,OMNIUM BANQUE NATIONALE,True,False
Caroline Wozniacki,2020,AUSTRALIAN OPEN,True,True
Caroline Wozniaki,2023,OMNIUM BANQUE NATIONALE,True,False
Casper Ruud,2026,ROLAND GARROS,True,False
Casper Ruud,2026,INTERNAZIONALI BNL D'ITALIA,True,False
Casper Ruud,2026,MUTUA MADRID OPEN,True,False
Casper Ruud,2026,UNITED CUP,True,True
Casper Ruud,2025,LAVER CUP,True,True
Casper Ruud,2025,US OPEN,True,False
Casper Ruud,2025,ROLAND GARROS,True,True
Casper Ruud,2025,INTERNAZIONALI BNL D'ITALIA,True,False
Casper Ruud,2025,MUTUA MADRID OPEN,True,False
Casper Ruud,2025,AUSTRALIAN OPEN,True,False
Casper Ruud,2024,UNITED CUP,True,True
Casper Ruud,2024,NITTO ATP FINALS,True,False
Casper Ruud,2024,LAVER CUP,True,False
Casper Ruud,2024,THE CHAMPIONSHIPS,True,False
Casper Ruud,2024,ROLAND GARROS,True,True
Casper Ruud,2024,ROLEX MONTE-CARLO MASTERS,True,False
Casper Ruud,2024,BNP PARIBAS OPEN,True,False
Casper Ruud,2024,AUSTRALIAN OPEN,True,False
Casper Ruud,2023,UNITED CUP,True,True
Casper Ruud,2023,ROLEX SHANGHAI MASTERS,True,False
Casper Ruud,2023,LAVER CUP,True,True
Casper Ruud,2023,US OPEN,True,False
Casper Ruud,2023,THE CHAMPIONSHIPS,True,False
Casper Ruud,2023,ROLAND GARROS,True,True
Casper Ruud,2023,INTERNAZIONALI BNL D'ITALIA,True,True
Casper Ruud,2023,AUSTRALIAN OPEN,True,True
Casper Ruud,2022,UNITED CUP,True,True
Casper Ruud,2022,NITTO ATP FINALS,True,False
Casper Ruud,2022,LAVER CUP,True,False
Casper Ruud,2022,US OPEN,True,False
Casper Ruud,2022,OMNIUM BANQUE NATIONALE,True,False
Casper Ruud,2022,THE CHAMPIONSHIPS,True,False
Casper Ruud,2022,ROLAND GARROS,True,False
Casper Ruud,2022,INTERNAZIONALI BNL D'ITALIA,True,False
Casper Ruud,2022,MIAMI OPEN PRESENTED BY ITAú,True,False
Casper Ruud,2022,AUSTRALIAN OPEN,True,True
Casper Ruud,2021,ATP CUP,True,True
Casper Ruud,2021,NITTO ATP FINALS,True,False
Casper Ruud,2021,BNP PARIBAS OPEN,True,False
Casper Ruud,2021,LAVER CUP,True,True
Casper Ruud,2021,WESTERN & SOUTHERN OPEN,True,False
Casper Ruud,2021,NATIONAL BANK OPEN,True,False
Casper Ruud,2021,ROLAND GARROS,True,False
Casper Ruud,2021,MUTUA MADRID OPEN,True,False
Casper Ruud,2021,ROLEX MONTE-CARLO MASTERS,True,False
Casper Ruud,2021,AUSTRALIAN OPEN,True,False
Casper Ruud,2021,MURRAY RIVER OPEN,True,False
Casper Ruud,2020,ROLAND GARROS,True,False
Casper Ruud,2020,INTERNAZIONALI BNL D'ITALIA,True,False
Casper Ruud,2020,ATP CUP,True,True
Caty McNally,2023,BILLIE JEAN KING CUP,True,True
Caty McNally,2022,BILLIE JEAN KING CUP,True,False
Caty McNally,2022,US OPEN,True,False
Caty McNally,2022,WESTERN & SOUTHERN OPEN,True,False
Caty McNally,2021,US OPEN,True,True
Caty McNally,2021,WESTERN & SOUTHERN OPEN,True,True
Cedric Pioline,2025,ROLEX PARIS MASTERS,True,True
Cedric Pioline,2022,ROLEX PARIS MASTERS,True,True
Celine Naef,2024,UNITED CUP,True,False
Celine Naef,2023,BILLIE JEAN KING CUP,True,True
Charles Broom,2025,UNITED CUP,True,True
Charles Broom,2024,UNITED CUP,True,True
Charlotte Maria,2024,UNITED CUP,True,True
Chen Jie,2025,CHINA OPEN,True,True
Chen Jie,2023,CHINA OPEN,True,True
Chloe Paquet,2024,UNITED CUP,True,True
Chloe Paquet,2024,ROLAND GARROS,True,False
Chris Guccione,2020,ATP CUP,True,False
Chris O'Connell,2024,ADELAIDE INTERNATIONAL,True,False
Christian Harrison,2026,AUSTRALIAN OPEN,True,False
Christian Harrison,2026,UNITED CUP,True,True
Christian Harrison,2025,US OPEN,True,False
Christian Ruud,2026,UNITED CUP,True,True
Christian Ruud,2024,UNITED CUP,True,False
Christian Ruud,2023,UNITED CUP,True,False
Christian Ruud,2022,US OPEN,True,True
Christian Ruud,2021,ATP CUP,True,True
Christian Ruud,2020,ATP CUP,True,True
Christiane Amanpour,2023,US OPEN,True,False
Christopher Eubanks,2023,US OPEN,True,False
Christopher Eubanks,2023,NATIONAL BANK OPEN,True,False
Christopher Eubanks,2023,MUBADALA CITI DC OPEN,True,True
Christopher Eubanks,2023,THE CHAMPIONSHIPS,True,False
Christopher Eubanks,2023,MIAMI OPEN PRESENTED BY ITAú,True,False
Christopher Heyman,2026,UNITED CUP,True,True
Christopher O'Connell,2024,AUSTRALIAN OPEN,True,False
Christopher O'Connell,2022,AUSTRALIAN OPEN,True,False
Christopher O'Connell,2021,AUSTRALIAN OPEN,True,False
Clara Burel,2024,AUSTRALIAN OPEN,True,False
Clara Burel,2023,BILLIE JEAN KING CUP,True,False
Clara Tauson,2025,OMNIUM BANQUE NATIONALE,True,False
Clara Tauson,2025,THE CHAMPIONSHIPS,True,False
Clara Tauson,2025,DUBAI DUTY FREE TENNIS CHAMPIONSHIPS,True,False
Clara Tauson,2025,AUSTRALIAN OPEN,True,True
Clara Tauson,2024,ROLAND GARROS,True,False
Clara Tauson,2023,ROLAND GARROS,True,False
Clara Tauson,2022,AUSTRALIAN OPEN,True,False
Clara Tauson,2022,MELBOURNE SUMMER SET,True,False
Clara Tauson,2021,ROLAND GARROS,True,False
Cleeve Harper,2026,UNITED CUP,True,True
Clervie Ngounoue,2025,MUBADALA CITI DC OPEN,True,False
Clervie Ngounoue,2023,THE CHAMPIONSHIPS,True,False
Coco Gauff,2026,THE CHAMPIONSHIPS,True,True
Coco Gauff,2026,ROLAND GARROS,True,True
Coco Gauff,2026,INTERNAZIONALI BNL D'ITALIA,True,True
Coco Gauff,2026,PORSCHE TENNIS GRAND PRIX,True,True
Coco Gauff,2026,MIAMI OPEN PRESENTED BY ITAú,True,False
Coco Gauff,2026,BNP PARIBAS OPEN,True,True
Coco Gauff,2026,DUBAI DUTY FREE TENNIS CHAMPIONSHIPS,True,True
Coco Gauff,2026,QATAR TOTAL ENERGIES OPEN,True,True
Coco Gauff,2026,AUSTRALIAN OPEN,True,True
Coco Gauff,2026,UNITED CUP,True,True
Coco Gauff,2025,CHINA OPEN,True,True
Coco Gauff,2025,US OPEN,True,True
Coco Gauff,2025,OMNIUM BANQUE NATIONALE,True,True
Coco Gauff,2025,THE CHAMPIONSHIPS,True,True
Coco Gauff,2025,ROLAND GARROS,True,True
Coco Gauff,2025,INTERNAZIONALI BNL D'ITALIA,True,True
Coco Gauff,2025,MUTUA MADRID OPEN,True,False
Coco Gauff,2025,PORSCHE TENNIS GRAND PRIX,True,False
Coco Gauff,2025,MIAMI OPEN PRESENTED BY ITAú,True,False
Coco Gauff,2025,BNP PARIBAS OPEN,True,True
Coco Gauff,2025,DUBAI DUTY FREE TENNIS CHAMPIONSHIPS,True,True
Coco Gauff,2025,QATAR TOTAL ENERGIES OPEN,True,True
Coco Gauff,2025,AUSTRALIAN OPEN,True,True
Coco Gauff,2025,UNITED CUP,True,True
Coco Gauff,2024,UNITED CUP,True,True
Coco Gauff,2024,WTA FINALS,True,True
Coco Gauff,2024,CHINA OPEN,True,False
Coco Gauff,2024,US OPEN,True,True
Coco Gauff,2024,NATIONAL BANK OPEN,True,False
Coco Gauff,2024,THE CHAMPIONSHIPS,True,False
Coco Gauff,2024,ROLAND GARROS,True,False
Coco Gauff,2024,INTERNAZIONALI BNL D'ITALIA,True,True
Coco Gauff,2024,PORSCHE TENNIS GRAND PRIX,True,True
Coco Gauff,2024,MIAMI OPEN PRESENTED BY ITAú,True,False
Coco Gauff,2024,BNP PARIBAS OPEN,True,False
Coco Gauff,2024,DUBAI DUTY FREE TENNIS CHAMPIONSHIPS,True,True
Coco Gauff,2024,QATAR TOTAL ENERGIES OPEN,True,True
Coco Gauff,2024,AUSTRALIAN OPEN,True,True
Coco Gauff,2023,WTA FINALS,True,True
Coco Gauff,2023,CHINA OPEN,True,False
Coco Gauff,2023,US OPEN,True,True
Coco Gauff,2023,WESTERN & SOUTHERN OPEN,True,False
Coco Gauff,2023,OMNIUM BANQUE NATIONALE,True,True
Coco Gauff,2023,MUBADALA CITI DC OPEN,True,True
Coco Gauff,2023,THE CHAMPIONSHIPS,True,True
Coco Gauff,2023,ROTHESAY INTERNATIONAL,True,False
Coco Gauff,2023,ROLAND GARROS,True,True
Coco Gauff,2023,INTERNAZIONALI BNL D'ITALIA,True,True
Coco Gauff,2023,PORSCHE TENNIS GRAND PRIX,True,True
Coco Gauff,2023,BILLIE JEAN KING CUP,True,True
Coco Gauff,2023,MIAMI OPEN PRESENTED BY ITAú,True,False
Coco Gauff,2023,BNP PARIBAS OPEN,True,False
Coco Gauff,2023,DUBAI DUTY FREE TENNIS CHAMPIONSHIPS,True,False
Coco Gauff,2023,QATAR TOTAL ENERGIES OPEN,True,True
Coco Gauff,2023,AUSTRALIAN OPEN,True,True
Coco Gauff,2022,BILLIE JEAN KING CUP,True,False
Coco Gauff,2022,WTA FINALS,True,True
Coco Gauff,2022,GUADALAJARA OPEN,True,False
Coco Gauff,2022,US OPEN,True,True
Coco Gauff,2022,NATIONAL BANK OPEN,True,False
Coco Gauff,2022,THE CHAMPIONSHIPS,True,True
Coco Gauff,2022,ROLAND GARROS,True,False
Coco Gauff,2022,INTERNAZIONALI BNL D'ITALIA,True,False
Coco Gauff,2022,MIAMI OPEN PRESENTED BY ITAú,True,True
Coco Gauff,2022,BNP PARIBAS OPEN,True,False
Coco Gauff,2022,QATAR TOTAL ENERGIES OPEN,True,False
Coco Gauff,2022,AUSTRALIAN OPEN,True,True
Coco Gauff,2022,ADELAIDE INTERNATIONAL,True,False
Coco Gauff,2021,US OPEN,True,True
Coco Gauff,2021,WESTERN & SOUTHERN OPEN,True,True
Coco Gauff,2021,OMNIUM BANQUE NATIONALE,True,True
Coco Gauff,2021,CITI OPEN,True,True
Coco Gauff,2021,THE CHAMPIONSHIPS,True,False
Coco Gauff,2021,ROLAND GARROS,True,False
Coco Gauff,2021,INTERNAZIONALI BNL D'ITALIA,True,False
Coco Gauff,2021,MIAMI OPEN PRESENTED BY ITAú,True,False
Coco Gauff,2021,ADELAIDE INTERNATIONAL,True,False
Coco Gauff,2021,AUSTRALIAN OPEN,True,False
Coco Gauff,2021,GIPPSLAND TROPHY,True,False
Coco Gauff,2020,ROLAND GARROS,True,False
Coco Gauff,2020,INTERNAZIONALI BNL D'ITALIA,True,False
Coco Gauff,2020,US OPEN,True,True
Coco Gauff,2020,WESTERN & SOUTHERN OPEN,True,True
Coco Gauff,2020,BNP PARIBAS FED CUP: USA VS LATVIA,True,False
Coco Gauff,2020,AUSTRALIAN OPEN,True,False
Colin Beecher,2023,UNITED CUP,True,False
Conchita Martinez,2026,ROLAND GARROS,True,True
Conchita Martinez,2021,INTERNATIONAL TENNIS HALL OF FAME,True,True
Conchita Martinez,2020,AUSTRALIAN OPEN,True,True
Conny Perrin,2024,UNITED CUP,True,True
Constant Lestienne,2023,ROLAND GARROS,True,False
Corentin Moutet,2026,ROLAND GARROS,True,True
Corentin Moutet,2026,AUSTRALIAN OPEN,True,False
Corentin Moutet,2025,ROLEX PARIS MASTERS,True,False
Corentin Moutet,2025,MUBADALA CITI DC OPEN,True,False
Corentin Moutet,2025,ROLAND GARROS,True,True
Corentin Moutet,2025,INTERNAZIONALI BNL D'ITALIA,True,False
Corentin Moutet,2025,AUSTRALIAN OPEN,True,False
Corentin Moutet,2024,UNITED CUP,True,True
Corentin Moutet,2024,ROLAND GARROS,True,False
Corentin Moutet,2023,ROLAND GARROS,True,False
Corentin Moutet,2022,ROLEX PARIS MASTERS,True,False
Corentin Moutet,2022,US OPEN,True,False
Corentin Moutet,2022,ROLAND GARROS,True,False
Corentin Moutet,2022,AUSTRALIAN OPEN,True,False
Corentin Moutet,2021,MURRAY RIVER OPEN,True,False
Corentin Moutet,2020,ROLEX PARIS MASTERS,True,False
Corentin Moutet,2020,ROLAND GARROS,True,False
Corentin Moutet,2020,QATAR EXXONMOBIL OPEN,True,False
Cori Gauff,2020,BNP PARIBAS FED CUP: USA VS LATVIA,True,True
Cori Gauff,2020,AUSTRALIAN OPEN,True,False
Craig Tyzzer,2022,AUSTRALIAN OPEN,True,True
Craig Tyzzer,2021,THE CHAMPIONSHIPS,True,True
Craig Tyzzer,2021,AUSTRALIAN OPEN,True,True
Craig Tyzzer,2020,ADELAIDE INTERNATIONAL,True,True
Cristian Garin,2022,THE CHAMPIONSHIPS,True,False
Cristian Garin,2022,ROLAND GARROS,True,False
Cristian Garin,2022,AUSTRALIAN OPEN,True,False
Cristian Garin,2022,ATP CUP,True,False
Cristian Garin,2021,ATP CUP,True,True
Cristian Garin,2020,ATP CUP,True,True
Cristina Bucsa,2023,BILLIE JEAN KING CUP,True,False
Cristina Busca,2025,BILLIE JEAN KING CUP,True,False
DMITRY POPKO,2024,UNITED CUP,True,True
Dahnon Ward,2022,US OPEN,True,False
Daivd Witt,2023,UNITED CUP,True,False
Dalibor Svrcina,2026,UNITED CUP,True,False
Dan Evans,2025,THE CHAMPIONSHIPS,True,False
Dan Evans,2022,ROLAND GARROS,True,False
Dan Evans,2022,AUSTRALIAN OPEN,True,False
Dan Evans,2021,MURRAY RIVER OPEN,True,False
Dan Faber,2025,INTERNATIONAL TENNIS HALL OF FAME,True,True
Dan Faber,2024,INTERNATIONAL TENNIS HALL OF FAME,True,False
Dan Faber,2023,INTERNATIONAL TENNIS HALL OF FAME,True,False
Dan Martin,2025,NATIONAL BANK OPEN,True,False
Dane Sweeny,2026,AUSTRALIAN OPEN,True,False
Dane Sweeny,2024,AUSTRALIAN OPEN,True,False
Dani Vallverdu,2020,BRISBANE INTERNATIONAL,True,True
Daniel Altmaier,2025,ROLAND GARROS,True,False
Daniel Altmaier,2024,DAVIS CUP FINALS,True,False
Daniel Altmaier,2023,ROLAND GARROS,True,False
Daniel Altmaier,2020,ROLAND GARROS,True,False
Daniel Elahi Galan,2021,DAVIS CUP FINALS,True,True
Daniel Elahi Galan,2020,ROLAND GARROS,True,False
Daniel Evans,2026,THE CHAMPIONSHIPS,True,False
Daniel Evans,2025,MUBADALA CITI DC OPEN,True,False
Daniel Evans,2025,THE CHAMPIONSHIPS,True,False
Daniel Evans,2025,HSBC CHAMPIONSHIPS,True,False
Daniel Evans,2024,US OPEN,True,False
Daniel Evans,2024,THE CHAMPIONSHIPS,True,False
Daniel Evans,2024,CINCH CHAMPIONSHIPS,True,False
Daniel Evans,2024,ROLAND GARROS,True,False
Daniel Evans,2024,AUSTRALIAN OPEN,True,True
Daniel Evans,2023,UNITED CUP,True,True
Daniel Evans,2023,MUBADALA CITI DC OPEN,True,False
Daniel Evans,2023,THE CHAMPIONSHIPS,True,True
Daniel Evans,2023,CINCH CHAMPIONSHIPS,True,False
Daniel Evans,2023,ROLAND GARROS,True,False
Daniel Evans,2023,AUSTRALIAN OPEN,True,False
Daniel Evans,2022,DAVIS CUP FINALS,True,False
Daniel Evans,2022,US OPEN,True,False
Daniel Evans,2022,OMNIUM BANQUE NATIONALE,True,False
Daniel Evans,2022,THE CHAMPIONSHIPS,True,False
Daniel Evans,2022,AUSTRALIAN OPEN,True,False
Daniel Evans,2022,SYDNEY TENNIS CLASSIC,True,False
Daniel Evans,2022,ATP CUP,True,False
Daniel Evans,2021,ATP CUP,True,True
Daniel Evans,2021,DAVIS CUP FINALS,True,True
Daniel Evans,2021,BNP PARIBAS OPEN,True,False
Daniel Evans,2021,US OPEN,True,False
Daniel Evans,2021,CITI OPEN,True,False
Daniel Evans,2021,THE CHAMPIONSHIPS,True,True
Daniel Evans,2021,CINCH CHAMPIONSHIPS,True,False
Daniel Evans,2021,ROLAND GARROS,True,False
Daniel Evans,2021,ROLEX MONTE-CARLO MASTERS,True,False
Daniel Evans,2021,QATAR EXXONMOBIL OPEN,True,False
Daniel Evans,2021,AUSTRALIAN OPEN,True,False
Daniel Evans,2021,MURRAY RIVER OPEN,True,False
Daniel Evans,2020,ROLEX PARIS MASTERS,True,False
Daniel Evans,2020,ROLAND GARROS,True,False
Daniel Evans,2020,WESTERN & SOUTHERN OPEN,True,False
Daniel Evans,2020,DUBAI DUTY FREE TENNIS CHAMPIONSHIPS,True,False
Daniel Evans,2020,ATP CUP,True,True
Daniel Masur,2024,UNITED CUP,True,True
Daniel Merida,2026,MUTUA MADRID OPEN,True,False
Daniel Michalski,2026,UNITED CUP,True,False
Daniel Michalski,2023,UNITED CUP,True,True
Daniel Vacek,2024,UNITED CUP,True,False
Daniela Vismane,2020,BNP PARIBAS FED CUP: USA VS LATVIA,True,False
Danielle Collins,2025,US OPEN,True,False
Danielle Collins,2025,ROLAND GARROS,True,False
Danielle Collins,2025,INTERNAZIONALI BNL D'ITALIA,True,False
Danielle Collins,2025,AUSTRALIAN OPEN,True,True
Danielle Collins,2025,UNITED CUP,True,True
Danielle Collins,2024,UNITED CUP,True,True
Danielle Collins,2024,BILLIE JEAN KING CUP,True,True
Danielle Collins,2024,US OPEN,True,False
Danielle Collins,2024,THE CHAMPIONSHIPS,True,False
Danielle Collins,2024,ROLAND GARROS,True,False
Danielle Collins,2024,MIAMI OPEN PRESENTED BY ITAú,True,False
Danielle Collins,2024,QATAR TOTAL ENERGIES OPEN,True,False
Danielle Collins,2024,AUSTRALIAN OPEN,True,False
Danielle Collins,2023,BILLIE JEAN KING CUP,True,True
Danielle Collins,2023,OMNIUM BANQUE NATIONALE,True,False
Danielle Collins,2023,AUSTRALIAN OPEN,True,True
Danielle Collins,2022,ADELAIDE INTERNATIONAL,True,True
Danielle Collins,2022,BILLIE JEAN KING CUP,True,False
Danielle Collins,2022,US OPEN,True,False
Danielle Collins,2022,MIAMI OPEN PRESENTED BY ITAú,True,True
Danielle Collins,2022,AUSTRALIAN OPEN,True,False
Danielle Collins,2021,ROLAND GARROS,True,False
Danielle Collins,2021,ADELAIDE INTERNATIONAL,True,False
Danielle Collins,2020,ROLAND GARROS,True,False
Danii Medvedev,2023,ROLEX MONTE-CARLO MASTERS,True,False
Daniil Medvedev,2026,THE CHAMPIONSHIPS,True,False
Daniil Medvedev,2026,ROLAND GARROS,True,True
Daniil Medvedev,2026,INTERNAZIONALI BNL D'ITALIA,True,False
Daniil Medvedev,2026,MUTUA MADRID OPEN,True,False
Daniil Medvedev,2026,BNP PARIBAS OPEN,True,False
Daniil Medvedev,2026,DUBAI DUTY FREE TENNIS CHAMPIONSHIPS,True,True
Daniil Medvedev,2026,AUSTRALIAN OPEN,True,True
Daniil Medvedev,2026,BRISBANE INTERNATIONAL,True,True
Daniil Medvedev,2025,ROLEX SHANGHAI MASTERS,True,False
Daniil Medvedev,2025,CHINA OPEN,True,False
Daniil Medvedev,2025,US OPEN,True,False
Daniil Medvedev,2025,MUBADALA CITI DC OPEN,True,False
Daniil Medvedev,2025,THE CHAMPIONSHIPS,True,False
Daniil Medvedev,2025,ROLAND GARROS,True,True
Daniil Medvedev,2025,MUTUA MADRID OPEN,True,False
Daniil Medvedev,2025,MIAMI OPEN PRESENTED BY ITAú,True,False
Daniil Medvedev,2025,BNP PARIBAS OPEN,True,True
Daniil Medvedev,2025,DUBAI DUTY FREE TENNIS CHAMPIONSHIPS,True,False
Daniil Medvedev,2025,QATAR EXXONMOBIL OPEN,True,False
Daniil Medvedev,2025,AUSTRALIAN OPEN,True,True
Daniil Medvedev,2024,NITTO ATP FINALS,True,False
Daniil Medvedev,2024,ROLEX PARIS MASTERS,True,False
Daniil Medvedev,2024,ROLEX SHANGHAI MASTERS,True,False
Daniil Medvedev,2024,CHINA OPEN,True,True
Daniil Medvedev,2024,LAVER CUP,True,False
Daniil Medvedev,2024,US OPEN,True,False
Daniil Medvedev,2024,OMNIUM BANQUE NATIONALE,True,False
Daniil Medvedev,2024,THE CHAMPIONSHIPS,True,False
Daniil Medvedev,2024,ROLAND GARROS,True,False
Daniil Medvedev,2024,INTERNAZIONALI BNL D'ITALIA,True,True
Daniil Medvedev,2024,MUTUA MADRID OPEN,True,False
Daniil Medvedev,2024,ROLEX MONTE-CARLO MASTERS,True,False
Daniil Medvedev,2024,MIAMI OPEN PRESENTED BY ITAú,True,False
Daniil Medvedev,2024,BNP PARIBAS OPEN,True,False
Daniil Medvedev,2024,DUBAI DUTY FREE TENNIS CHAMPIONSHIPS,True,True
Daniil Medvedev,2024,AUSTRALIAN OPEN,True,True
Daniil Medvedev,2023,NITTO ATP FINALS,True,False
Daniil Medvedev,2023,ROLEX PARIS MASTERS,True,False
Daniil Medvedev,2023,ROLEX SHANGHAI MASTERS,True,True
Daniil Medvedev,2023,CHINA OPEN,True,True
Daniil Medvedev,2023,US OPEN,True,True
Daniil Medvedev,2023,NATIONAL BANK OPEN,True,False
Daniil Medvedev,2023,THE CHAMPIONSHIPS,True,True
Daniil Medvedev,2023,ROLAND GARROS,True,True
Daniil Medvedev,2023,INTERNAZIONALI BNL D'ITALIA,True,True
Daniil Medvedev,2023,MUTUA MADRID OPEN,True,True
Daniil Medvedev,2023,ROLEX MONTE-CARLO MASTERS,True,False
Daniil Medvedev,2023,MIAMI OPEN PRESENTED BY ITAú,True,False
Daniil Medvedev,2023,BNP PARIBAS OPEN,True,False
Daniil Medvedev,2023,DUBAI DUTY FREE TENNIS CHAMPIONSHIPS,True,False
Daniil Medvedev,2023,QATAR EXXONMOBIL OPEN,True,False
Daniil Medvedev,2023,AUSTRALIAN OPEN,True,False
Daniil Medvedev,2023,ADELAIDE INTERNATIONAL,True,True
Daniil Medvedev,2022,NITTO ATP FINALS,True,False
Daniil Medvedev,2022,ROLEX PARIS MASTERS,True,False
Daniil Medvedev,2022,US OPEN,True,True
Daniil Medvedev,2022,WESTERN & SOUTHERN OPEN,True,False
Daniil Medvedev,2022,OMNIUM BANQUE NATIONALE,True,True
Daniil Medvedev,2022,ROLAND GARROS,True,True
Daniil Medvedev,2022,MIAMI OPEN PRESENTED BY ITAú,True,True
Daniil Medvedev,2022,BNP PARIBAS OPEN,True,False
Daniil Medvedev,2022,AUSTRALIAN OPEN,True,True
Daniil Medvedev,2022,ATP CUP,True,False
Daniil Medvedev,2021,ATP CUP,True,True
Daniil Medvedev,2021,DAVIS CUP FINALS,True,True
Daniil Medvedev,2021,NITTO ATP FINALS,True,False
Daniil Medvedev,2021,ROLEX PARIS MASTERS,True,True
Daniil Medvedev,2021,BNP PARIBAS OPEN,True,False
Daniil Medvedev,2021,LAVER CUP,True,True
Daniil Medvedev,2021,US OPEN,True,True
Daniil Medvedev,2021,WESTERN & SOUTHERN OPEN,True,True
Daniil Medvedev,2021,NATIONAL BANK OPEN,True,False
Daniil Medvedev,2021,THE CHAMPIONSHIPS,True,True
Daniil Medvedev,2021,ROLAND GARROS,True,False
Daniil Medvedev,2021,INTERNAZIONALI BNL D'ITALIA,True,True
Daniil Medvedev,2021,MUTUA MADRID OPEN,True,True
Daniil Medvedev,2021,ROLEX MONTE-CARLO MASTERS,True,True
Daniil Medvedev,2021,MIAMI OPEN PRESENTED BY ITAú,True,True
Daniil Medvedev,2021,AUSTRALIAN OPEN,True,True
Daniil Medvedev,2020,NITTO ATP FINALS,True,False
Daniil Medvedev,2020,ROLEX PARIS MASTERS,True,True
Daniil Medvedev,2020,ROLAND GARROS,True,True
Daniil Medvedev,2020,US OPEN,True,True
Daniil Medvedev,2020,WESTERN & SOUTHERN OPEN,True,True
Daniil Medvedev,2020,AUSTRALIAN OPEN,True,True
Daniil Medvedev,2020,ATP CUP,True,True
Danka Kovinic,2022,US OPEN,True,False
Danka Kovinic,2022,AUSTRALIAN OPEN,True,False
Daria Gavrilova,2021,AUSTRALIAN OPEN,True,False
Daria Gavrilova,2020,ROLAND GARROS,True,False
Daria Kasatkina,2026,ROLAND GARROS,True,False
Daria Kasatkina,2026,AUSTRALIAN OPEN,True,True
Daria Kasatkina,2026,BRISBANE INTERNATIONAL,True,True
Daria Kasatkina,2025,ROLAND GARROS,True,True
Daria Kasatkina,2025,AUSTRALIAN OPEN,True,False
Daria Kasatkina,2024,ROTHESAY INTERNATIONAL,True,False
Daria Kasatkina,2024,ROLAND GARROS,True,False
Daria Kasatkina,2023,THE CHAMPIONSHIPS,True,False
Daria Kasatkina,2023,ROTHESAY INTERNATIONAL,True,False
Daria Kasatkina,2023,ROLAND GARROS,True,False
Daria Kasatkina,2022,WTA FINALS,True,True
Daria Kasatkina,2022,ROLAND GARROS,True,False
Daria Kasatkina,2022,INTERNAZIONALI BNL D'ITALIA,True,False
Daria Kasatkina,2022,SYDNEY TENNIS CLASSIC,True,False
Daria Kasatkina,2021,VIKING INTERNATIONAL,True,False
Daria Kasatkina,2021,ROLAND GARROS,True,False
Daria Kasatkina,2021,PHILIP ISLAND TROPHY,True,False
Daria Kasatkina,2020,ROLAND GARROS,True,False
Daria Saville,2024,BILLIE JEAN KING CUP,True,False
Daria Saville,2024,AUSTRALIAN OPEN,True,False
Daria Saville,2023,BRISBANE INTERNATIONAL,True,True
Daria Saville,2023,BILLIE JEAN KING CUP,True,True
Daria Saville,2022,CITI OPEN,True,False
Daria Saville,2022,ROLAND GARROS,True,False
Daria Saville,2022,AUSTRALIAN OPEN,True,False
Darren Cahill,2026,THE CHAMPIONSHIPS,True,True
Darren Cahill,2025,THE CHAMPIONSHIPS,True,True
Darren Cahill,2025,AUSTRALIAN OPEN,True,True
Darren Cahill,2024,MIAMI OPEN PRESENTED BY ITAú,True,True
Darren Cahill,2024,AUSTRALIAN OPEN,True,True
Darren Cahill,2021,AUSTRALIAN OPEN,True,True
Darren Cahill,2020,AUSTRALIAN OPEN,True,True
David Ferrer,2025,DAVIS CUP FINALS,True,False
David Ferrer,2024,DAVIS CUP FINALS,True,False
David Ferrer,2022,DAVIS CUP FINALS,True,True
David Goffin,2026,ROLEX MONTE-CARLO MASTERS,True,False
David Goffin,2024,ROLEX SHANGHAI MASTERS,True,False
David Goffin,2024,ROLAND GARROS,True,False
David Goffin,2023,THE CHAMPIONSHIPS,True,False
David Goffin,2023,UNITED CUP,True,False
David Goffin,2022,UNITED CUP,True,True
David Goffin,2022,THE CHAMPIONSHIPS,True,False
David Goffin,2022,ROLAND GARROS,True,False
David Goffin,2022,ROLEX MONTE-CARLO MASTERS,True,False
David Goffin,2022,SYDNEY TENNIS CLASSIC,True,False
David Goffin,2021,INTERNAZIONALI BNL D'ITALIA,True,False
David Goffin,2021,ROLEX MONTE-CARLO MASTERS,True,False
David Goffin,2021,QATAR EXXONMOBIL OPEN,True,False
David Goffin,2021,GREAT OCEAN ROAD OPEN,True,True
David Goffin,2020,ROLEX PARIS MASTERS,True,False
David Goffin,2020,ROLAND GARROS,True,False
David Goffin,2020,US OPEN,True,False
David Goffin,2020,ATP CUP,True,True
David Haggerty,2026,ROLAND GARROS,True,True
David Haggerty,2025,DAVIS CUP FINALS,True,True
David Haggerty,2024,DAVIS CUP FINALS,True,True
David Haggerty,2023,US OPEN,True,True
David Haggerty,2022,DAVIS CUP FINALS,True,True
David Haggerty,2021,DAVIS CUP FINALS,True,True
David Kvernadze,2021,ATP CUP,True,True
David Kvernadze,2020,ATP CUP,True,True
David MacPherson,2020,ATP CUP,True,True
David Massey,2026,ROLEX MONTE-CARLO MASTERS,True,True
David Massey,2025,ROLEX MONTE-CARLO MASTERS,True,True
David Massey,2024,ROLEX MONTE-CARLO MASTERS,True,True
David Massey,2023,ROLEX MONTE-CARLO MASTERS,True,True
David Pel,2026,UNITED CUP,True,True
David Vega Hernandez,2023,UNITED CUP,True,False
David Vega Hernandez,2022,UNITED CUP,True,False
David Wagner,2024,AUSTRALIAN OPEN,True,False
David Wagner,2022,AUSTRALIAN OPEN,True,False
David Wagner,2021,AUSTRALIAN OPEN,True,False
David Witt,2024,UNITED CUP,True,False
David Witt,2023,UNITED CUP,True,False
David Witt,2022,UNITED CUP,True,False
David Witt,2022,AUSTRALIAN OPEN,True,True
David Witt,2021,AUSTRALIAN OPEN,True,True
Dawid Celt,2024,BILLIE JEAN KING CUP,True,False
Dawid Celt,2023,BILLIE JEAN KING CUP,True,False
Dawid Celt,2023,UNITED CUP,True,False
Dawid Celt,2022,BILLIE JEAN KING CUP,True,False
Dayana Yastremska,2025,THE CHAMPIONSHIPS,True,False
Dayana Yastremska,2024,AUSTRALIAN OPEN,True,False
Dayana Yastremska,2023,ROLAND GARROS,True,False
Dayana Yastremska,2022,THE CHAMPIONSHIPS,True,False
Dayana Yastremska,2022,BILLIE JEAN KING CUP,True,True
Dayana Yastremska,2020,WESTERN & SOUTHERN OPEN,True,False
Dayana Yastremska,2020,ADELAIDE INTERNATIONAL,True,False
Dejana Radanovic,2023,UNITED CUP,True,True
Demi Schuurs,2026,UNITED CUP,True,False
Demi Schuurs,2025,BNP PARIBAS OPEN,True,False
Demi Schuurs,2023,UNITED CUP,True,False
Demi Schuurs,2020,WESTERN & SOUTHERN OPEN,True,False
Denis Istomin,2020,DAVIS CUP QUALIFYING: USA VS UZBEKISTAN,True,True
Denis Kudla,2025,UNITED CUP,True,True
Denis Kudla,2023,UNITED CUP,True,False
Denis Kudla,2021,CITI OPEN,True,False
Denis Kudla,2021,THE CHAMPIONSHIPS,True,False
Denis Shapovalor,2022,ATP CUP,True,False
Denis Shapovalov,2025,US OPEN,True,False
Denis Shapovalov,2025,NATIONAL BANK OPEN,True,True
Denis Shapovalov,2025,ROLAND GARROS,True,False
Denis Shapovalov,2024,DAVIS CUP FINALS,True,True
Denis Shapovalov,2024,OMNIUM BANQUE NATIONALE,True,False
Denis Shapovalov,2023,THE CHAMPIONSHIPS,True,False
Denis Shapovalov,2023,ROLAND GARROS,True,False
Denis Shapovalov,2023,AUSTRALIAN OPEN,True,False
Denis Shapovalov,2022,DAVIS CUP FINALS,True,False
Denis Shapovalov,2022,US OPEN,True,False
Denis Shapovalov,2022,OMNIUM BANQUE NATIONALE,True,False
Denis Shapovalov,2022,THE CHAMPIONSHIPS,True,False
Denis Shapovalov,2022,ROLAND GARROS,True,False
Denis Shapovalov,2022,INTERNAZIONALI BNL D'ITALIA,True,False
Denis Shapovalov,2022,BNP PARIBAS OPEN,True,False
Denis Shapovalov,2022,AUSTRALIAN OPEN,True,False
Denis Shapovalov,2022,ATP CUP,True,True
Denis Shapovalov,2021,ATP CUP,True,True
Denis Shapovalov,2021,LAVER CUP,True,True
Denis Shapovalov,2021,US OPEN,True,False
Denis Shapovalov,2021,NATIONAL BANK OPEN,True,False
Denis Shapovalov,2021,THE CHAMPIONSHIPS,True,True
Denis Shapovalov,2021,CINCH CHAMPIONSHIPS,True,False
Denis Shapovalov,2021,INTERNAZIONALI BNL D'ITALIA,True,False
Denis Shapovalov,2021,MUTUA MADRID OPEN,True,False
Denis Shapovalov,2021,MIAMI OPEN PRESENTED BY ITAú,True,False
Denis Shapovalov,2021,AUSTRALIAN OPEN,True,False
Denis Shapovalov,2020,ROLAND GARROS,True,False
Denis Shapovalov,2020,INTERNAZIONALI BNL D'ITALIA,True,False
Denis Shapovalov,2020,US OPEN,True,False
Denis Shapovalov,2020,WESTERN & SOUTHERN OPEN,True,False
Denis Shapovalov,2020,ATP CUP,True,True
Denis Yevseyev,2022,UNITED CUP,True,True
Dennis Novak,2021,DAVIS CUP FINALS,True,False
Dennis Novak,2021,ATP CUP,True,True
Dennis Novak,2020,ATP CUP,True,False
Desirae Krawczyk,2025,UNITED CUP,True,True
Desirae Krawczyk,2024,UNITED CUP,True,True
Desirae Krawczyk,2024,NATIONAL BANK OPEN,True,False
Desirae Krawczyk,2023,UNITED CUP,True,False
Desirae Krawczyk,2022,THE CHAMPIONSHIPS,True,False
Desirae Krawczyk,2022,BILLIE JEAN KING CUP,True,True
Desirae Krawczyk,2021,US OPEN,True,False
Desirae Krawczyk,2021,THE CHAMPIONSHIPS,True,False
Desirae Krawczyk,2021,ROLAND GARROS,True,False
Desirae Krawczyk,2021,ADELAIDE INTERNATIONAL,True,False
Despina Papamichail,2026,UNITED CUP,True,True
Despina Papamichail,2024,UNITED CUP,True,True
Despina Papamichail,2023,UNITED CUP,True,True
Despina Papamichail,2022,UNITED CUP,True,True
Destanee Aiava,2025,AUSTRALIAN OPEN,True,False
Destanee Aiava,2024,UNITED CUP,True,False
Destanee Aiava,2021,GIPPSLAND TROPHY,True,False
Di Wu,2023,UNITED CUP,True,False
Diana Marcinkevica,2020,BNP PARIBAS FED CUP: USA VS LATVIA,True,False
Diana Shnaider,2026,ROLAND GARROS,True,False
Diana Shnaider,2026,AUSTRALIAN OPEN,True,False
Diana Shnaider,2025,AUSTRALIAN OPEN,True,False
Diana Shnaider,2024,NATIONAL BANK OPEN,True,False
Diana Shnaider,2022,US OPEN,True,False
Diane Parry,2026,ROLAND GARROS,True,True
Diane Parry,2025,ROLAND GARROS,True,False
Diane Parry,2024,AUSTRALIAN OPEN,True,False
Diane Parry,2023,ROLAND GARROS,True,False
Diane Parry,2022,ROLAND GARROS,True,False
Diede De Groot,2026,ROLAND GARROS,True,False
Diede De Groot,2024,THE CHAMPIONSHIPS,True,False
Diede De Groot,2024,ROLAND GARROS,True,False
Diede De Groot,2024,MIAMI OPEN PRESENTED BY ITAú,True,False
Diede De Groot,2024,AUSTRALIAN OPEN,True,False
Diede De Groot,2023,US OPEN,True,False
Diede De Groot,2023,THE CHAMPIONSHIPS,True,False
Diede De Groot,2023,ROLAND GARROS,True,False
Diede De Groot,2023,AUSTRALIAN OPEN,True,False
Diede De Groot,2022,US OPEN,True,False
Diede De Groot,2022,THE CHAMPIONSHIPS,True,False
Diede De Groot,2022,ROLAND GARROS,True,False
Diede De Groot,2022,AUSTRALIAN OPEN,True,False
Diede De Groot,2021,US OPEN,True,False
Diede De Groot,2021,THE CHAMPIONSHIPS,True,False
Diede De Groot,2021,ROLAND GARROS,True,False
Diede De Groot,2021,AUSTRALIAN OPEN,True,False
Diego Hidalgo,2021,DAVIS CUP FINALS,True,False
Diego Schwartzman,2024,US OPEN,True,False
Diego Schwartzman,2023,ROLEX SHANGHAI MASTERS,True,False
Diego Schwartzman,2023,ROLAND GARROS,True,False
Diego Schwartzman,2022,DAVIS CUP FINALS,True,False
Diego Schwartzman,2022,ROLAND GARROS,True,False
Diego Schwartzman,2022,INTERNAZIONALI BNL D'ITALIA,True,False
Diego Schwartzman,2022,AUSTRALIAN OPEN,True,False
Diego Schwartzman,2022,ATP CUP,True,True
Diego Schwartzman,2021,ATP CUP,True,True
Diego Schwartzman,2021,BNP PARIBAS OPEN,True,False
Diego Schwartzman,2021,LAVER CUP,True,False
Diego Schwartzman,2021,US OPEN,True,False
Diego Schwartzman,2021,WESTERN & SOUTHERN OPEN,True,False
Diego Schwartzman,2021,ROLAND GARROS,True,False
Diego Schwartzman,2021,MUTUA MADRID OPEN,True,False
Diego Schwartzman,2021,ROLEX MONTE-CARLO MASTERS,True,False
Diego Schwartzman,2021,MIAMI OPEN PRESENTED BY ITAú,True,False
Diego Schwartzman,2021,AUSTRALIAN OPEN,True,False
Diego Schwartzman,2020,NITTO ATP FINALS,True,False
Diego Schwartzman,2020,ROLEX PARIS MASTERS,True,False
Diego Schwartzman,2020,ROLAND GARROS,True,False
Diego Schwartzman,2020,INTERNAZIONALI BNL D'ITALIA,True,False
Diego Schwartzman,2020,WESTERN & SOUTHERN OPEN,True,False
Diego Schwartzman,2020,AUSTRALIAN OPEN,True,False
Diego Schwartzman,2020,ATP CUP,True,True
Dimitar Kuzmanov,2023,UNITED CUP,True,False
Dimitar Kuzmanov,2022,UNITED CUP,True,True
Dimitar Kuzmanov,2020,ATP CUP,True,False
Dimitrii Baskov,2020,ATP CUP,True,True
Dimitry Popko,2025,UNITED CUP,True,False
Dino Prizmic,2026,INTERNAZIONALI BNL D'ITALIA,True,False
Dino Prizmic,2023,ROLAND GARROS,True,False
Dominic Stephan Stricker,2020,ROLAND GARROS,True,False
Dominic Stricker,2024,UNITED CUP,True,True
Dominic Stricker,2023,US OPEN,True,False
Dominic Stricker,2022,UNITED CUP,True,True
Dominic Thiem,2024,US OPEN,True,False
Dominic Thiem,2023,US OPEN,True,False
Dominic Thiem,2023,THE CHAMPIONSHIPS,True,False
Dominic Thiem,2023,ROLAND GARROS,True,False
Dominic Thiem,2023,ROLEX MONTE-CARLO MASTERS,True,False
Dominic Thiem,2023,AUSTRALIAN OPEN,True,False
Dominic Thiem,2022,US OPEN,True,False
Dominic Thiem,2022,ROLAND GARROS,True,False
Dominic Thiem,2022,INTERNAZIONALI BNL D'ITALIA,True,False
Dominic Thiem,2021,ROLAND GARROS,True,False
Dominic Thiem,2021,INTERNAZIONALI BNL D'ITALIA,True,True
Dominic Thiem,2021,MUTUA MADRID OPEN,True,True
Dominic Thiem,2021,QATAR EXXONMOBIL OPEN,True,True
Dominic Thiem,2021,AUSTRALIAN OPEN,True,True
Dominic Thiem,2021,ATP CUP,True,True
Dominic Thiem,2020,NITTO ATP FINALS,True,False
Dominic Thiem,2020,ROLAND GARROS,True,True
Dominic Thiem,2020,US OPEN,True,True
Dominic Thiem,2020,WESTERN & SOUTHERN OPEN,True,True
Dominic Thiem,2020,AUSTRALIAN OPEN,True,True
Dominic Thiem,2020,ATP CUP,True,True
Dominik Koepfer,2024,AUSTRALIAN OPEN,True,False
Dominik Koepfer,2022,AUSTRALIAN OPEN,True,False
Dominik Koepfer,2021,DAVIS CUP FINALS,True,False
Dominik Koepfer,2021,ROLAND GARROS,True,False
Dominik Koepfer,2021,AUSTRALIAN OPEN,True,False
Dominik Koepfer,2020,ROLAND GARROS,True,False
Dominika Salkova,2024,BILLIE JEAN KING CUP,True,False
Donald Ramphadi,2023,ROLAND GARROS,True,False
Donald Young,2024,US OPEN,True,False
Dong Jian,2023,CHINA OPEN,True,False
Donna Vekic,2026,HSBC CHAMPIONSHIPS,True,False
Donna Vekic,2025,AUSTRALIAN OPEN,True,False
Donna Vekic,2024,UNITED CUP,True,True
Donna Vekic,2024,US OPEN,True,False
Donna Vekic,2024,THE CHAMPIONSHIPS,True,False
Donna Vekic,2024,DUBAI DUTY FREE TENNIS CHAMPIONSHIPS,True,False
Donna Vekic,2023,UNITED CUP,True,True
Donna Vekic,2023,THE CHAMPIONSHIPS,True,False
Donna Vekic,2023,ROLAND GARROS,True,False
Donna Vekic,2023,AUSTRALIAN OPEN,True,False
Donna Vekic,2022,UNITED CUP,True,True
Donna Vekic,2022,GUADALAJARA OPEN,True,False
Donna Vekic,2021,AUSTRALIAN OPEN,True,False
Donna Vekic,2020,AUSTRALIAN OPEN,True,False
Dorian Descloix,2020,US OPEN,True,True
Dr. Brian Hainline,2024,US OPEN,True,True
Dr. Claudia Reardon,2021,US OPEN,True,True
Dusan Lajovic,2023,DAVIS CUP FINALS,True,False
Dusan Lajovic,2022,DAVIS CUP FINALS,True,True
Dusan Lajovic,2022,AUSTRALIAN OPEN,True,False
Dusan Lajovic,2022,ATP CUP,True,False
Dusan Lajovic,2021,ATP CUP,True,True
Dusan Lajovic,2021,DAVIS CUP FINALS,True,False
Dusan Lajovic,2021,NATIONAL BANK OPEN,True,False
Dusan Lajovic,2021,ROLEX MONTE-CARLO MASTERS,True,False
Dusan Lajovic,2021,AUSTRALIAN OPEN,True,False
Dusan Lajovic,2020,ROLAND GARROS,True,False
Dusan Lajovic,2020,ATP CUP,True,True
Dylan Alcott,2022,AUSTRALIAN OPEN,True,True
Dylan Alcott,2021,US OPEN,True,False
Dylan Alcott,2021,ROLAND GARROS,True,False
Dylan Alcott,2021,AUSTRALIAN OPEN,True,False
Dylan Alcott,2020,ROLAND GARROS,True,False
Dylan Alcott,2020,AUSTRALIAN OPEN,True,False
Edouard Roger-Vasselin,2026,UNITED CUP,True,True
Edouard Roger-Vasselin,2024,UNITED CUP,True,True
Edouard Roger-Vasselin,2024,ROLAND GARROS,True,False
Edouard Roger-Vasselin,2023,MIAMI OPEN PRESENTED BY ITAú,True,False
Edouard Roger-Vasselin,2022,UNITED CUP,True,False
Edouard Roger-Vasselin,2021,ATP CUP,True,True
Edouard Roger-Vasselin,2020,NITTO ATP FINALS,True,False
Edouard Roger-Vasselin,2020,ATP CUP,True,False
Egor Matvievici,2020,ATP CUP,True,True
Ekaterina Alexandrova,2025,PORSCHE TENNIS GRAND PRIX,True,False
Ekaterina Alexandrova,2025,QATAR TOTAL ENERGIES OPEN,True,False
Ela Nala Milic,2023,BILLIE JEAN KING CUP,True,True
Elena Rybakina,2026,THE CHAMPIONSHIPS,True,False
Elena Rybakina,2026,HSBC CHAMPIONSHIPS,True,False
Elena Rybakina,2026,ROLAND GARROS,True,True
Elena Rybakina,2026,INTERNAZIONALI BNL D'ITALIA,True,True
Elena Rybakina,2026,PORSCHE TENNIS GRAND PRIX,True,True
Elena Rybakina,2026,BNP PARIBAS OPEN,True,True
Elena Rybakina,2026,DUBAI DUTY FREE TENNIS CHAMPIONSHIPS,True,True
Elena Rybakina,2026,QATAR TOTAL ENERGIES OPEN,True,True
Elena Rybakina,2026,AUSTRALIAN OPEN,True,False
Elena Rybakina,2026,BRISBANE INTERNATIONAL,True,True
Elena Rybakina,2025,BILLIE JEAN KING CUP: KAZAKHSTAN VS USA,True,False
Elena Rybakina,2025,BILLIE JEAN KING CUP,True,True
Elena Rybakina,2025,US OPEN,True,False
Elena Rybakina,2025,OMNIUM BANQUE NATIONALE,True,False
Elena Rybakina,2025,MUBADALA CITI DC OPEN,True,False
Elena Rybakina,2025,THE CHAMPIONSHIPS,True,False
Elena Rybakina,2025,ROLAND GARROS,True,False
Elena Rybakina,2025,BNP PARIBAS OPEN,True,True
Elena Rybakina,2025,DUBAI DUTY FREE TENNIS CHAMPIONSHIPS,True,False
Elena Rybakina,2025,QATAR TOTAL ENERGIES OPEN,True,False
Elena Rybakina,2025,AUSTRALIAN OPEN,True,True
Elena Rybakina,2025,UNITED CUP,True,True
Elena Rybakina,2024,UNITED CUP,True,True
Elena Rybakina,2024,WTA FINALS,True,True
Elena Rybakina,2024,US OPEN,True,False
Elena Rybakina,2024,THE CHAMPIONSHIPS,True,False
Elena Rybakina,2024,ROLAND GARROS,True,True
Elena Rybakina,2024,INTERNAZIONALI BNL D'ITALIA,True,True
Elena Rybakina,2024,MUTUA MADRID OPEN,True,False
Elena Rybakina,2024,PORSCHE TENNIS GRAND PRIX,True,False
Elena Rybakina,2024,MIAMI OPEN PRESENTED BY ITAú,True,False
Elena Rybakina,2024,DUBAI DUTY FREE TENNIS CHAMPIONSHIPS,True,False
Elena Rybakina,2024,QATAR TOTAL ENERGIES OPEN,True,False
Elena Rybakina,2024,AUSTRALIAN OPEN,True,False
Elena Rybakina,2024,BRISBANE INTERNATIONAL,True,False
Elena Rybakina,2023,WTA FINALS,True,True
Elena Rybakina,2023,CHINA OPEN,True,True
Elena Rybakina,2023,OMNIUM BANQUE NATIONALE,True,False
Elena Rybakina,2023,THE CHAMPIONSHIPS,True,True
Elena Rybakina,2023,ROLAND GARROS,True,True
Elena Rybakina,2023,INTERNAZIONALI BNL D'ITALIA,True,False
Elena Rybakina,2023,PORSCHE TENNIS GRAND PRIX,True,False
Elena Rybakina,2023,MIAMI OPEN PRESENTED BY ITAú,True,False
Elena Rybakina,2023,BNP PARIBAS OPEN,True,False
Elena Rybakina,2023,AUSTRALIAN OPEN,True,False
Elena Rybakina,2023,ADELAIDE INTERNATIONAL,True,True
Elena Rybakina,2022,BILLIE JEAN KING CUP,True,False
Elena Rybakina,2022,US OPEN,True,True
Elena Rybakina,2022,THE CHAMPIONSHIPS,True,False
Elena Rybakina,2022,BNP PARIBAS OPEN,True,False
Elena Rybakina,2022,ADELAIDE INTERNATIONAL,True,False
Elena Rybakina,2021,ROLAND GARROS,True,False
Elena Rybakina,2020,WESTERN & SOUTHERN OPEN,True,False
Elena Rybakina,2020,QATAR TOTAL OPEN,True,False
Elena Rybakina,2020,DUBAI DUTY FREE TENNIS CHAMPIONSHIPS,True,False
Elena Vesnina,2021,ROLAND GARROS,True,False
Elena-Gabriela Ruse,2024,BILLIE JEAN KING CUP,True,False
Elias Ymer,2022,DAVIS CUP FINALS,True,False
Elias Ymer,2021,DAVIS CUP FINALS,True,False
Elias Ymer,2021,AUSTRALIAN OPEN,True,True
Elina Svitolina,2026,THE CHAMPIONSHIPS,True,False
Elina Svitolina,2026,ROLAND GARROS,True,True
Elina Svitolina,2026,INTERNAZIONALI BNL D'ITALIA,True,False
Elina Svitolina,2026,PORSCHE TENNIS GRAND PRIX,True,True
Elina Svitolina,2026,BNP PARIBAS OPEN,True,False
Elina Svitolina,2026,DUBAI DUTY FREE TENNIS CHAMPIONSHIPS,True,False
Elina Svitolina,2026,AUSTRALIAN OPEN,True,False
Elina Svitolina,2025,BILLIE JEAN KING CUP: ITALY VS UKRAINE,True,False
Elina Svitolina,2025,BILLIE JEAN KING CUP: SPAIN VS UKRAINE,True,False
Elina Svitolina,2025,BILLIE JEAN KING CUP,True,True
Elina Svitolina,2025,ROLAND GARROS,True,False
Elina Svitolina,2025,INTERNAZIONALI BNL D'ITALIA,True,False
Elina Svitolina,2025,MUTUA MADRID OPEN,True,False
Elina Svitolina,2025,BNP PARIBAS OPEN,True,False
Elina Svitolina,2025,AUSTRALIAN OPEN,True,False
Elina Svitolina,2024,NATIONAL BANK OPEN,True,False
Elina Svitolina,2024,THE CHAMPIONSHIPS,True,False
Elina Svitolina,2024,ROLAND GARROS,True,False
Elina Svitolina,2024,DUBAI DUTY FREE TENNIS CHAMPIONSHIPS,True,False
Elina Svitolina,2024,AUSTRALIAN OPEN,True,False
Elina Svitolina,2023,US OPEN,True,False
Elina Svitolina,2023,OMNIUM BANQUE NATIONALE,True,True
Elina Svitolina,2023,MUBADALA CITI DC OPEN,True,True
Elina Svitolina,2023,THE CHAMPIONSHIPS,True,False
Elina Svitolina,2023,ROLAND GARROS,True,False
Elina Svitolina,2022,DUBAI DUTY FREE TENNIS CHAMPIONSHIPS,True,False
Elina Svitolina,2022,AUSTRALIAN OPEN,True,False
Elina Svitolina,2021,US OPEN,True,False
Elina Svitolina,2021,THE CHAMPIONSHIPS,True,False
Elina Svitolina,2021,ROLAND GARROS,True,False
Elina Svitolina,2021,INTERNAZIONALI BNL D'ITALIA,True,True
Elina Svitolina,2021,MUTUA MADRID OPEN,True,True
Elina Svitolina,2021,MIAMI OPEN PRESENTED BY ITAú,True,False
Elina Svitolina,2021,QATAR TOTAL OPEN,True,True
Elina Svitolina,2021,AUSTRALIAN OPEN,True,False
Elina Svitolina,2021,GIPPSLAND TROPHY,True,True
Elina Svitolina,2020,ROLAND GARROS,True,False
Elina Svitolina,2020,INTERNAZIONALI BNL D'ITALIA,True,True
Elina Svitolina,2020,QATAR TOTAL OPEN,True,True
Elina Svitolina,2020,DUBAI DUTY FREE TENNIS CHAMPIONSHIPS,True,True
Elina Svitolina,2020,BRISBANE INTERNATIONAL,True,True
Eliot Spizzirri,2026,AUSTRALIAN OPEN,True,False
Elisabetta Cocciaretto,2026,QATAR TOTAL ENERGIES OPEN,True,False
Elisabetta Cocciaretto,2025,BILLIE JEAN KING CUP: ITALY VS USA,True,False
Elisabetta Cocciaretto,2025,BILLIE JEAN KING CUP,True,False
Elisabetta Cocciaretto,2025,BILLIE JEAN KING CUP: ITALY VS UKRAINE,True,False
Elisabetta Cocciaretto,2025,BILLIE JEAN KING CUP: ITALY VS CHINA,True,False
Elisabetta Cocciaretto,2025,THE CHAMPIONSHIPS,True,False
Elisabetta Cocciaretto,2024,BILLIE JEAN KING CUP,True,False
Elisabetta Cocciaretto,2024,ROLAND GARROS,True,False
Elisabetta Cocciaretto,2023,BILLIE JEAN KING CUP,True,True
Elisabetta Cocciaretto,2023,ROLAND GARROS,True,False
Elisabetta Cocciaretto,2022,BILLIE JEAN KING CUP,True,False
Elisabetta Cocciarreto,2025,THE CHAMPIONSHIPS,True,False
Elise Mertens,2026,THE CHAMPIONSHIPS,True,False
Elise Mertens,2026,AUSTRALIAN OPEN,True,False
Elise Mertens,2026,UNITED CUP,True,True
Elise Mertens,2025,THE CHAMPIONSHIPS,True,False
Elise Mertens,2024,ROLAND GARROS,True,False
Elise Mertens,2024,PORSCHE TENNIS GRAND PRIX,True,False
Elise Mertens,2024,BNP PARIBAS OPEN,True,False
Elise Mertens,2024,AUSTRALIAN OPEN,True,False
Elise Mertens,2023,GUADALAJARA OPEN,True,False
Elise Mertens,2023,ROLAND GARROS,True,False
Elise Mertens,2023,AUSTRALIAN OPEN,True,False
Elise Mertens,2023,UNITED CUP,True,False
Elise Mertens,2022,UNITED CUP,True,True
Elise Mertens,2022,BILLIE JEAN KING CUP,True,False
Elise Mertens,2022,THE CHAMPIONSHIPS,True,False
Elise Mertens,2022,ROLAND GARROS,True,False
Elise Mertens,2022,AUSTRALIAN OPEN,True,False
Elise Mertens,2022,MELBOURNE SUMMER SET,True,True
Elise Mertens,2021,WTA FINALS,True,False
Elise Mertens,2021,BNP PARIBAS OPEN,True,False
Elise Mertens,2021,US OPEN,True,False
Elise Mertens,2021,THE CHAMPIONSHIPS,True,False
Elise Mertens,2021,ROLAND GARROS,True,False
Elise Mertens,2021,MIAMI OPEN PRESENTED BY ITAú,True,False
Elise Mertens,2021,AUSTRALIAN OPEN,True,False
Elise Mertens,2021,GIPPSLAND TROPHY,True,False
Elise Mertens,2020,ROLAND GARROS,True,False
Elise Mertens,2020,INTERNAZIONALI BNL D'ITALIA,True,False
Elise Mertens,2020,US OPEN,True,False
Elise Mertens,2020,WESTERN & SOUTHERN OPEN,True,False
Elise Mertens,2020,QATAR TOTAL OPEN,True,False
Elixane Lechemia,2026,UNITED CUP,True,True
Elixane Lechemia,2024,UNITED CUP,True,True
Ellen Perez,2024,UNITED CUP,True,True
Ellen Perez,2024,BILLIE JEAN KING CUP,True,True
Ellen Perez,2023,UNITED CUP,True,True
Ellen Perez,2023,BILLIE JEAN KING CUP,True,False
Ellen Perez,2022,BILLIE JEAN KING CUP,True,False
Elsa Jacquemot,2026,ROLAND GARROS,True,True
Elsa Jacquemot,2025,ROLAND GARROS,True,False
Elsa Jacquemot,2022,ROLAND GARROS,True,False
Emerson Jones,2026,ROLAND GARROS,True,False
Emerson Jones,2026,AUSTRALIAN OPEN,True,False
Emerson Jones,2026,ADELAIDE INTERNATIONAL,True,False
Emerson Jones,2026,BRISBANE INTERNATIONAL,True,True
Emerson Jones,2025,AUSTRALIAN OPEN,True,True
Emerson Jones,2025,ADELAIDE INTERNATIONAL,True,False
Emil Miske,2023,US OPEN,True,True
Emil Ruusuvuori,2023,DAVIS CUP FINALS,True,True
Emil Ruusuvuori,2022,ROLAND GARROS,True,False
Emil Ruusuvuori,2022,MELBOURNE SUMMER SET,True,False
Emil Ruusuvuori,2021,MIAMI OPEN PRESENTED BY ITAú,True,False
Emil Ruusuvuori,2021,AUSTRALIAN OPEN,True,False
Emil Ruusuvuori,2021,MURRAY RIVER OPEN,True,False
Emilio Gomez,2021,DAVIS CUP FINALS,True,False
Emma Navarro,2026,ROLAND GARROS,True,False
Emma Navarro,2025,BILLIE JEAN KING CUP: ITALY VS USA,True,False
Emma Navarro,2025,BILLIE JEAN KING CUP: USA VS GREAT BRITAIN,True,False
Emma Navarro,2025,BILLIE JEAN KING CUP: KAZAKHSTAN VS USA,True,False
Emma Navarro,2025,BILLIE JEAN KING CUP,True,False
Emma Navarro,2025,MUBADALA CITI DC OPEN,True,True
Emma Navarro,2025,THE CHAMPIONSHIPS,True,False
Emma Navarro,2025,AUSTRALIAN OPEN,True,False
Emma Navarro,2024,US OPEN,True,False
Emma Navarro,2024,NATIONAL BANK OPEN,True,False
Emma Navarro,2024,THE CHAMPIONSHIPS,True,False
Emma Navarro,2024,ROLAND GARROS,True,False
Emma Navarro,2024,BILLIE JEAN KING CUP: USA VS BELGIUM,True,True
Emma Navarro,2024,BNP PARIBAS OPEN,True,False
Emma Navarro,2024,QATAR TOTAL ENERGIES OPEN,True,False
Emma Navarro,2024,AUSTRALIAN OPEN,True,False
Emma Navarro,2023,GUADALAJARA OPEN,True,False
Emma Raducanu,2026,THE CHAMPIONSHIPS,True,True
Emma Raducanu,2026,HSBC CHAMPIONSHIPS,True,False
Emma Raducanu,2026,ROLAND GARROS,True,True
Emma Raducanu,2026,AUSTRALIAN OPEN,True,True
Emma Raducanu,2026,UNITED CUP,True,True
Emma Raducanu,2025,US OPEN,True,True
Emma Raducanu,2025,MUBADALA CITI DC OPEN,True,False
Emma Raducanu,2025,THE CHAMPIONSHIPS,True,True
Emma Raducanu,2025,HSBC CHAMPIONSHIPS,True,False
Emma Raducanu,2025,ROLAND GARROS,True,True
Emma Raducanu,2025,INTERNAZIONALI BNL D'ITALIA,True,False
Emma Raducanu,2025,MIAMI OPEN PRESENTED BY ITAú,True,False
Emma Raducanu,2025,BNP PARIBAS OPEN,True,False
Emma Raducanu,2025,AUSTRALIAN OPEN,True,True
Emma Raducanu,2024,BILLIE JEAN KING CUP,True,True
Emma Raducanu,2024,MUBADALA CITI DC OPEN,True,True
Emma Raducanu,2024,THE CHAMPIONSHIPS,True,False
Emma Raducanu,2024,ROTHESAY INTERNATIONAL,True,False
Emma Raducanu,2024,PORSCHE TENNIS GRAND PRIX,True,False
Emma Raducanu,2024,AUSTRALIAN OPEN,True,True
Emma Raducanu,2023,MIAMI OPEN PRESENTED BY ITAú,True,False
Emma Raducanu,2023,BNP PARIBAS OPEN,True,False
Emma Raducanu,2023,AUSTRALIAN OPEN,True,False
Emma Raducanu,2022,US OPEN,True,True
Emma Raducanu,2022,WESTERN & SOUTHERN OPEN,True,False
Emma Raducanu,2022,NATIONAL BANK OPEN,True,False
Emma Raducanu,2022,CITI OPEN,True,True
Emma Raducanu,2022,THE CHAMPIONSHIPS,True,True
Emma Raducanu,2022,ROLAND GARROS,True,True
Emma Raducanu,2022,INTERNAZIONALI BNL D'ITALIA,True,True
Emma Raducanu,2022,MUTUA MADRID OPEN,True,False
Emma Raducanu,2022,MIAMI OPEN PRESENTED BY ITAú,True,True
Emma Raducanu,2022,BNP PARIBAS OPEN,True,False
Emma Raducanu,2022,AUSTRALIAN OPEN,True,True
Emma Raducanu,2022,SYDNEY TENNIS CLASSIC,True,False
Emma Raducanu,2021,BNP PARIBAS OPEN,True,False
Emma Raducanu,2021,US OPEN,True,False
Emma Raducanu,2021,THE CHAMPIONSHIPS,True,False
Ena Shibahara,2025,BILLIE JEAN KING CUP: JAPAN VS GREAT BRITAIN,True,False
Ena Shibahara,2025,BILLIE JEAN KING CUP,True,True
Ena Shibahara,2024,BILLIE JEAN KING CUP,True,True
Ena Shibahara,2024,AUSTRALIAN OPEN,True,False
Ena Shibahara,2023,AUSTRALIAN OPEN,True,False
Ena Shibahara,2022,ROLAND GARROS,True,False
Ena Shibahara,2022,AUSTRALIAN OPEN,True,False
Ena Shibahara,2021,MIAMI OPEN PRESENTED BY ITAú,True,False
Ena Shibahara,2021,AUSTRALIAN OPEN,True,False
Ena Shibahara,2021,YARRA VALLEY CLASSIC,True,False
Enric Rojas,2022,DAVIS CUP FINALS,True,True
Enric Rojas,2021,DAVIS CUP FINALS,True,True
Eri Hozumi,2025,BILLIE JEAN KING CUP,True,False
Eri Hozumi,2024,BILLIE JEAN KING CUP,True,True
Eri Hozumi,2022,AUSTRALIAN OPEN,True,False
Eri Hozumi,2022,ADELAIDE INTERNATIONAL,True,False
Erin Routliffe,2025,US OPEN,True,False
Erin Routliffe,2025,AUSTRALIAN OPEN,True,False
Erin Routliffe,2024,NATIONAL BANK OPEN,True,False
Erin Routliffe,2023,US OPEN,True,False
Esther Vergeer,2023,INTERNATIONAL TENNIS HALL OF FAME,True,True
Ethan Quinn,2026,AUSTRALIAN OPEN,True,False
Ethan Quinn,2025,ROLAND GARROS,True,False
Eugene Lapierre,2023,OMNIUM BANQUE NATIONALE,True,True
Eugene Lapierre,2022,OMNIUM BANQUE NATIONALE,True,True
Eugene Lapierre,2021,OMNIUM BANQUE NATIONALE,True,True
Eugenie Bouchard,2025,OMNIUM BANQUE NATIONALE,True,False
Eugenie Bouchard,2025,MUBADALA CITI DC OPEN,True,False
Eugenie Bouchard,2023,BILLIE JEAN KING CUP,True,True
Eugenie Bouchard,2022,GUADALAJARA OPEN,True,False
Eugenie Bouchard,2020,ROLAND GARROS,True,False
Eva Lys,2026,ROLAND GARROS,True,True
Eva Lys,2026,PORSCHE TENNIS GRAND PRIX,True,True
Eva Lys,2026,AUSTRALIAN OPEN,True,True
Eva Lys,2026,UNITED CUP,True,True
Eva Lys,2025,THE CHAMPIONSHIPS,True,False
Eva Lys,2025,ROLAND GARROS,True,False
Eva Lys,2025,AUSTRALIAN OPEN,True,False
Eva Lys,2024,BILLIE JEAN KING CUP,True,True
Eva Lys,2023,BILLIE JEAN KING CUP,True,False
Eva Vedder,2026,UNITED CUP,True,False
Evgeny Donskoy,2021,DAVIS CUP FINALS,True,True
Evgeny Donskoy,2021,ATP CUP,True,True
Fabian Marozsan,2025,AUSTRALIAN OPEN,True,False
Fabian Marozsan,2023,ROLEX SHANGHAI MASTERS,True,False
Fabian Marozsan,2023,INTERNAZIONALI BNL D'ITALIA,True,False
Fabian Marozsan,2021,DAVIS CUP FINALS,True,False
Fabio Fognini,2025,THE CHAMPIONSHIPS,True,True
Fabio Fognini,2024,THE CHAMPIONSHIPS,True,False
Fabio Fognini,2023,ROLAND GARROS,True,False
Fabio Fognini,2022,DAVIS CUP FINALS,True,False
Fabio Fognini,2022,ROLAND GARROS,True,False
Fabio Fognini,2021,DAVIS CUP FINALS,True,False
Fabio Fognini,2021,ROLAND GARROS,True,False
Fabio Fognini,2021,INTERNAZIONALI BNL D'ITALIA,True,False
Fabio Fognini,2021,MUTUA MADRID OPEN,True,False
Fabio Fognini,2021,AUSTRALIAN OPEN,True,False
Fabio Fognini,2021,ATP CUP,True,True
Fabio Fognini,2020,INTERNAZIONALI BNL D'ITALIA,True,True
Fabio Fognini,2020,DUBAI DUTY FREE TENNIS CHAMPIONSHIPS,True,True
Fabio Fognini,2020,ATP CUP,True,True
Fabrice Martin,2024,UNITED CUP,True,False
Fabrice Martin,2021,ATP CUP,True,True
Facundo Bagnis,2022,ROLAND GARROS,True,False
Facundo Lugones,2022,THE CHAMPIONSHIPS,True,True
Facundo Lugones,2021,BNP PARIBAS OPEN,True,True
Federico Cina,2026,ROLAND GARROS,True,False
Federico Coria,2022,UNITED CUP,True,False
Federico Delbonis,2022,ROLAND GARROS,True,False
Federico Delbonis,2022,ATP CUP,True,True
Federico Delbonis,2021,ATP CUP,True,True
Feliciano Lopez,2025,DAVIS CUP FINALS,True,True
Feliciano Lopez,2024,DAVIS CUP FINALS,True,True
Feliciano Lopez,2023,US OPEN,True,True
Feliciano Lopez,2022,THE CHAMPIONSHIPS,True,False
Feliciano Lopez,2022,AUSTRALIAN OPEN,True,False
Feliciano Lopez,2021,DAVIS CUP FINALS,True,False
Feliciano Lopez,2021,LAVER CUP,True,True
Feliciano Lopez,2021,AUSTRALIAN OPEN,True,False
Feliciano Lopez,2020,ROLEX PARIS MASTERS,True,False
Feliciano Lopez,2020,ATP CUP,True,True
Felipe Maccio,2020,ATP CUP,True,True
Felix Auger-Aliassime,2026,THE CHAMPIONSHIPS,True,False
Felix Auger-Aliassime,2026,ROLAND GARROS,True,True
Felix Auger-Aliassime,2026,AUSTRALIAN OPEN,True,False
Felix Auger-Aliassime,2026,UNITED CUP,True,True
Felix Auger-Aliassime,2025,NITTO ATP FINALS,True,True
Felix Auger-Aliassime,2025,ROLEX PARIS MASTERS,True,False
Felix Auger-Aliassime,2025,ROLEX SHANGHAI MASTERS,True,False
Felix Auger-Aliassime,2025,US OPEN,True,False
Felix Auger-Aliassime,2025,NATIONAL BANK OPEN,True,False
Felix Auger-Aliassime,2025,ROLAND GARROS,True,True
Felix Auger-Aliassime,2025,DUBAI DUTY FREE TENNIS CHAMPIONSHIPS,True,False
Felix Auger-Aliassime,2025,QATAR EXXONMOBIL OPEN,True,False
Felix Auger-Aliassime,2025,ADELAIDE INTERNATIONAL,True,False
Felix Auger-Aliassime,2024,UNITED CUP,True,True
Felix Auger-Aliassime,2024,OMNIUM BANQUE NATIONALE,True,False
Felix Auger-Aliassime,2024,ROLAND GARROS,True,False
Felix Auger-Aliassime,2024,MUTUA MADRID OPEN,True,False
Felix Auger-Aliassime,2024,AUSTRALIAN OPEN,True,False
Felix Auger-Aliassime,2023,UNITED CUP,True,True
Felix Auger-Aliassime,2023,DAVIS CUP FINALS,True,True
Felix Auger-Aliassime,2023,LAVER CUP,True,False
Felix Auger-Aliassime,2023,WESTERN & SOUTHERN OPEN,True,False
Felix Auger-Aliassime,2023,NATIONAL BANK OPEN,True,False
Felix Auger-Aliassime,2023,THE CHAMPIONSHIPS,True,False
Felix Auger-Aliassime,2023,ROLAND GARROS,True,False
Felix Auger-Aliassime,2023,DUBAI DUTY FREE TENNIS CHAMPIONSHIPS,True,False
Felix Auger-Aliassime,2023,QATAR EXXONMOBIL OPEN,True,True
Felix Auger-Aliassime,2023,AUSTRALIAN OPEN,True,False
Felix Auger-Aliassime,2022,ADELAIDE INTERNATIONAL,True,True
Felix Auger-Aliassime,2022,DAVIS CUP FINALS,True,False
Felix Auger-Aliassime,2022,NITTO ATP FINALS,True,False
Felix Auger-Aliassime,2022,ROLEX PARIS MASTERS,True,False
Felix Auger-Aliassime,2022,LAVER CUP,True,False
Felix Auger-Aliassime,2022,OMNIUM BANQUE NATIONALE,True,False
Felix Auger-Aliassime,2022,THE CHAMPIONSHIPS,True,False
Felix Auger-Aliassime,2022,ROLAND GARROS,True,False
Felix Auger-Aliassime,2022,ROLEX MONTE-CARLO MASTERS,True,False
Felix Auger-Aliassime,2022,BNP PARIBAS OPEN,True,False
Felix Auger-Aliassime,2022,AUSTRALIAN OPEN,True,False
Felix Auger-Aliassime,2022,ATP CUP,True,True
Felix Auger-Aliassime,2021,ATP CUP,True,True
Felix Auger-Aliassime,2021,ROLEX PARIS MASTERS,True,False
Felix Auger-Aliassime,2021,LAVER CUP,True,False
Felix Auger-Aliassime,2021,US OPEN,True,False
Felix Auger-Aliassime,2021,WESTERN & SOUTHERN OPEN,True,False
Felix Auger-Aliassime,2021,NATIONAL BANK OPEN,True,True
Felix Auger-Aliassime,2021,CITI OPEN,True,False
Felix Auger-Aliassime,2021,THE CHAMPIONSHIPS,True,False
Felix Auger-Aliassime,2021,INTERNAZIONALI BNL D'ITALIA,True,False
Felix Auger-Aliassime,2021,MUTUA MADRID OPEN,True,False
Felix Auger-Aliassime,2021,ROLEX MONTE-CARLO MASTERS,True,False
Felix Auger-Aliassime,2021,MIAMI OPEN PRESENTED BY ITAú,True,False
Felix Auger-Aliassime,2021,AUSTRALIAN OPEN,True,False
Felix Auger-Aliassime,2021,MURRAY RIVER OPEN,True,False
Felix Auger-Aliassime,2020,ROLAND GARROS,True,False
Felix Auger-Aliassime,2020,US OPEN,True,False
Felix Auger-Aliassime,2020,ADELAIDE INTERNATIONAL,True,True
Felix Auger-Aliassime,2020,ATP CUP,True,True
Felix Gill,2026,THE CHAMPIONSHIPS,True,False
Fernando Verdasco,2025,QATAR EXXONMOBIL OPEN,True,False
Fernando Verdasco,2020,QATAR EXXONMOBIL OPEN,True,False
Filip Krajinovic,2022,DAVIS CUP FINALS,True,False
Filip Krajinovic,2022,ATP CUP,True,False
Filip Krajinovic,2021,ATP CUP,True,True
Filip Krajinovic,2021,DAVIS CUP FINALS,True,False
Filip Krajinovic,2021,ROLEX MONTE-CARLO MASTERS,True,False
Filip Krajinovic,2021,AUSTRALIAN OPEN,True,False
Filip Krajinovic,2020,WESTERN & SOUTHERN OPEN,True,False
Filip Misolic,2025,DAVIS CUP FINALS,True,False
Filip Polasek,2021,BNP PARIBAS OPEN,True,False
Filip Polasek,2021,AUSTRALIAN OPEN,True,True
Filippo Volandri,2025,DAVIS CUP FINALS,True,False
Filippo Volandri,2024,DAVIS CUP FINALS,True,False
Filippo Volandri,2023,DAVIS CUP FINALS,True,False
Filippo Volandri,2022,DAVIS CUP FINALS,True,False
Filippo Volandri,2021,DAVIS CUP FINALS,True,False
Fiona Ferro,2026,ROLAND GARROS,True,True
Fiona Ferro,2023,ROLAND GARROS,True,False
Fiona Ferro,2021,AUSTRALIAN OPEN,True,False
Fiona Ferro,2020,ROLAND GARROS,True,False
Flavio Cobilli,2025,DAVIS CUP FINALS,True,False
Flavio Cobolli,2026,THE CHAMPIONSHIPS,True,False
Flavio Cobolli,2026,ROLAND GARROS,True,True
Flavio Cobolli,2026,BNP PARIBAS OPEN,True,False
Flavio Cobolli,2026,UNITED CUP,True,True
Flavio Cobolli,2025,DAVIS CUP FINALS,True,False
Flavio Cobolli,2025,LAVER CUP,True,True
Flavio Cobolli,2025,THE CHAMPIONSHIPS,True,False
Flavio Cobolli,2025,UNITED CUP,True,True
Flavio Cobolli,2024,UNITED CUP,True,True
Flavio Cobolli,2024,MUBADALA CITI DC OPEN,True,False
Flavio Cobolli,2024,ROLAND GARROS,True,False
Frances Tiafoe,2026,ROLAND GARROS,True,False
Frances Tiafoe,2026,BNP PARIBAS OPEN,True,False
Frances Tiafoe,2026,AUSTRALIAN OPEN,True,False
Frances Tiafoe,2025,DAVIS CUP QULIFIERS 2ND ROUND: CZECHIA vs USA,True,True
Frances Tiafoe,2025,US OPEN,True,True
Frances Tiafoe,2025,MUBADALA CITI DC OPEN,True,True
Frances Tiafoe,2025,THE CHAMPIONSHIPS,True,False
Frances Tiafoe,2025,ROLAND GARROS,True,False
Frances Tiafoe,2025,AUSTRALIAN OPEN,True,False
Frances Tiafoe,2024,BRISBANE INTERNATIONAL,True,True
Frances Tiafoe,2024,ROLEX SHANGHAI MASTERS,True,False
Frances Tiafoe,2024,LAVER CUP,True,True
Frances Tiafoe,2024,US OPEN,True,True
Frances Tiafoe,2024,MUBADALA CITI DC OPEN,True,True
Frances Tiafoe,2024,THE CHAMPIONSHIPS,True,False
Frances Tiafoe,2023,LAVER CUP,True,False
Frances Tiafoe,2023,US OPEN,True,True
Frances Tiafoe,2023,MUBADALA CITI DC OPEN,True,True
Frances Tiafoe,2023,THE CHAMPIONSHIPS,True,False
Frances Tiafoe,2023,CINCH CHAMPIONSHIPS,True,False
Frances Tiafoe,2023,ROLAND GARROS,True,False
Frances Tiafoe,2023,BNP PARIBAS OPEN,True,False
Frances Tiafoe,2023,AUSTRALIAN OPEN,True,False
Frances Tiafoe,2023,UNITED CUP,True,True
Frances Tiafoe,2022,UNITED CUP,True,False
Frances Tiafoe,2022,DAVIS CUP FINALS,True,False
Frances Tiafoe,2022,LAVER CUP,True,False
Frances Tiafoe,2022,US OPEN,True,False
Frances Tiafoe,2022,CITI OPEN,True,True
Frances Tiafoe,2022,THE CHAMPIONSHIPS,True,False
Frances Tiafoe,2022,MIAMI OPEN PRESENTED BY ITAú,True,False
Frances Tiafoe,2021,DAVIS CUP FINALS,True,False
Frances Tiafoe,2021,US OPEN,True,False
Frances Tiafoe,2021,NATIONAL BANK OPEN,True,False
Frances Tiafoe,2021,CITI OPEN,True,True
Frances Tiafoe,2021,THE CHAMPIONSHIPS,True,False
Frances Tiafoe,2021,MIAMI OPEN PRESENTED BY ITAú,True,False
Frances Tiafoe,2021,AUSTRALIAN OPEN,True,False
Frances Tiafoe,2020,US OPEN,True,False
Francesca Jones,2026,THE CHAMPIONSHIPS,True,False
Francesca Jones,2026,HSBC CHAMPIONSHIPS,True,False
Francesca Jones,2026,ROLAND GARROS,True,False
Francesca Jones,2026,AUSTRALIAN OPEN,True,True
Francesca Jones,2025,BILLIE JEAN KING CUP,True,True
Francesca Jones,2025,THE CHAMPIONSHIPS,True,False
Francesca Jones,2023,UNITED CUP,True,False
Francesca Jones,2021,THE CHAMPIONSHIPS,True,False
Francesca Jones,2021,AUSTRALIAN OPEN,True,True
Francesco Passaro,2025,AUSTRALIAN OPEN,True,False
Francisco Cerundolo,2026,HSBC CHAMPIONSHIPS,True,False
Francisco Cerundolo,2026,ROLAND GARROS,True,False
Francisco Cerundolo,2026,ADELAIDE INTERNATIONAL,True,True
Francisco Cerundolo,2025,DAVIS CUP FINALS,True,False
Francisco Cerundolo,2025,LAVER CUP,True,True
Francisco Cerundolo,2025,MUTUA MADRID OPEN,True,False
Francisco Cerundolo,2024,DAVIS CUP FINALS,True,True
Francisco Cerundolo,2024,LAVER CUP,True,False
Francisco Cerundolo,2024,ROLAND GARROS,True,False
Francisco Cerundolo,2023,LAVER CUP,True,False
Francisco Cerundolo,2023,ROLAND GARROS,True,False
Francisco Cerundolo,2023,MIAMI OPEN PRESENTED BY ITAú,True,False
Francisco Cerundolo,2022,UNITED CUP,True,True
Francisco Cerundolo,2022,DAVIS CUP FINALS,True,False
Francisco Cerundolo,2022,MIAMI OPEN PRESENTED BY ITAú,True,False
Francisco Comesana,2026,ROLAND GARROS,True,False
Francisco Roig,2020,ATP CUP,True,False
Franco Roncadelli,2020,ATP CUP,True,False
Frank Dancevic,2024,DAVIS CUP FINALS,True,False
Frank Dancevic,2023,DAVIS CUP FINALS,True,False
Frank Dancevic,2022,DAVIS CUP FINALS,True,False
Frank Dancevic,2021,DAVIS CUP FINALS,True,False
Félix Augier-Aliassime,2022,OMNIUM BANQUE NATIONALE,True,False
Gabor Koves,2021,DAVIS CUP FINALS,True,False
Gabriel Debru,2022,ROLAND GARROS,True,False
Gabriel Diallo,2026,ROLAND GARROS,True,False
Gabriel Diallo,2025,NATIONAL BANK OPEN,True,True
Gabriel Diallo,2024,DAVIS CUP FINALS,True,True
Gabriel Diallo,2024,OMNIUM BANQUE NATIONALE,True,False
Gabriel Diallo,2023,DAVIS CUP FINALS,True,True
Gabriel Diallo,2023,NATIONAL BANK OPEN,True,False
Gabriel Diallo,2022,DAVIS CUP FINALS,True,False
Gabriela Dabrowski,2025,US OPEN,True,False
Gabriela Dabrowski,2025,OMNIUM BANQUE NATIONALE,True,True
Gabriela Dabrowski,2025,AUSTRALIAN OPEN,True,False
Gabriela Dabrowski,2024,BILLIE JEAN KING CUP,True,True
Gabriela Dabrowski,2024,NATIONAL BANK OPEN,True,False
Gabriela Dabrowski,2023,BILLIE JEAN KING CUP,True,False
Gabriela Dabrowski,2023,US OPEN,True,False
Gabriela Dabrowski,2022,BILLIE JEAN KING CUP,True,False
Gabriela Dabrowski,2022,WTA FINALS,True,True
Gabriela Dabrowski,2022,GUADALAJARA OPEN,True,True
Gabriela Dabrowski,2021,OMNIUM BANQUE NATIONALE,True,False
Gabriela Knutson,2024,UNITED CUP,True,True
Gael Monfils,2026,ROLAND GARROS,True,True
Gael Monfils,2026,ROLEX MONTE-CARLO MASTERS,True,False
Gael Monfils,2026,BNP PARIBAS OPEN,True,True
Gael Monfils,2026,AUSTRALIAN OPEN,True,True
Gael Monfils,2025,NATIONAL BANK OPEN,True,False
Gael Monfils,2025,THE CHAMPIONSHIPS,True,False
Gael Monfils,2025,ROLAND GARROS,True,True
Gael Monfils,2025,ROLEX MONTE-CARLO MASTERS,True,False
Gael Monfils,2025,AUSTRALIAN OPEN,True,False
Gael Monfils,2024,ROLEX SHANGHAI MASTERS,True,True
Gael Monfils,2024,THE CHAMPIONSHIPS,True,False
Gael Monfils,2024,ROLAND GARROS,True,True
Gael Monfils,2024,ROLEX MONTE-CARLO MASTERS,True,False
Gael Monfils,2024,BNP PARIBAS OPEN,True,False
Gael Monfils,2024,QATAR EXXONMOBIL OPEN,True,False
Gael Monfils,2024,AUSTRALIAN OPEN,True,False
Gael Monfils,2023,ROLEX PARIS MASTERS,True,True
Gael Monfils,2023,LAVER CUP,True,True
Gael Monfils,2023,WESTERN & SOUTHERN OPEN,True,False
Gael Monfils,2023,NATIONAL BANK OPEN,True,False
Gael Monfils,2023,ROLAND GARROS,True,True
Gael Monfils,2022,ROLEX MONTE-CARLO MASTERS,True,True
Gael Monfils,2022,BNP PARIBAS OPEN,True,False
Gael Monfils,2022,AUSTRALIAN OPEN,True,False
Gael Monfils,2022,ADELAIDE INTERNATIONAL,True,True
Gael Monfils,2021,ROLEX PARIS MASTERS,True,True
Gael Monfils,2021,US OPEN,True,False
Gael Monfils,2021,WESTERN & SOUTHERN OPEN,True,False
Gael Monfils,2021,ROLAND GARROS,True,False
Gael Monfils,2021,INTERNAZIONALI BNL D'ITALIA,True,False
Gael Monfils,2021,AUSTRALIAN OPEN,True,False
Gael Monfils,2021,ATP CUP,True,True
Gael Monfils,2020,ROLAND GARROS,True,True
Gael Monfils,2020,INTERNAZIONALI BNL D'ITALIA,True,False
Gael Monfils,2020,DUBAI DUTY FREE TENNIS CHAMPIONSHIPS,True,True
Gael Monfils,2020,AUSTRALIAN OPEN,True,False
Gael Monfils,2020,ATP CUP,True,True
Gao Xinyu,2024,UNITED CUP,True,True
Garbine Muguruza,2024,WTA FINALS,True,True
Garbine Muguruza,2022,US OPEN,True,False
Garbine Muguruza,2022,ROLAND GARROS,True,False
Garbine Muguruza,2022,MUTUA MADRID OPEN,True,False
Garbine Muguruza,2022,QATAR TOTAL ENERGIES OPEN,True,True
Garbine Muguruza,2022,DUBAI DUTY FREE TENNIS CHAMPIONSHIPS,True,True
Garbine Muguruza,2022,AUSTRALIAN OPEN,True,True
Garbine Muguruza,2022,SYDNEY TENNIS CLASSIC,True,True
Garbine Muguruza,2021,WTA FINALS,True,True
Garbine Muguruza,2021,US OPEN,True,False
Garbine Muguruza,2021,THE CHAMPIONSHIPS,True,False
Garbine Muguruza,2021,ROLAND GARROS,True,False
Garbine Muguruza,2021,INTERNAZIONALI BNL D'ITALIA,True,False
Garbine Muguruza,2021,MUTUA MADRID OPEN,True,True
Garbine Muguruza,2021,MIAMI OPEN PRESENTED BY ITAú,True,True
Garbine Muguruza,2021,QATAR TOTAL OPEN,True,True
Garbine Muguruza,2021,AUSTRALIAN OPEN,True,False
Garbine Muguruza,2021,YARRA VALLEY CLASSIC,True,False
Garbine Muguruza,2020,ROLAND GARROS,True,True
Garbine Muguruza,2020,INTERNAZIONALI BNL D'ITALIA,True,False
Garbine Muguruza,2020,US OPEN,True,False
Garbine Muguruza,2020,QATAR TOTAL OPEN,True,False
Garbine Muguruza,2020,DUBAI DUTY FREE TENNIS CHAMPIONSHIPS,True,False
Garbine Muguruza,2020,AUSTRALIAN OPEN,True,False
Gaston Gaudio,2020,ATP CUP,True,True
Gavor Koves,2021,DAVIS CUP FINALS,True,False
Genaro Alberto Olivieri,2023,ROLAND GARROS,True,False
Geoffrey Blancaneaux,2026,UNITED CUP,True,True
Geoffrey Blancaneaux,2022,ROLAND GARROS,True,False
George Loffhagen,2025,THE CHAMPIONSHIPS,True,False
George Loffhagen,2023,THE CHAMPIONSHIPS,True,False
George Tsivadze,2020,ATP CUP,True,True
Gerald Melzer,2021,DAVIS CUP FINALS,True,False
Gergana Topalova,2023,UNITED CUP,True,False
Gergana Topalova,2022,UNITED CUP,True,True
Gijs Brouwer,2023,DAVIS CUP FINALS,True,False
Gilles Arnaud Bailly,2022,ROLAND GARROS,True,False
Gilles Cervara,2024,AUSTRALIAN OPEN,True,True
Gilles Cervara,2023,US OPEN,True,True
Gilles Cervara,2022,ATP CUP,True,False
Gilles Cervara,2021,ATP CUP,True,True
Gilles Cervara,2021,US OPEN,True,True
Gilles Moretton,2026,ROLAND GARROS,True,True
Gilles Moretton,2025,ROLAND GARROS,True,True
Gilles Moretton,2024,ROLAND GARROS,True,True
Gilles Moretton,2022,ROLAND GARROS,True,True
Gilles Moretton,2021,ROLAND GARROS,True,True
Gilles Simon,2022,ROLEX PARIS MASTERS,True,True
Gilles Simon,2022,ROLAND GARROS,True,True
Gilles Simon,2021,AUSTRALIAN OPEN,True,False
Gilles Simon,2020,ROLEX PARIS MASTERS,True,False
Gilles Simon,2020,ATP CUP,True,True
Giovanni Mpetshi Perric,2025,BRISBANE INTERNATIONAL,True,False
Giovanni Mpetshi Perricard,2026,ROLAND GARROS,True,True
Giovanni Mpetshi Perricard,2026,BRISBANE INTERNATIONAL,True,False
Giovanni Mpetshi Perricard,2025,THE CHAMPIONSHIPS,True,False
Giovanni Mpetshi Perricard,2025,ROLAND GARROS,True,True
Giovanni Mpetshi Perricard,2025,AUSTRALIAN OPEN,True,False
Giovanni Mpetshi Perricard,2024,ROLEX PARIS MASTERS,True,False
Giovanni Mpetshi Perricard,2024,THE CHAMPIONSHIPS,True,False
Giovanni Mpetshi Perricard,2024,ROLAND GARROS,True,False
Giovanni Mpetshi Perricard,2021,ROLAND GARROS,True,False
Gisela Dulko,2022,UNITED CUP,True,False
Giuliana Olmos,2022,WTA FINALS,True,True
Giuliana Olmos,2022,GUADALAJARA OPEN,True,True
Giuliana Olmos,2021,INTERNAZIONALI BNL D'ITALIA,True,False
Go Soeda,2026,UNITED CUP,True,True
Go Soeda,2020,ATP CUP,True,True
Gonzalo Escobar,2021,DAVIS CUP FINALS,True,False
Goran Ivanisevic,2023,NITTO ATP FINALS,True,True
Goran Ivanisevic,2023,US OPEN,True,True
Goran Ivanisevic,2023,ROLAND GARROS,True,True
Goran Ivanisevic,2023,AUSTRALIAN OPEN,True,True
Goran Ivanisevic,2022,NITTO ATP FINALS,True,True
Goran Ivanisevic,2022,THE CHAMPIONSHIPS,True,True
Goran Ivanisevic,2021,INTERNATIONAL TENNIS HALL OF FAME,True,True
Goran Ivanisevic,2021,THE CHAMPIONSHIPS,True,True
Goran Ivanisevic,2021,AUSTRALIAN OPEN,True,True
Goran Ivanisevic,2020,AUSTRALIAN OPEN,True,True
Gordon Reid,2026,THE CHAMPIONSHIPS,True,False
Gordon Reid,2025,AUSTRALIAN OPEN,True,False
Gordon Reid,2024,THE CHAMPIONSHIPS,True,False
Gordon Reid,2024,ROLAND GARROS,True,False
Gordon Reid,2024,AUSTRALIAN OPEN,True,False
Gordon Reid,2023,THE CHAMPIONSHIPS,True,False
Gordon Reid,2023,ROLAND GARROS,True,False
Gordon Reid,2023,AUSTRALIAN OPEN,True,False
Gordon Reid,2022,THE CHAMPIONSHIPS,True,False
Gordon Reid,2022,ROLAND GARROS,True,False
Gordon Reid,2022,AUSTRALIAN OPEN,True,False
Gordon Reid,2021,US OPEN,True,False
Gordon Reid,2021,THE CHAMPIONSHIPS,True,False
Gordon Reid,2021,CINCH CHAMPIONSHIPS,True,False
Gordon Reid,2021,ROLAND GARROS,True,False
Gordon Reid,2021,AUSTRALIAN OPEN,True,False
Gozal Ainitdinova,2022,UNITED CUP,True,True
Greet Minnen,2026,UNITED CUP,True,False
Greet Minnen,2022,ROLAND GARROS,True,False
Greet Minnen,2021,AUSTRALIAN OPEN,True,False
Gregoire Barrere,2022,ROLAND GARROS,True,False
Greta Holtz,2021,QATAR EXXONMOBIL OPEN,True,False
Grigor Dimitrov,2026,THE CHAMPIONSHIPS,True,False
Grigor Dimitrov,2026,BRISBANE INTERNATIONAL,True,True
Grigor Dimitrov,2025,THE CHAMPIONSHIPS,True,False
Grigor Dimitrov,2024,ROLEX SHANGHAI MASTERS,True,False
Grigor Dimitrov,2024,US OPEN,True,False
Grigor Dimitrov,2024,THE CHAMPIONSHIPS,True,False
Grigor Dimitrov,2024,ROLAND GARROS,True,False
Grigor Dimitrov,2024,MIAMI OPEN PRESENTED BY ITAú,True,False
Grigor Dimitrov,2024,BNP PARIBAS OPEN,True,False
Grigor Dimitrov,2024,AUSTRALIAN OPEN,True,False
Grigor Dimitrov,2024,BRISBANE INTERNATIONAL,True,False
Grigor Dimitrov,2023,ROLEX PARIS MASTERS,True,False
Grigor Dimitrov,2023,ROLEX SHANGHAI MASTERS,True,False
Grigor Dimitrov,2023,US OPEN,True,False
Grigor Dimitrov,2023,MUBADALA CITI DC OPEN,True,False
Grigor Dimitrov,2023,THE CHAMPIONSHIPS,True,False
Grigor Dimitrov,2023,ROLAND GARROS,True,False
Grigor Dimitrov,2023,UNITED CUP,True,False
Grigor Dimitrov,2022,UNITED CUP,True,False
Grigor Dimitrov,2022,CITI OPEN,True,False
Grigor Dimitrov,2022,ROLAND GARROS,True,False
Grigor Dimitrov,2022,ROLEX MONTE-CARLO MASTERS,True,False
Grigor Dimitrov,2022,AUSTRALIAN OPEN,True,False
Grigor Dimitrov,2022,MELBOURNE SUMMER SET,True,True
Grigor Dimitrov,2021,BNP PARIBAS OPEN,True,False
Grigor Dimitrov,2021,ROLEX MONTE-CARLO MASTERS,True,False
Grigor Dimitrov,2021,AUSTRALIAN OPEN,True,False
Grigor Dimitrov,2020,ROLAND GARROS,True,False
Grigor Dimitrov,2020,INTERNAZIONALI BNL D'ITALIA,True,False
Grigor Dimitrov,2020,ATP CUP,True,True
Grigor Dimotrov,2020,ROLAND GARROS,True,False
Grigoriy Lomakin,2022,UNITED CUP,True,True
Guido Andreozzi,2026,BNP PARIBAS OPEN,True,False
Guido Andreozzi,2026,UNITED CUP,True,True
Guido Andreozzi,2024,UNITED CUP,True,True
Guido Pella,2021,ATP CUP,True,True
Guido Pella,2020,ATP CUP,True,True
Guillermo Coria,2024,DAVIS CUP FINALS,True,False
Guo Hanyu,2026,THE CHAMPIONSHIPS,True,False
Gustavo Fernandez,2022,THE CHAMPIONSHIPS,True,False
Gustavo Fernandez,2022,ROLAND GARROS,True,False
Gustavo Heide,2024,UNITED CUP,True,True
Gustavo Kuerten,2020,ROLAND GARROS,True,True
Guy Den Ouden,2026,UNITED CUP,True,False
Guy Forget,2021,ROLEX PARIS MASTERS,True,True
Guy Forget,2021,ROLAND GARROS,True,True
Guy Forget,2020,ROLEX PARIS MASTERS,True,True
Guy Forget,2020,ROLAND GARROS,True,True
Guy Sasson,2025,ROLAND GARROS,True,False
Guy Sasson,2024,ROLAND GARROS,True,False
Hady Habib,2025,AUSTRALIAN OPEN,True,False
Hailey Baptiste,2026,ROLAND GARROS,True,False
Hailey Baptiste,2026,MUTUA MADRID OPEN,True,False
Hailey Baptiste,2026,AUSTRALIAN OPEN,True,False
Hailey Baptiste,2025,BILLIE JEAN KING CUP,True,True
Hailey Baptiste,2025,MUBADALA CITI DC OPEN,True,True
Hailey Baptiste,2025,ROLAND GARROS,True,False
Hamad Medjedovic,2024,UNITED CUP,True,True
Hamad Medjedovic,2023,UNITED CUP,True,True
Hamad Medjedovic,2023,DAVIS CUP FINALS,True,False
Hannah Klugman,2026,THE CHAMPIONSHIPS,True,False
Hannah Klugman,2025,THE CHAMPIONSHIPS,True,False
Hanne Vandewinkel,2024,BILLIE JEAN KING CUP: USA VS BELGIUM,True,True
Hans Podlipnik-Castillo,2020,ATP CUP,True,True
Harmony Tan,2022,THE CHAMPIONSHIPS,True,False
Harmony Tan,2022,ROLAND GARROS,True,False
Harold Mayot,2020,AUSTRALIAN OPEN,True,False
Harri Heliovaara,2026,THE CHAMPIONSHIPS,True,False
Harri Heliovaara,2026,ROLAND GARROS,True,False
Harri Heliovaara,2025,CHINA OPEN,True,False
Harri Heliovaara,2025,AUSTRALIAN OPEN,True,False
Harri Heliovaara,2024,THE CHAMPIONSHIPS,True,False
Harri Heliovaara,2023,DAVIS CUP FINALS,True,True
Harri Heliovaara,2022,SYDNEY TENNIS CLASSIC,True,False
Harriet Dart,2026,THE CHAMPIONSHIPS,True,False
Harriet Dart,2026,HSBC CHAMPIONSHIPS,True,False
Harriet Dart,2025,AUSTRALIAN OPEN,True,False
Harriet Dart,2024,BILLIE JEAN KING CUP,True,True
Harriet Dart,2024,THE CHAMPIONSHIPS,True,False
Harriet Dart,2024,ROTHESAY INTERNATIONAL,True,False
Harriet Dart,2023,THE CHAMPIONSHIPS,True,False
Harriet Dart,2023,ROTHESAY INTERNATIONAL,True,False
Harriet Dart,2022,BILLIE JEAN KING CUP,True,False
Harriet Dart,2022,THE CHAMPIONSHIPS,True,False
Harriet Dart,2022,AUSTRALIAN OPEN,True,False
Harry Wendelken,2026,THE CHAMPIONSHIPS,True,False
Heath Davidson,2021,AUSTRALIAN OPEN,True,False
Heather Watson,2025,THE CHAMPIONSHIPS,True,False
Heather Watson,2025,HSBC CHAMPIONSHIPS,True,False
Heather Watson,2024,BILLIE JEAN KING CUP,True,True
Heather Watson,2023,THE CHAMPIONSHIPS,True,False
Heather Watson,2023,ROTHESAY INTERNATIONAL,True,False
Heather Watson,2022,BILLIE JEAN KING CUP,True,False
Heather Watson,2022,THE CHAMPIONSHIPS,True,False
Heather Watson,2022,ROLAND GARROS,True,False
Heather Watson,2022,MIAMI OPEN PRESENTED BY ITAú,True,False
Heather Watson,2022,AUSTRALIAN OPEN,True,False
Heather Watson,2021,VIKING INTERNATIONAL,True,True
Heather Watson,2021,ROLAND GARROS,True,True
Heather Watson,2021,AUSTRALIAN OPEN,True,False
Heather Watson,2021,GRAMPIANS TROPHY,True,True
Heather Watson,2020,ROLAND GARROS,True,False
Heidi El Tabakh,2024,BILLIE JEAN KING CUP,True,False
Heidi El Tabakh,2023,BILLIE JEAN KING CUP,True,False
Heinz Guenthardt,2023,BILLIE JEAN KING CUP,True,False
Heinz Guenthardt,2022,BILLIE JEAN KING CUP,True,False
Henri Laacksonen,2022,ROLAND GARROS,True,False
Henri Laaksonen,2021,ROLAND GARROS,True,False
Henrique Rocha,2025,ROLAND GARROS,True,False
Henry Bernet,2025,AUSTRALIAN OPEN,True,False
Henry Patten,2026,THE CHAMPIONSHIPS,True,False
Henry Patten,2026,ROLAND GARROS,True,False
Henry Patten,2025,CHINA OPEN,True,False
Henry Patten,2025,AUSTRALIAN OPEN,True,False
Henry Patten,2024,THE CHAMPIONSHIPS,True,False
Henry Searle,2026,THE CHAMPIONSHIPS,True,False
Henry Searle,2025,THE CHAMPIONSHIPS,True,False
Henry Searle,2024,THE CHAMPIONSHIPS,True,False
Henry Searle,2023,THE CHAMPIONSHIPS,True,False
Herman Hoeyeraal,2020,ATP CUP,True,True
Holger Rune,2025,LAVER CUP,True,True
Holger Rune,2025,NATIONAL BANK OPEN,True,False
Holger Rune,2025,THE CHAMPIONSHIPS,True,False
Holger Rune,2025,ROLAND GARROS,True,True
Holger Rune,2025,BNP PARIBAS OPEN,True,False
Holger Rune,2025,AUSTRALIAN OPEN,True,False
Holger Rune,2024,ROLEX PARIS MASTERS,True,False
Holger Rune,2024,THE CHAMPIONSHIPS,True,False
Holger Rune,2024,CINCH CHAMPIONSHIPS,True,False
Holger Rune,2024,ROLAND GARROS,True,False
Holger Rune,2024,BNP PARIBAS OPEN,True,False
Holger Rune,2024,AUSTRALIAN OPEN,True,False
Holger Rune,2024,BRISBANE INTERNATIONAL,True,False
Holger Rune,2023,BRISBANE INTERNATIONAL,True,True
Holger Rune,2023,NITTO ATP FINALS,True,False
Holger Rune,2023,CHINA OPEN,True,True
Holger Rune,2023,US OPEN,True,False
Holger Rune,2023,THE CHAMPIONSHIPS,True,False
Holger Rune,2023,CINCH CHAMPIONSHIPS,True,False
Holger Rune,2023,ROLAND GARROS,True,False
Holger Rune,2023,INTERNAZIONALI BNL D'ITALIA,True,False
Holger Rune,2023,ROLEX MONTE-CARLO MASTERS,True,False
Holger Rune,2023,AUSTRALIAN OPEN,True,False
Holger Rune,2022,ADELAIDE INTERNATIONAL,True,True
Holger Rune,2022,ROLEX PARIS MASTERS,True,False
Holger Rune,2022,THE CHAMPIONSHIPS,True,False
Holger Rune,2022,ROLAND GARROS,True,False
Holger Rune,2021,NEXT GEN ATP FINALS,True,False
Holger Vitus Nodskov Rune,2021,US OPEN,True,False
Hong Seong Chan,2022,DAVIS CUP FINALS,True,False
Horacio Zeballos,2026,ROLAND GARROS,True,False
Horacio Zeballos,2025,DAVIS CUP FINALS,True,False
Horacio Zeballos,2025,US OPEN,True,False
Horacio Zeballos,2022,DAVIS CUP FINALS,True,False
Horacio Zeballos,2021,WESTERN & SOUTHERN OPEN,True,False
Horacio Zeballos,2021,ATP CUP,True,True
Horacio Zeballos,2020,INTERNAZIONALI BNL D'ITALIA,True,False
Horacio de la Pena,2024,UNITED CUP,True,False
Horia Tecau,2021,NITTO ATP FINALS,True,False
Horia-Vlad Tecau,2024,BILLIE JEAN KING CUP,True,False
Hsieh Su-Wei,2024,THE CHAMPIONSHIPS,True,False
Hsieh Su-Wei,2024,BNP PARIBAS OPEN,True,False
Hsieh Su-Wei,2024,AUSTRALIAN OPEN,True,False
Hsieh Su-Wei,2023,CHINA OPEN,True,False
Hsieh Su-Wei,2023,ROLAND GARROS,True,False
Hsieh Su-Wei,2021,WTA FINALS,True,False
Hsieh Su-Wei,2021,AUSTRALIAN OPEN,True,False
Hubert Hurcacz,2024,UNITED CUP,True,False
Hubert Hurcacz,2023,UNITED CUP,True,False
Hubert Hurkacz,2026,THE CHAMPIONSHIPS,True,False
Hubert Hurkacz,2026,UNITED CUP,True,True
Hubert Hurkacz,2025,UNITED CUP,True,True
Hubert Hurkacz,2024,UNITED CUP,True,True
Hubert Hurkacz,2024,OMNIUM BANQUE NATIONALE,True,False
Hubert Hurkacz,2024,THE CHAMPIONSHIPS,True,False
Hubert Hurkacz,2024,ROLAND GARROS,True,False
Hubert Hurkacz,2024,INTERNAZIONALI BNL D'ITALIA,True,False
Hubert Hurkacz,2024,AUSTRALIAN OPEN,True,False
Hubert Hurkacz,2023,UNITED CUP,True,True
Hubert Hurkacz,2023,NITTO ATP FINALS,True,False
Hubert Hurkacz,2023,ROLEX SHANGHAI MASTERS,True,False
Hubert Hurkacz,2023,LAVER CUP,True,True
Hubert Hurkacz,2023,THE CHAMPIONSHIPS,True,False
Hubert Hurkacz,2023,AUSTRALIAN OPEN,True,False
Hubert Hurkacz,2022,OMNIUM BANQUE NATIONALE,True,False
Hubert Hurkacz,2022,MIAMI OPEN PRESENTED BY ITAú,True,False
Hubert Hurkacz,2022,AUSTRALIAN OPEN,True,False
Hubert Hurkacz,2022,ATP CUP,True,True
Hubert Hurkacz,2021,ATP CUP,True,True
Hubert Hurkacz,2021,NITTO ATP FINALS,True,False
Hubert Hurkacz,2021,ROLEX PARIS MASTERS,True,False
Hubert Hurkacz,2021,BNP PARIBAS OPEN,True,False
Hubert Hurkacz,2021,WESTERN & SOUTHERN OPEN,True,False
Hubert Hurkacz,2021,THE CHAMPIONSHIPS,True,False
Hubert Hurkacz,2021,MIAMI OPEN PRESENTED BY ITAú,True,False
Hubert Hurkacz,2021,GREAT OCEAN ROAD OPEN,True,False
Hubert Hurkacz,2020,ATP CUP,True,True
Hugo Dellien,2022,ROLAND GARROS,True,False
Hugo Gaston,2026,ROLAND GARROS,True,False
Hugo Gaston,2025,ROLAND GARROS,True,False
Hugo Gaston,2023,ROLAND GARROS,True,False
Hugo Gaston,2022,ROLAND GARROS,True,False
Hugo Gaston,2021,NEXT GEN ATP FINALS,True,False
Hugo Gaston,2021,ROLEX PARIS MASTERS,True,False
Hugo Gaston,2020,ROLEX PARIS MASTERS,True,False
Hugo Gaston,2020,ROLAND GARROS,True,False
Hunter Reese,2023,UNITED CUP,True,False
Iga Swiatec,2023,OMNIUM BANQUE NATIONALE,True,False
Iga Swiatek,2026,THE CHAMPIONSHIPS,True,True
Iga Swiatek,2026,ROLAND GARROS,True,True
Iga Swiatek,2026,INTERNAZIONALI BNL D'ITALIA,True,True
Iga Swiatek,2026,PORSCHE TENNIS GRAND PRIX,True,True
Iga Swiatek,2026,BNP PARIBAS OPEN,True,True
Iga Swiatek,2026,QATAR TOTAL ENERGIES OPEN,True,True
Iga Swiatek,2026,AUSTRALIAN OPEN,True,True
Iga Swiatek,2026,UNITED CUP,True,True
Iga Swiatek,2025,CHINA OPEN,True,True
Iga Swiatek,2025,US OPEN,True,True
Iga Swiatek,2025,OMNIUM BANQUE NATIONALE,True,False
Iga Swiatek,2025,THE CHAMPIONSHIPS,True,True
Iga Swiatek,2025,ROLAND GARROS,True,True
Iga Swiatek,2025,INTERNAZIONALI BNL D'ITALIA,True,True
Iga Swiatek,2025,MUTUA MADRID OPEN,True,True
Iga Swiatek,2025,PORSCHE TENNIS GRAND PRIX,True,True
Iga Swiatek,2025,MIAMI OPEN PRESENTED BY ITAú,True,False
Iga Swiatek,2025,BNP PARIBAS OPEN,True,True
Iga Swiatek,2025,DUBAI DUTY FREE TENNIS CHAMPIONSHIPS,True,True
Iga Swiatek,2025,QATAR TOTAL ENERGIES OPEN,True,True
Iga Swiatek,2025,AUSTRALIAN OPEN,True,True
Iga Swiatek,2025,UNITED CUP,True,True
Iga Swiatek,2024,UNITED CUP,True,True
Iga Swiatek,2024,BILLIE JEAN KING CUP,True,True
Iga Swiatek,2024,WTA FINALS,True,True
Iga Swiatek,2024,US OPEN,True,True
Iga Swiatek,2024,THE CHAMPIONSHIPS,True,False
Iga Swiatek,2024,ROLAND GARROS,True,False
Iga Swiatek,2024,INTERNAZIONALI BNL D'ITALIA,True,True
Iga Swiatek,2024,MUTUA MADRID OPEN,True,False
Iga Swiatek,2024,PORSCHE TENNIS GRAND PRIX,True,True
Iga Swiatek,2024,MIAMI OPEN PRESENTED BY ITAú,True,False
Iga Swiatek,2024,BNP PARIBAS OPEN,True,False
Iga Swiatek,2024,DUBAI DUTY FREE TENNIS CHAMPIONSHIPS,True,True
Iga Swiatek,2024,QATAR TOTAL ENERGIES OPEN,True,True
Iga Swiatek,2024,AUSTRALIAN OPEN,True,True
Iga Swiatek,2023,UNITED CUP,True,True
Iga Swiatek,2023,WTA FINALS,True,True
Iga Swiatek,2023,CHINA OPEN,True,True
Iga Swiatek,2023,US OPEN,True,True
Iga Swiatek,2023,WESTERN & SOUTHERN OPEN,True,False
Iga Swiatek,2023,OMNIUM BANQUE NATIONALE,True,False
Iga Swiatek,2023,THE CHAMPIONSHIPS,True,True
Iga Swiatek,2023,ROLAND GARROS,True,True
Iga Swiatek,2023,INTERNAZIONALI BNL D'ITALIA,True,True
Iga Swiatek,2023,MUTUA MADRID OPEN,True,True
Iga Swiatek,2023,PORSCHE TENNIS GRAND PRIX,True,True
Iga Swiatek,2023,MIAMI OPEN PRESENTED BY ITAú,True,True
Iga Swiatek,2023,BNP PARIBAS OPEN,True,False
Iga Swiatek,2023,DUBAI DUTY FREE TENNIS CHAMPIONSHIPS,True,True
Iga Swiatek,2023,QATAR TOTAL ENERGIES OPEN,True,True
Iga Swiatek,2023,AUSTRALIAN OPEN,True,True
Iga Swiatek,2022,UNITED CUP,True,False
Iga Swiatek,2022,WTA FINALS,True,True
Iga Swiatek,2022,US OPEN,True,True
Iga Swiatek,2022,WESTERN & SOUTHERN OPEN,True,False
Iga Swiatek,2022,NATIONAL BANK OPEN,True,False
Iga Swiatek,2022,THE CHAMPIONSHIPS,True,True
Iga Swiatek,2022,ROLAND GARROS,True,True
Iga Swiatek,2022,INTERNAZIONALI BNL D'ITALIA,True,True
Iga Swiatek,2022,MIAMI OPEN PRESENTED BY ITAú,True,True
Iga Swiatek,2022,BNP PARIBAS OPEN,True,False
Iga Swiatek,2022,QATAR TOTAL ENERGIES OPEN,True,True
Iga Swiatek,2022,DUBAI DUTY FREE TENNIS CHAMPIONSHIPS,True,False
Iga Swiatek,2022,AUSTRALIAN OPEN,True,False
Iga Swiatek,2022,ADELAIDE INTERNATIONAL,True,True
Iga Swiatek,2021,WTA FINALS,True,True
Iga Swiatek,2021,BNP PARIBAS OPEN,True,False
Iga Swiatek,2021,US OPEN,True,False
Iga Swiatek,2021,THE CHAMPIONSHIPS,True,True
Iga Swiatek,2021,VIKING INTERNATIONAL,True,False
Iga Swiatek,2021,ROLAND GARROS,True,False
Iga Swiatek,2021,INTERNAZIONALI BNL D'ITALIA,True,False
Iga Swiatek,2021,MUTUA MADRID OPEN,True,False
Iga Swiatek,2021,MIAMI OPEN PRESENTED BY ITAú,True,False
Iga Swiatek,2021,ADELAIDE INTERNATIONAL,True,True
Iga Swiatek,2021,AUSTRALIAN OPEN,True,True
Iga Swiatek,2021,GIPPSLAND TROPHY,True,True
Iga Swiatek,2020,ROLAND GARROS,True,False
Inigo Cervantes,2026,UNITED CUP,True,True
Irina-Camelia Begu,2023,ADELAIDE INTERNATIONAL,True,False
Irina-Camelia Begu,2022,ROLAND GARROS,True,False
Isabella Shinikova,2023,UNITED CUP,True,False
Isabella Shinikova,2022,UNITED CUP,True,True
Iva Jovic,2026,THE CHAMPIONSHIPS,True,False
Iva Jovic,2026,HSBC CHAMPIONSHIPS,True,False
Iva Jovic,2026,ROLAND GARROS,True,False
Iva Jovic,2026,AUSTRALIAN OPEN,True,False
Iva Majoli,2024,UNITED CUP,True,False
Iva Majoli,2023,UNITED CUP,True,False
Iva Majoli,2022,UNITED CUP,True,False
Ivan Dodig,2024,UNITED CUP,True,True
Ivan Dodig,2023,UNITED CUP,True,True
Ivan Dodig,2023,CHINA OPEN,True,False
Ivan Dodig,2022,ROLAND GARROS,True,False
Ivan Dodig,2022,AUSTRALIAN OPEN,True,False
Ivan Dodig,2021,AUSTRALIAN OPEN,True,True
Ivan Dodig,2020,ATP CUP,True,False
Ivan Ivanov,2025,US OPEN,True,False
Ivan Ivanov,2025,THE CHAMPIONSHIPS,True,False
Ivan Ljubicic,2026,ROLAND GARROS,True,True
Ivan Ljubicic,2025,ROLAND GARROS,True,True
Ivan Ljubicic,2024,ROLAND GARROS,True,True
Ivan Nedelko,2020,ATP CUP,True,True
Ivan Sabanov,2022,ATP CUP,True,False
Ivan Sabanov,2021,ATP CUP,True,True
Izyan Ahmad,2022,BNP PARIBAS OPEN,True,True
J.J. Wolf,2023,AUSTRALIAN OPEN,True,False
J.J. Wolf,2020,US OPEN,True,False
J.J. Wolf,2020,WESTERN & SOUTHERN OPEN,True,False
Jack Draper,2026,THE CHAMPIONSHIPS,True,True
Jack Draper,2026,MIAMI OPEN PRESENTED BY ITAú,True,False
Jack Draper,2026,BNP PARIBAS OPEN,True,True
Jack Draper,2025,US OPEN,True,True
Jack Draper,2025,THE CHAMPIONSHIPS,True,True
Jack Draper,2025,HSBC CHAMPIONSHIPS,True,False
Jack Draper,2025,ROLAND GARROS,True,True
Jack Draper,2025,INTERNAZIONALI BNL D'ITALIA,True,False
Jack Draper,2025,MUTUA MADRID OPEN,True,False
Jack Draper,2025,BNP PARIBAS OPEN,True,False
Jack Draper,2025,QATAR EXXONMOBIL OPEN,True,False
Jack Draper,2025,AUSTRALIAN OPEN,True,True
Jack Draper,2024,US OPEN,True,False
Jack Draper,2024,THE CHAMPIONSHIPS,True,False
Jack Draper,2024,CINCH CHAMPIONSHIPS,True,True
Jack Draper,2024,ROLAND GARROS,True,False
Jack Draper,2024,AUSTRALIAN OPEN,True,False
Jack Draper,2024,ADELAIDE INTERNATIONAL,True,False
Jack Draper,2023,DAVIS CUP FINALS,True,True
Jack Draper,2023,US OPEN,True,False
Jack Draper,2023,AUSTRALIAN OPEN,True,False
Jack Draper,2023,ADELAIDE INTERNATIONAL,True,True
Jack Draper,2022,US OPEN,True,False
Jack Draper,2022,THE CHAMPIONSHIPS,True,False
Jack Draper,2022,MUTUA MADRID OPEN,True,False
Jack Draper,2022,MIAMI OPEN PRESENTED BY ITAú,True,False
Jack Draper,2021,THE CHAMPIONSHIPS,True,False
Jack Draper,2021,CINCH CHAMPIONSHIPS,True,False
Jack Draper,2021,MIAMI OPEN PRESENTED BY ITAú,True,False
Jack Pinnington,2025,THE CHAMPIONSHIPS,True,False
Jack Pinnington Jones,2025,THE CHAMPIONSHIPS,True,False
Jack Sock,2022,DAVIS CUP FINALS,True,False
Jack Sock,2022,LAVER CUP,True,False
Jack Sock,2022,DAVIS CUP QUALIFIERS: USA VS COLOMBIA,True,True
Jack Sock,2021,DAVIS CUP FINALS,True,False
Jack Sock,2021,LAVER CUP,True,True
Jack Sock,2020,ROLAND GARROS,True,False
Jacob Fearnley,2026,THE CHAMPIONSHIPS,True,False
Jacob Fearnley,2026,ROLAND GARROS,True,False
Jacob Fearnley,2026,AUSTRALIAN OPEN,True,True
Jacob Fearnley,2025,THE CHAMPIONSHIPS,True,False
Jacob Fearnley,2025,HSBC CHAMPIONSHIPS,True,False
Jacob Fearnley,2025,ROLAND GARROS,True,True
Jacob Fearnley,2025,BNP PARIBAS OPEN,True,False
Jacob Fearnley,2025,AUSTRALIAN OPEN,True,True
Jacob Fearnley,2024,THE CHAMPIONSHIPS,True,False
Jade Moreira Lanai,2022,US OPEN,True,False
Jaimee Fourlis,2022,AUSTRALIAN OPEN,True,False
Jakub Mensik,2026,THE CHAMPIONSHIPS,True,False
Jakub Mensik,2026,ROLAND GARROS,True,False
Jakub Mensik,2026,AUSTRALIAN OPEN,True,True
Jakub Mensik,2026,UNITED CUP,True,True
Jakub Mensik,2025,DAVIS CUP FINALS,True,False
Jakub Mensik,2025,LAVER CUP,True,True
Jakub Mensik,2025,DAVIS CUP MEDIA CONFERENCE,True,False
Jakub Mensik,2025,DAVIS CUP QULIFIERS 2ND ROUND: CZECHIA vs USA,True,True
Jakub Mensik,2025,ROLAND GARROS,True,False
Jakub Mensik,2025,MIAMI OPEN PRESENTED BY ITAú,True,False
Jakub Mensik,2025,AUSTRALIAN OPEN,True,False
Jakub Mensik,2024,ROLEX SHANGHAI MASTERS,True,False
Jakub Mensik,2024,QATAR EXXONMOBIL OPEN,True,False
Jakub Mensik,2023,DAVIS CUP FINALS,True,True
Jakub Mensik,2023,US OPEN,True,False
Jakub Paul,2026,UNITED CUP,True,True
Jakub Paul,2024,UNITED CUP,True,True
James Duckworth,2026,AUSTRALIAN OPEN,True,False
James Duckworth,2025,AUSTRALIAN OPEN,True,False
James Duckworth,2022,ROLAND GARROS,True,False
James Duckworth,2022,AUSTRALIAN OPEN,True,False
James Duckworth,2022,ATP CUP,True,False
James Duckworth,2021,ATP CUP,True,True
James Duckworth,2021,ROLEX PARIS MASTERS,True,False
James Duckworth,2021,AUSTRALIAN OPEN,True,False
James Duckworth,2021,MURRAY RIVER OPEN,True,False
James McCabe,2025,AUSTRALIAN OPEN,True,False
James Trotman,2024,US OPEN,True,True
James Ward,2020,ATP CUP,True,False
Jamie Murray,2024,THE CHAMPIONSHIPS,True,False
Jamie Murray,2022,THE CHAMPIONSHIPS,True,False
Jamie Murray,2022,ATP CUP,True,False
Jamie Murray,2021,ATP CUP,True,True
Jamie Murray,2021,US OPEN,True,False
Jamie Murray,2021,GREAT OCEAN ROAD OPEN,True,False
Jamie Murray,2020,ROLAND GARROS,True,True
Jamie Murray,2020,WESTERN & SOUTHERN OPEN,True,True
Jamie Murray,2020,ATP CUP,True,False
Jan Choinski,2026,THE CHAMPIONSHIPS,True,False
Jan Choinski,2026,UNITED CUP,True,True
Jan Choinski,2024,UNITED CUP,True,False
Jan Choinski,2024,THE CHAMPIONSHIPS,True,False
Jan Choinski,2023,THE CHAMPIONSHIPS,True,False
Jan Zielinski,2026,UNITED CUP,True,True
Jan Zielinski,2025,UNITED CUP,True,False
Jan Zielinski,2024,UNITED CUP,True,True
Jan Zielinski,2024,THE CHAMPIONSHIPS,True,False
Jan Zielinski,2024,AUSTRALIAN OPEN,True,False
Jan Zielinski,2022,ATP CUP,True,True
Jan Zielinski,2021,ATP CUP,True,False
Jan Zielisnki,2023,UNITED CUP,True,False
Jan-Lennard Struff,2026,THE CHAMPIONSHIPS,True,False
Jan-Lennard Struff,2025,DAVIS CUP FINALS,True,False
Jan-Lennard Struff,2025,THE CHAMPIONSHIPS,True,False
Jan-Lennard Struff,2024,DAVIS CUP FINALS,True,True
Jan-Lennard Struff,2024,AUSTRALIAN OPEN,True,False
Jan-Lennard Struff,2023,MUTUA MADRID OPEN,True,False
Jan-Lennard Struff,2022,DAVIS CUP FINALS,True,False
Jan-Lennard Struff,2022,THE CHAMPIONSHIPS,True,False
Jan-Lennard Struff,2022,ATP CUP,True,True
Jan-Lennard Struff,2021,ATP CUP,True,True
Jan-Lennard Struff,2021,DAVIS CUP FINALS,True,False
Jan-Lennard Struff,2021,ROLAND GARROS,True,False
Jan-Lennard Struff,2021,AUSTRALIAN OPEN,True,False
Jan-Lennard Struff,2020,ROLAND GARROS,True,False
Jan-Lennard Struff,2020,ATP CUP,True,True
Janice Tjen,2025,US OPEN,True,False
Jannik Sinner,2026,THE CHAMPIONSHIPS,True,True
Jannik Sinner,2026,ROLAND GARROS,True,True
Jannik Sinner,2026,INTERNAZIONALI BNL D'ITALIA,True,True
Jannik Sinner,2026,MUTUA MADRID OPEN,True,False
Jannik Sinner,2026,ROLEX MONTE-CARLO MASTERS,True,False
Jannik Sinner,2026,MIAMI OPEN PRESENTED BY ITAú,True,False
Jannik Sinner,2026,BNP PARIBAS OPEN,True,True
Jannik Sinner,2026,QATAR EXXONMOBIL OPEN,True,False
Jannik Sinner,2026,AUSTRALIAN OPEN,True,True
Jannik Sinner,2025,ROLEX PARIS MASTERS,True,True
Jannik Sinner,2025,ROLEX SHANGHAI MASTERS,True,True
Jannik Sinner,2025,CHINA OPEN,True,True
Jannik Sinner,2025,US OPEN,True,True
Jannik Sinner,2025,THE CHAMPIONSHIPS,True,True
Jannik Sinner,2025,ROLAND GARROS,True,True
Jannik Sinner,2025,INTERNAZIONALI BNL D'ITALIA,True,False
Jannik Sinner,2025,AUSTRALIAN OPEN,True,True
Jannik Sinner,2024,DAVIS CUP FINALS,True,False
Jannik Sinner,2024,NITTO ATP FINALS,True,False
Jannik Sinner,2024,ROLEX PARIS MASTERS,True,True
Jannik Sinner,2024,ROLEX SHANGHAI MASTERS,True,True
Jannik Sinner,2024,CHINA OPEN,True,True
Jannik Sinner,2024,US OPEN,True,True
Jannik Sinner,2024,OMNIUM BANQUE NATIONALE,True,False
Jannik Sinner,2024,THE CHAMPIONSHIPS,True,False
Jannik Sinner,2024,ROLAND GARROS,True,False
Jannik Sinner,2024,MUTUA MADRID OPEN,True,False
Jannik Sinner,2024,ROLEX MONTE-CARLO MASTERS,True,False
Jannik Sinner,2024,MIAMI OPEN PRESENTED BY ITAú,True,False
Jannik Sinner,2024,BNP PARIBAS OPEN,True,False
Jannik Sinner,2024,AUSTRALIAN OPEN,True,True
Jannik Sinner,2023,DAVIS CUP FINALS,True,True
Jannik Sinner,2023,NITTO ATP FINALS,True,False
Jannik Sinner,2023,ROLEX SHANGHAI MASTERS,True,True
Jannik Sinner,2023,CHINA OPEN,True,True
Jannik Sinner,2023,US OPEN,True,False
Jannik Sinner,2023,NATIONAL BANK OPEN,True,False
Jannik Sinner,2023,THE CHAMPIONSHIPS,True,False
Jannik Sinner,2023,ROLAND GARROS,True,False
Jannik Sinner,2023,INTERNAZIONALI BNL D'ITALIA,True,False
Jannik Sinner,2023,ROLEX MONTE-CARLO MASTERS,True,False
Jannik Sinner,2023,MIAMI OPEN PRESENTED BY ITAú,True,False
Jannik Sinner,2023,BNP PARIBAS OPEN,True,False
Jannik Sinner,2023,AUSTRALIAN OPEN,True,False
Jannik Sinner,2022,DAVIS CUP FINALS,True,False
Jannik Sinner,2022,US OPEN,True,False
Jannik Sinner,2022,THE CHAMPIONSHIPS,True,False
Jannik Sinner,2022,ROLAND GARROS,True,False
Jannik Sinner,2022,INTERNAZIONALI BNL D'ITALIA,True,False
Jannik Sinner,2022,MIAMI OPEN PRESENTED BY ITAú,True,False
Jannik Sinner,2022,BNP PARIBAS OPEN,True,False
Jannik Sinner,2022,DUBAI DUTY FREE TENNIS CHAMPIONSHIPS,True,False
Jannik Sinner,2022,AUSTRALIAN OPEN,True,False
Jannik Sinner,2022,ATP CUP,True,False
Jannik Sinner,2021,ATP CUP,True,True
Jannik Sinner,2021,DAVIS CUP FINALS,True,False
Jannik Sinner,2021,NITTO ATP FINALS,True,False
Jannik Sinner,2021,ROLEX PARIS MASTERS,True,False
Jannik Sinner,2021,BNP PARIBAS OPEN,True,False
Jannik Sinner,2021,US OPEN,True,False
Jannik Sinner,2021,WESTERN & SOUTHERN OPEN,True,False
Jannik Sinner,2021,CITI OPEN,True,False
Jannik Sinner,2021,CINCH CHAMPIONSHIPS,True,False
Jannik Sinner,2021,ROLAND GARROS,True,False
Jannik Sinner,2021,INTERNAZIONALI BNL D'ITALIA,True,True
Jannik Sinner,2021,MUTUA MADRID OPEN,True,False
Jannik Sinner,2021,ROLEX MONTE-CARLO MASTERS,True,False
Jannik Sinner,2021,MIAMI OPEN PRESENTED BY ITAú,True,False
Jannik Sinner,2021,AUSTRALIAN OPEN,True,False
Jannik Sinner,2021,GREAT OCEAN ROAD OPEN,True,False
Jannik Sinner,2020,ROLAND GARROS,True,False
Jannik Sinner,2020,INTERNAZIONALI BNL D'ITALIA,True,False
Jannik Sinner,2020,AUSTRALIAN OPEN,True,False
Jaqueline Cristian,2024,BILLIE JEAN KING CUP,True,False
Jarkko Nieminen,2023,DAVIS CUP FINALS,True,False
Jaroslav Blazek,2023,US OPEN,True,True
Jaroslav Navratil,2023,DAVIS CUP FINALS,True,False
Jaroslav Navratil,2021,DAVIS CUP FINALS,True,False
Jasmine Paolini,2026,THE CHAMPIONSHIPS,True,False
Jasmine Paolini,2026,ROLAND GARROS,True,False
Jasmine Paolini,2026,INTERNAZIONALI BNL D'ITALIA,True,False
Jasmine Paolini,2026,DUBAI DUTY FREE TENNIS CHAMPIONSHIPS,True,True
Jasmine Paolini,2026,QATAR TOTAL ENERGIES OPEN,True,True
Jasmine Paolini,2026,AUSTRALIAN OPEN,True,True
Jasmine Paolini,2026,UNITED CUP,True,True
Jasmine Paolini,2025,CHINA OPEN,True,False
Jasmine Paolini,2025,BILLIE JEAN KING CUP,True,True
Jasmine Paolini,2025,BILLIE JEAN KING CUP: ITALY VS UKRAINE,True,False
Jasmine Paolini,2025,BILLIE JEAN KING CUP: ITALY VS CHINA,True,False
Jasmine Paolini,2025,OMNIUM BANQUE NATIONALE,True,True
Jasmine Paolini,2025,THE CHAMPIONSHIPS,True,True
Jasmine Paolini,2025,ROLAND GARROS,True,True
Jasmine Paolini,2025,INTERNAZIONALI BNL D'ITALIA,True,True
Jasmine Paolini,2025,PORSCHE TENNIS GRAND PRIX,True,False
Jasmine Paolini,2025,MIAMI OPEN PRESENTED BY ITAú,True,False
Jasmine Paolini,2025,DUBAI DUTY FREE TENNIS CHAMPIONSHIPS,True,False
Jasmine Paolini,2025,QATAR TOTAL ENERGIES OPEN,True,False
Jasmine Paolini,2025,AUSTRALIAN OPEN,True,True
Jasmine Paolini,2025,UNITED CUP,True,True
Jasmine Paolini,2024,UNITED CUP,True,True
Jasmine Paolini,2024,BILLIE JEAN KING CUP,True,True
Jasmine Paolini,2024,WTA FINALS,True,True
Jasmine Paolini,2024,CHINA OPEN,True,False
Jasmine Paolini,2024,US OPEN,True,False
Jasmine Paolini,2024,THE CHAMPIONSHIPS,True,True
Jasmine Paolini,2024,ROTHESAY INTERNATIONAL,True,False
Jasmine Paolini,2024,ROLAND GARROS,True,False
Jasmine Paolini,2024,INTERNAZIONALI BNL D'ITALIA,True,True
Jasmine Paolini,2024,PORSCHE TENNIS GRAND PRIX,True,False
Jasmine Paolini,2024,DUBAI DUTY FREE TENNIS CHAMPIONSHIPS,True,True
Jasmine Paolini,2024,AUSTRALIAN OPEN,True,False
Jasmine Paolini,2023,BILLIE JEAN KING CUP,True,False
Jasmine Paolini,2022,BILLIE JEAN KING CUP,True,False
Jasmine Paolini,2022,INTERNAZIONALI BNL D'ITALIA,True,True
Jasmine Paolini,2022,BNP PARIBAS OPEN,True,False
Jasmine Paolini,2022,AUSTRALIAN OPEN,True,False
Jasmine Paolini,2021,AUSTRALIAN OPEN,True,False
Jasmine Paolini,2021,GIPPSLAND TROPHY,True,False
Jason Kubler,2026,AUSTRALIAN OPEN,True,False
Jason Kubler,2026,UNITED CUP,True,True
Jason Kubler,2024,AUSTRALIAN OPEN,True,False
Jason Kubler,2023,AUSTRALIAN OPEN,True,False
Jason Kubler,2023,UNITED CUP,True,False
Jason Kubler,2022,UNITED CUP,True,True
Jason Kubler,2022,THE CHAMPIONSHIPS,True,False
Jason Kubler,2022,AUSTRALIAN OPEN,True,False
Jason Kubler,2021,MURRAY RIVER OPEN,True,False
Jason Stacy,2025,US OPEN,True,True
Jason Stacy,2025,ROLAND GARROS,True,True
Jason Stacy,2025,AUSTRALIAN OPEN,True,True
Jason Stacy,2024,AUSTRALIAN OPEN,True,True
Jason Stacy,2023,US OPEN,True,True
Jason Stacy,2023,AUSTRALIAN OPEN,True,True
Jaume Munar,2026,UNITED CUP,True,True
Jaume Munar,2025,DAVIS CUP FINALS,True,True
Jaume Munar,2022,MELBOURNE SUMMER SET,True,False
Javier Frana,2025,DAVIS CUP FINALS,True,False
Jay Clarke,2025,THE CHAMPIONSHIPS,True,False
Jay Clarke,2022,THE CHAMPIONSHIPS,True,False
Jay Clarke,2021,THE CHAMPIONSHIPS,True,False
Jean-Francois Vilotte,2020,ROLAND GARROS,True,False
Jean-Julien Rojer,2023,DAVIS CUP FINALS,True,False
Jean-Julien Rojer,2023,NATIONAL BANK OPEN,True,False
Jean-Julien Rojer,2022,ROLAND GARROS,True,False
Jean-Yves Fillion,2022,BNP PARIBAS OPEN,True,True
Jeff Coetzee,2020,ATP CUP,True,True
Jelena Ostapenko,2026,THE CHAMPIONSHIPS,True,False
Jelena Ostapenko,2026,QATAR TOTAL ENERGIES OPEN,True,False
Jelena Ostapenko,2026,AUSTRALIAN OPEN,True,False
Jelena Ostapenko,2025,PORSCHE TENNIS GRAND PRIX,True,False
Jelena Ostapenko,2025,QATAR TOTAL ENERGIES OPEN,True,False
Jelena Ostapenko,2024,US OPEN,True,False
Jelena Ostapenko,2024,THE CHAMPIONSHIPS,True,False
Jelena Ostapenko,2024,DUBAI DUTY FREE TENNIS CHAMPIONSHIPS,True,False
Jelena Ostapenko,2024,ADELAIDE INTERNATIONAL,True,False
Jelena Ostapenko,2023,GUADALAJARA OPEN,True,True
Jelena Ostapenko,2023,US OPEN,True,False
Jelena Ostapenko,2023,ROLAND GARROS,True,False
Jelena Ostapenko,2023,PORSCHE TENNIS GRAND PRIX,True,False
Jelena Ostapenko,2023,DUBAI DUTY FREE TENNIS CHAMPIONSHIPS,True,False
Jelena Ostapenko,2023,AUSTRALIAN OPEN,True,False
Jelena Ostapenko,2022,THE CHAMPIONSHIPS,True,False
Jelena Ostapenko,2022,ROLAND GARROS,True,False
Jelena Ostapenko,2022,QATAR TOTAL ENERGIES OPEN,True,False
Jelena Ostapenko,2022,DUBAI DUTY FREE TENNIS CHAMPIONSHIPS,True,False
Jelena Ostapenko,2021,BNP PARIBAS OPEN,True,False
Jelena Ostapenko,2021,THE CHAMPIONSHIPS,True,False
Jelena Ostapenko,2021,VIKING INTERNATIONAL,True,False
Jelena Ostapenko,2021,INTERNAZIONALI BNL D'ITALIA,True,False
Jelena Ostapenko,2020,ROLAND GARROS,True,False
Jelena Ostapenko,2020,BNP PARIBAS FED CUP: USA VS LATVIA,True,True
Jeline Vandromme,2025,US OPEN,True,False
Jennifer Brady,2023,US OPEN,True,False
Jennifer Brady,2021,WESTERN & SOUTHERN OPEN,True,True
Jennifer Brady,2021,ROLAND GARROS,True,False
Jennifer Brady,2021,AUSTRALIAN OPEN,True,False
Jennifer Brady,2021,GRAMPIANS TROPHY,True,True
Jennifer Brady,2020,US OPEN,True,False
Jennifer Brady,2020,DUBAI DUTY FREE TENNIS CHAMPIONSHIPS,True,False
Jennifer Brady,2020,BRISBANE INTERNATIONAL,True,False
Jenson Brooksby,2026,THE CHAMPIONSHIPS,True,False
Jenson Brooksby,2025,LAVER CUP,True,False
Jenson Brooksby,2023,AUSTRALIAN OPEN,True,False
Jenson Brooksby,2022,US OPEN,True,False
Jenson Brooksby,2022,BNP PARIBAS OPEN,True,False
Jenson Brooksby,2021,US OPEN,True,False
Jenson Brooksby,2021,CITI OPEN,True,False
Jeremy Chardy,2023,AUSTRALIAN OPEN,True,False
Jeremy Chardy,2021,ROLEX MONTE-CARLO MASTERS,True,False
Jeremy Chardy,2021,MURRAY RIVER OPEN,True,True
Jesika Maleckova,2022,UNITED CUP,True,False
Jesper de Jong,2026,ROLAND GARROS,True,False
Jesper de Jong,2024,DAVIS CUP FINALS,True,True
Jessica Bouzas,2025,BILLIE JEAN KING CUP: SPAIN VS UKRAINE,True,False
Jessica Bouzas,2025,BILLIE JEAN KING CUP,True,True
Jessica Bouzas Maneiro,2026,UNITED CUP,True,True
Jessica Bouzas Maneiro,2025,OMNIUM BANQUE NATIONALE,True,False
Jessica Bouzas Maneiro,2025,AUSTRALIAN OPEN,True,False
Jessica Bouzas Maneiro,2024,UNITED CUP,True,True
Jessica Bouzas Maneiro,2024,BILLIE JEAN KING CUP,True,True
Jessica Bouzas Maneiro,2024,THE CHAMPIONSHIPS,True,False
Jessica Bouzas Maneiro,2022,UNITED CUP,True,False
Jessica Pegula,2026,THE CHAMPIONSHIPS,True,False
Jessica Pegula,2026,ROLAND GARROS,True,True
Jessica Pegula,2026,INTERNAZIONALI BNL D'ITALIA,True,False
Jessica Pegula,2026,BNP PARIBAS OPEN,True,True
Jessica Pegula,2026,DUBAI DUTY FREE TENNIS CHAMPIONSHIPS,True,True
Jessica Pegula,2026,AUSTRALIAN OPEN,True,True
Jessica Pegula,2025,CHINA OPEN,True,False
Jessica Pegula,2025,BILLIE JEAN KING CUP: ITALY VS USA,True,False
Jessica Pegula,2025,BILLIE JEAN KING CUP: USA VS GREAT BRITAIN,True,False
Jessica Pegula,2025,BILLIE JEAN KING CUP: KAZAKHSTAN VS USA,True,False
Jessica Pegula,2025,BILLIE JEAN KING CUP,True,True
Jessica Pegula,2025,US OPEN,True,True
Jessica Pegula,2025,OMNIUM BANQUE NATIONALE,True,True
Jessica Pegula,2025,MUBADALA CITI DC OPEN,True,True
Jessica Pegula,2025,THE CHAMPIONSHIPS,True,False
Jessica Pegula,2025,ROLAND GARROS,True,False
Jessica Pegula,2025,INTERNAZIONALI BNL D'ITALIA,True,True
Jessica Pegula,2025,PORSCHE TENNIS GRAND PRIX,True,True
Jessica Pegula,2025,MIAMI OPEN PRESENTED BY ITAú,True,False
Jessica Pegula,2025,BNP PARIBAS OPEN,True,True
Jessica Pegula,2025,DUBAI DUTY FREE TENNIS CHAMPIONSHIPS,True,True
Jessica Pegula,2025,AUSTRALIAN OPEN,True,True
Jessica Pegula,2025,ADELAIDE INTERNATIONAL,True,True
Jessica Pegula,2024,WTA FINALS,True,True
Jessica Pegula,2024,US OPEN,True,True
Jessica Pegula,2024,NATIONAL BANK OPEN,True,False
Jessica Pegula,2024,THE CHAMPIONSHIPS,True,False
Jessica Pegula,2024,BILLIE JEAN KING CUP: USA VS BELGIUM,True,True
Jessica Pegula,2024,ADELAIDE INTERNATIONAL,True,True
Jessica Pegula,2024,UNITED CUP,True,False
Jessica Pegula,2023,UNITED CUP,True,True
Jessica Pegula,2023,WTA FINALS,True,True
Jessica Pegula,2023,US OPEN,True,True
Jessica Pegula,2023,WESTERN & SOUTHERN OPEN,True,False
Jessica Pegula,2023,OMNIUM BANQUE NATIONALE,True,True
Jessica Pegula,2023,MUBADALA CITI DC OPEN,True,True
Jessica Pegula,2023,THE CHAMPIONSHIPS,True,True
Jessica Pegula,2023,ROLAND GARROS,True,False
Jessica Pegula,2023,INTERNAZIONALI BNL D'ITALIA,True,True
Jessica Pegula,2023,BILLIE JEAN KING CUP,True,True
Jessica Pegula,2023,MIAMI OPEN PRESENTED BY ITAú,True,False
Jessica Pegula,2023,BNP PARIBAS OPEN,True,False
Jessica Pegula,2023,DUBAI DUTY FREE TENNIS CHAMPIONSHIPS,True,False
Jessica Pegula,2023,QATAR TOTAL ENERGIES OPEN,True,True
Jessica Pegula,2023,AUSTRALIAN OPEN,True,False
Jessica Pegula,2022,UNITED CUP,True,False
Jessica Pegula,2022,WTA FINALS,True,True
Jessica Pegula,2022,GUADALAJARA OPEN,True,False
Jessica Pegula,2022,US OPEN,True,False
Jessica Pegula,2022,WESTERN & SOUTHERN OPEN,True,False
Jessica Pegula,2022,NATIONAL BANK OPEN,True,False
Jessica Pegula,2022,CITI OPEN,True,True
Jessica Pegula,2022,ROLAND GARROS,True,False
Jessica Pegula,2022,MUTUA MADRID OPEN,True,False
Jessica Pegula,2022,BILLIE JEAN KING CUP,True,True
Jessica Pegula,2022,MIAMI OPEN PRESENTED BY ITAú,True,False
Jessica Pegula,2022,QATAR TOTAL ENERGIES OPEN,True,False
Jessica Pegula,2022,AUSTRALIAN OPEN,True,False
Jessica Pegula,2022,MELBOURNE SUMMER SET,True,True
Jessica Pegula,2021,BNP PARIBAS OPEN,True,False
Jessica Pegula,2021,OMNIUM BANQUE NATIONALE,True,False
Jessica Pegula,2021,INTERNAZIONALI BNL D'ITALIA,True,False
Jessica Pegula,2021,MIAMI OPEN PRESENTED BY ITAú,True,False
Jessica Pegula,2021,QATAR TOTAL OPEN,True,False
Jessica Pegula,2021,AUSTRALIAN OPEN,True,False
Jessika Ponchet,2022,UNITED CUP,True,True
Ji-Sung Nam,2022,DAVIS CUP FINALS,True,False
JiSung Nam,2022,DAVIS CUP FINALS,True,False
Jiang Xinyu,2025,BILLIE JEAN KING CUP,True,False
Jil Teichmann,2026,ROLAND GARROS,True,False
Jil Teichmann,2023,BILLIE JEAN KING CUP,True,True
Jil Teichmann,2022,UNITED CUP,True,True
Jil Teichmann,2022,BILLIE JEAN KING CUP,True,False
Jil Teichmann,2022,ROLAND GARROS,True,False
Jil Teichmann,2022,MUTUA MADRID OPEN,True,False
Jil Teichmann,2021,WESTERN & SOUTHERN OPEN,True,False
Jil Teichmann,2021,AUSTRALIAN OPEN,True,False
Jiri Lahecka,2023,DAVIS CUP FINALS,True,False
Jiri Lehecka,2026,THE CHAMPIONSHIPS,True,False
Jiri Lehecka,2026,MIAMI OPEN PRESENTED BY ITAú,True,False
Jiri Lehecka,2026,BRISBANE INTERNATIONAL,True,True
Jiri Lehecka,2025,DAVIS CUP FINALS,True,False
Jiri Lehecka,2025,DAVIS CUP MEDIA CONFERENCE,True,False
Jiri Lehecka,2025,DAVIS CUP QULIFIERS 2ND ROUND: CZECHIA vs USA,True,True
Jiri Lehecka,2025,US OPEN,True,False
Jiri Lehecka,2025,HSBC CHAMPIONSHIPS,True,False
Jiri Lehecka,2025,QATAR EXXONMOBIL OPEN,True,False
Jiri Lehecka,2025,AUSTRALIAN OPEN,True,False
Jiri Lehecka,2025,BRISBANE INTERNATIONAL,True,False
Jiri Lehecka,2024,MUTUA MADRID OPEN,True,False
Jiri Lehecka,2024,BNP PARIBAS OPEN,True,False
Jiri Lehecka,2024,AUSTRALIAN OPEN,True,False
Jiri Lehecka,2024,ADELAIDE INTERNATIONAL,True,False
Jiri Lehecka,2023,THE CHAMPIONSHIPS,True,False
Jiri Lehecka,2023,QATAR EXXONMOBIL OPEN,True,False
Jiri Lehecka,2023,AUSTRALIAN OPEN,True,False
Jiri Lehecka,2022,UNITED CUP,True,True
Jiri Lehecka,2022,NEXT GEN ATP FINALS,True,False
Jiri Lehecka,2021,DAVIS CUP FINALS,True,False
Jiri Novak,2026,UNITED CUP,True,True
Jiri Vanek,2023,UNITED CUP,True,False
Jiri Vanek,2022,UNITED CUP,True,False
Jiri Vanek,2020,ROLAND GARROS,True,True
Jiri Vanek,2020,AUSTRALIAN OPEN,True,True
Jiri Vesely,2022,DUBAI DUTY FREE TENNIS CHAMPIONSHIPS,True,False
Jiri Vesely,2021,AUSTRALIAN OPEN,True,False
Jiske Griffioen,2024,AUSTRALIAN OPEN,True,False
Jo Wilfried Tsonga,2022,ROLEX MONTE-CARLO MASTERS,True,False
Jo-Wilfried Tsonga,2022,ROLAND GARROS,True,True
Jo-Wilfried Tsonga,2022,ROLEX MONTE-CARLO MASTERS,True,True
Jo-Wilfried Tsonga,2020,AUSTRALIAN OPEN,True,False
Joachim Gerard,2021,THE CHAMPIONSHIPS,True,False
Joachim Gerard,2021,AUSTRALIAN OPEN,True,False
Joanne Zuger,2022,UNITED CUP,True,True
Joao Fonseca,2026,THE CHAMPIONSHIPS,True,False
Joao Fonseca,2026,ROLAND GARROS,True,True
Joao Fonseca,2026,ROLEX MONTE-CARLO MASTERS,True,False
Joao Fonseca,2026,MIAMI OPEN PRESENTED BY ITAú,True,False
Joao Fonseca,2026,BNP PARIBAS OPEN,True,False
Joao Fonseca,2026,AUSTRALIAN OPEN,True,False
Joao Fonseca,2026,ADELAIDE INTERNATIONAL,True,True
Joao Fonseca,2025,ROLEX PARIS MASTERS,True,False
Joao Fonseca,2025,LAVER CUP,True,True
Joao Fonseca,2025,THE CHAMPIONSHIPS,True,True
Joao Fonseca,2025,ROLAND GARROS,True,True
Joao Fonseca,2025,MUTUA MADRID OPEN,True,False
Joao Fonseca,2025,MIAMI OPEN PRESENTED BY ITAú,True,False
Joao Fonseca,2025,BNP PARIBAS OPEN,True,False
Joao Fonseca,2025,AUSTRALIAN OPEN,True,False
Joao Fonseca,2023,US OPEN,True,False
Jodie Burrage,2025,BILLIE JEAN KING CUP,True,True
Jodie Burrage,2025,THE CHAMPIONSHIPS,True,False
Jodie Burrage,2025,AUSTRALIAN OPEN,True,True
Jodie Burrage,2024,AUSTRALIAN OPEN,True,True
Jodie Burrage,2023,US OPEN,True,False
Jodie Burrage,2023,THE CHAMPIONSHIPS,True,False
Jodie Burrage,2023,ROTHESAY INTERNATIONAL,True,False
Jodie Burrage,2022,THE CHAMPIONSHIPS,True,False
Jodie Burrage,2021,THE CHAMPIONSHIPS,True,False
Joe Salisbury,2025,US OPEN,True,False
Joe Salisbury,2024,ADELAIDE INTERNATIONAL,True,False
Joe Salisbury,2023,DAVIS CUP FINALS,True,True
Joe Salisbury,2023,US OPEN,True,False
Joe Salisbury,2022,NITTO ATP FINALS,True,False
Joe Salisbury,2022,DAVIS CUP FINALS,True,False
Joe Salisbury,2022,US OPEN,True,False
Joe Salisbury,2022,ATP CUP,True,False
Joe Salisbury,2021,ATP CUP,True,True
Joe Salisbury,2021,DAVIS CUP FINALS,True,False
Joe Salisbury,2021,NITTO ATP FINALS,True,False
Joe Salisbury,2021,US OPEN,True,False
Joe Salisbury,2021,NATIONAL BANK OPEN,True,False
Joe Salisbury,2021,ROLAND GARROS,True,False
Joe Salisbury,2021,AUSTRALIAN OPEN,True,False
Joe Salisbury,2020,NITTO ATP FINALS,True,False
Joe Salisbury,2020,ROLAND GARROS,True,True
Joe Salisbury,2020,AUSTRALIAN OPEN,True,False
Joe Salisbury,2020,ATP CUP,True,True
Johan Van Herck,2022,BILLIE JEAN KING CUP,True,False
Johanna Konta,2021,THE CHAMPIONSHIPS,True,True
Johanna Konta,2021,ROLAND GARROS,True,False
Johanna Konta,2021,MUTUA MADRID OPEN,True,False
Johanna Konta,2021,MIAMI OPEN PRESENTED BY ITAú,True,False
Johanna Konta,2021,AUSTRALIAN OPEN,True,True
Johanna Konta,2021,GIPPSLAND TROPHY,True,True
Johanna Konta,2020,ROLAND GARROS,True,True
Johanna Konta,2020,INTERNAZIONALI BNL D'ITALIA,True,False
Johanna Konta,2020,US OPEN,True,False
Johanna Konta,2020,WESTERN & SOUTHERN OPEN,True,False
Johanna Konta,2020,AUSTRALIAN OPEN,True,False
John Isner,2023,US OPEN,True,True
John Isner,2022,THE CHAMPIONSHIPS,True,False
John Isner,2022,ROLAND GARROS,True,False
John Isner,2022,BNP PARIBAS OPEN,True,False
John Isner,2022,ATP CUP,True,False
John Isner,2021,ATP CUP,True,True
John Isner,2021,DAVIS CUP FINALS,True,False
John Isner,2021,LAVER CUP,True,True
John Isner,2021,US OPEN,True,False
John Isner,2021,WESTERN & SOUTHERN OPEN,True,False
John Isner,2021,NATIONAL BANK OPEN,True,False
John Isner,2021,ROLAND GARROS,True,False
John Isner,2021,MUTUA MADRID OPEN,True,False
John Isner,2021,MIAMI OPEN PRESENTED BY ITAú,True,True
John Isner,2020,ROLAND GARROS,True,False
John Isner,2020,WESTERN & SOUTHERN OPEN,True,False
John Isner,2020,ATP CUP,True,True
John McEnroe,2024,LAVER CUP,True,False
John McEnroe,2023,LAVER CUP,True,False
John McEnroe,2022,BNP PARIBAS OPEN,True,True
John McEnroe,2021,LAVER CUP,True,True
John Millman,2023,UNITED CUP,True,True
John Millman,2023,AUSTRALIAN OPEN,True,False
John Millman,2022,AUSTRALIAN OPEN,True,False
John Millman,2022,ADELAIDE INTERNATIONAL,True,True
John Millman,2021,DAVIS CUP FINALS,True,False
John Millman,2021,CITI OPEN,True,False
John Millman,2021,INTERNAZIONALI BNL D'ITALIA,True,False
John Millman,2021,ATP CUP,True,True
John Millman,2020,ROLAND GARROS,True,False
John Millman,2020,AUSTRALIAN OPEN,True,False
John Millman,2020,ATP CUP,True,True
John Peers,2026,AUSTRALIAN OPEN,True,False
John Peers,2025,AUSTRALIAN OPEN,True,False
John Peers,2022,UNITED CUP,True,False
John Peers,2022,US OPEN,True,False
John Peers,2022,AUSTRALIAN OPEN,True,False
John Peers,2022,ATP CUP,True,False
John Peers,2021,ATP CUP,True,True
John Peers,2021,DAVIS CUP FINALS,True,False
John Peers,2021,BNP PARIBAS OPEN,True,False
John Peers,2020,DUBAI DUTY FREE TENNIS CHAMPIONSHIPS,True,False
John Peers,2020,ATP CUP,True,False
John-Patrick Smith,2026,UNITED CUP,True,True
John-Patrick Smith,2025,AUSTRALIAN OPEN,True,False
Joran Vliegen,2022,ROLAND GARROS,True,False
Joran Vliegen,2020,ATP CUP,True,True
Jordan Lee,2026,THE CHAMPIONSHIPS,True,False
Jordan Thompson,2026,AUSTRALIAN OPEN,True,False
Jordan Thompson,2025,AUSTRALIAN OPEN,True,True
Jordan Thompson,2024,BRISBANE INTERNATIONAL,True,True
Jordan Thompson,2024,DAVIS CUP FINALS,True,False
Jordan Thompson,2024,US OPEN,True,False
Jordan Thompson,2024,CINCH CHAMPIONSHIPS,True,False
Jordan Thompson,2024,AUSTRALIAN OPEN,True,False
Jordan Thompson,2024,ADELAIDE INTERNATIONAL,True,False
Jordan Thompson,2023,DAVIS CUP FINALS,True,True
Jordan Thompson,2023,CINCH CHAMPIONSHIPS,True,False
Jordan Thompson,2023,BNP PARIBAS OPEN,True,False
Jordan Thompson,2022,DAVIS CUP FINALS,True,False
Jordan Thompson,2022,SYDNEY TENNIS CLASSIC,True,False
Jordan Thompson,2022,MELBOURNE SUMMER SET,True,False
Jordan Thompson,2021,GREAT OCEAN ROAD OPEN,True,False
Jorge Aguilar,2022,ATP CUP,True,False
Jorge Aguilar,2021,ATP CUP,True,True
Jorge Aguirre,2023,UNITED CUP,True,False
Jorge Fernandez,2021,US OPEN,True,True
Jose Acasuso,2021,ATP CUP,True,True
Jose Antonio Sanchez de Luna,2024,UNITED CUP,True,False
Jose Maria Arrabal,2023,US OPEN,True,False
Jose Placido,2025,BNP PARIBAS OPEN,True,True
Joseph Salisbury,2021,DAVIS CUP FINALS,True,False
Juan Carlos Prado Angelo,2023,ROLAND GARROS,True,False
Juan Ignacio Londero,2020,ATP CUP,True,False
Juan Manuel Cerundolo,2026,ROLAND GARROS,True,False
Juan Martin Fumeaux,2020,ATP CUP,True,True
Juan Pablo Guzman,2020,ROLAND GARROS,True,True
Juan Pablo Varillas,2023,ROLAND GARROS,True,False
Juan Sebastian Cabal,2021,GREAT OCEAN ROAD OPEN,True,False
Juan-Sebastian Cabal,2022,DAVIS CUP QUALIFIERS: USA VS COLOMBIA,True,False
Juan-Sebastian Cabal,2021,DAVIS CUP FINALS,True,False
Judy Dalton,2023,INTERNATIONAL TENNIS HALL OF FAME,True,False
Jule Niemeier,2024,BILLIE JEAN KING CUP,True,True
Jule Niemeier,2023,BILLIE JEAN KING CUP,True,True
Jule Niemeier,2022,US OPEN,True,False
Jule Niemeier,2022,THE CHAMPIONSHIPS,True,False
Jule Niemeier,2022,ROLAND GARROS,True,False
Julian Cash,2025,NATIONAL BANK OPEN,True,False
Julian Cash,2025,THE CHAMPIONSHIPS,True,False
Julien Benneteau,2023,BILLIE JEAN KING CUP,True,False
Jurgen Melzer,2025,DAVIS CUP FINALS,True,False
Jurgen Melzer,2020,NITTO ATP FINALS,True,False
Jurgen Melzer,2020,ATP CUP,True,True
Jurij Rodionov,2025,DAVIS CUP FINALS,True,False
Jurij Rodionov,2021,DAVIS CUP FINALS,True,False
Jurij Rodionov,2020,ROLAND GARROS,True,False
Kacper Zuk,2021,ATP CUP,True,True
Kacper Zuk,2020,ATP CUP,True,False
Kai Wehnelt,2024,UNITED CUP,True,False
Kai Wehnelt,2023,UNITED CUP,True,False
Kaia Kanepi,2022,NATIONAL BANK OPEN,True,False
Kaia Kanepi,2022,CITI OPEN,True,False
Kaia Kanepi,2022,ROLAND GARROS,True,False
Kaia Kanepi,2022,AUSTRALIAN OPEN,True,False
Kaia Kanepi,2021,AUSTRALIAN OPEN,True,False
Kaia Kanepi,2021,GIPPSLAND TROPHY,True,False
Kaja Juvan,2023,BILLIE JEAN KING CUP,True,True
Kaja Juvan,2022,ADELAIDE INTERNATIONAL,True,False
Kaja Juvan,2020,ROLAND GARROS,True,False
Kamil Majchrzak,2025,UNITED CUP,True,False
Kamil Majchrzak,2024,UNITED CUP,True,False
Kamil Majchrzak,2022,ATP CUP,True,True
Kamil Majchrzak,2021,ATP CUP,True,True
Kamil Majchrzak,2020,ATP CUP,True,False
Kareem Al Allaf,2023,DUBAI DUTY FREE TENNIS CHAMPIONSHIPS,True,False
Karen Khachanov,2025,NATIONAL BANK OPEN,True,False
Karen Khachanov,2025,THE CHAMPIONSHIPS,True,False
Karen Khachanov,2025,DUBAI DUTY FREE TENNIS CHAMPIONSHIPS,True,False
Karen Khachanov,2024,DUBAI DUTY FREE TENNIS CHAMPIONSHIPS,True,False
Karen Khachanov,2024,QATAR EXXONMOBIL OPEN,True,True
Karen Khachanov,2023,ROLAND GARROS,True,False
Karen Khachanov,2023,MIAMI OPEN PRESENTED BY ITAú,True,False
Karen Khachanov,2023,AUSTRALIAN OPEN,True,False
Karen Khachanov,2022,US OPEN,True,False
Karen Khachanov,2022,ROLAND GARROS,True,False
Karen Khachanov,2022,ADELAIDE INTERNATIONAL,True,True
Karen Khachanov,2021,DAVIS CUP FINALS,True,True
Karen Khachanov,2021,THE CHAMPIONSHIPS,True,False
Karen Khachanov,2021,AUSTRALIAN OPEN,True,False
Karen Khachanov,2020,ROLAND GARROS,True,False
Karen Khachanov,2020,WESTERN & SOUTHERN OPEN,True,False
Karen Khachanov,2020,DUBAI DUTY FREE TENNIS CHAMPIONSHIPS,True,False
Karen Khachanov,2020,ATP CUP,True,True
Karl Hale,2025,NATIONAL BANK OPEN,True,True
Karl Hale,2024,NATIONAL BANK OPEN,True,True
Karl Hale,2023,NATIONAL BANK OPEN,True,True
Karl Hale,2022,NATIONAL BANK OPEN,True,True
Karl Hale,2021,NATIONAL BANK OPEN,True,True
Karolina Muchova,2026,THE CHAMPIONSHIPS,True,False
Karolina Muchova,2026,ROLAND GARROS,True,False
Karolina Muchova,2026,PORSCHE TENNIS GRAND PRIX,True,False
Karolina Muchova,2026,QATAR TOTAL ENERGIES OPEN,True,False
Karolina Muchova,2026,AUSTRALIAN OPEN,True,False
Karolina Muchova,2026,BRISBANE INTERNATIONAL,True,False
Karolina Muchova,2025,US OPEN,True,False
Karolina Muchova,2025,DUBAI DUTY FREE TENNIS CHAMPIONSHIPS,True,False
Karolina Muchova,2025,UNITED CUP,True,True
Karolina Muchova,2024,UNITED CUP,True,True
Karolina Muchova,2024,CHINA OPEN,True,False
Karolina Muchova,2024,US OPEN,True,False
Karolina Muchova,2024,ROTHESAY INTERNATIONAL,True,False
Karolina Muchova,2023,US OPEN,True,False
Karolina Muchova,2023,WESTERN & SOUTHERN OPEN,True,False
Karolina Muchova,2023,ROLAND GARROS,True,False
Karolina Muchova,2022,BILLIE JEAN KING CUP,True,False
Karolina Muchova,2022,ROLAND GARROS,True,False
Karolina Muchova,2021,THE CHAMPIONSHIPS,True,False
Karolina Muchova,2021,ROLAND GARROS,True,False
Karolina Muchova,2021,MUTUA MADRID OPEN,True,False
Karolina Muchova,2021,AUSTRALIAN OPEN,True,False
Karolina Pliskova,2026,HSBC CHAMPIONSHIPS,True,False
Karolina Pliskova,2026,AUSTRALIAN OPEN,True,False
Karolina Pliskova,2024,QATAR TOTAL ENERGIES OPEN,True,True
Karolina Pliskova,2023,OMNIUM BANQUE NATIONALE,True,False
Karolina Pliskova,2023,ROTHESAY INTERNATIONAL,True,False
Karolina Pliskova,2023,PORSCHE TENNIS GRAND PRIX,True,False
Karolina Pliskova,2023,AUSTRALIAN OPEN,True,False
Karolina Pliskova,2022,BILLIE JEAN KING CUP,True,False
Karolina Pliskova,2022,US OPEN,True,False
Karolina Pliskova,2022,WESTERN & SOUTHERN OPEN,True,False
Karolina Pliskova,2022,THE CHAMPIONSHIPS,True,False
Karolina Pliskova,2022,ROLAND GARROS,True,False
Karolina Pliskova,2021,WTA FINALS,True,True
Karolina Pliskova,2021,US OPEN,True,False
Karolina Pliskova,2021,WESTERN & SOUTHERN OPEN,True,False
Karolina Pliskova,2021,OMNIUM BANQUE NATIONALE,True,False
Karolina Pliskova,2021,THE CHAMPIONSHIPS,True,False
Karolina Pliskova,2021,ROLAND GARROS,True,True
Karolina Pliskova,2021,INTERNAZIONALI BNL D'ITALIA,True,False
Karolina Pliskova,2021,MUTUA MADRID OPEN,True,True
Karolina Pliskova,2021,QATAR TOTAL OPEN,True,True
Karolina Pliskova,2021,AUSTRALIAN OPEN,True,False
Karolina Pliskova,2021,YARRA VALLEY CLASSIC,True,True
Karolina Pliskova,2020,ROLAND GARROS,True,True
Karolina Pliskova,2020,INTERNAZIONALI BNL D'ITALIA,True,True
Karolina Pliskova,2020,US OPEN,True,False
Karolina Pliskova,2020,WESTERN & SOUTHERN OPEN,True,True
Karolina Pliskova,2020,QATAR TOTAL OPEN,True,True
Karolina Pliskova,2020,DUBAI DUTY FREE TENNIS CHAMPIONSHIPS,True,True
Karolina Pliskova,2020,AUSTRALIAN OPEN,True,True
Karolina Pliskova,2020,BRISBANE INTERNATIONAL,True,True
Kasidit Samrej,2025,AUSTRALIAN OPEN,True,False
Katarina Siniakova,2024,THE CHAMPIONSHIPS,True,False
Katarina Siniakova,2021,AUSTRALIAN OPEN,True,False
Katarina Zavatska,2022,BILLIE JEAN KING CUP,True,True
Katarzyna Kawa,2026,UNITED CUP,True,True
Katarzyna Kawa,2024,BILLIE JEAN KING CUP,True,False
Katarzyna Kawa,2023,UNITED CUP,True,True
Katarzyna Kawa,2023,BILLIE JEAN KING CUP,True,False
Katarzyna Kawa,2022,BILLIE JEAN KING CUP,True,False
Katarzyna Piter,2026,UNITED CUP,True,False
Katarzyna Piter,2023,UNITED CUP,True,True
Katerina Siniakova,2026,ROLAND GARROS,True,False
Katerina Siniakova,2026,MIAMI OPEN PRESENTED BY ITAú,True,False
Katerina Siniakova,2026,BNP PARIBAS OPEN,True,False
Katerina Siniakova,2025,US OPEN,True,False
Katerina Siniakova,2025,THE CHAMPIONSHIPS,True,False
Katerina Siniakova,2025,AUSTRALIAN OPEN,True,False
Katerina Siniakova,2024,BILLIE JEAN KING CUP,True,True
Katerina Siniakova,2024,ROLAND GARROS,True,False
Katerina Siniakova,2023,BILLIE JEAN KING CUP,True,False
Katerina Siniakova,2023,BNP PARIBAS OPEN,True,False
Katerina Siniakova,2023,AUSTRALIAN OPEN,True,False
Katerina Siniakova,2022,BILLIE JEAN KING CUP,True,False
Katerina Siniakova,2022,WTA FINALS,True,False
Katerina Siniakova,2022,US OPEN,True,False
Katerina Siniakova,2022,THE CHAMPIONSHIPS,True,False
Katerina Siniakova,2022,AUSTRALIAN OPEN,True,False
Katerina Siniakova,2021,WTA FINALS,True,False
Katerina Siniakova,2021,ROLAND GARROS,True,False
Katerina Siniakova,2021,AUSTRALIAN OPEN,True,False
Katherine Hui,2023,US OPEN,True,False
Kathy Rinaldi,2023,BILLIE JEAN KING CUP,True,False
Kathy Rinaldi,2022,BILLIE JEAN KING CUP,True,False
Kathy Rinaldi,2021,US OPEN,True,True
Katie Boulter,2026,THE CHAMPIONSHIPS,True,False
Katie Boulter,2026,HSBC CHAMPIONSHIPS,True,False
Katie Boulter,2026,ROLAND GARROS,True,True
Katie Boulter,2026,AUSTRALIAN OPEN,True,True
Katie Boulter,2025,BILLIE JEAN KING CUP: USA VS GREAT BRITAIN,True,False
Katie Boulter,2025,BILLIE JEAN KING CUP: JAPAN VS GREAT BRITAIN,True,False
Katie Boulter,2025,BILLIE JEAN KING CUP,True,True
Katie Boulter,2025,THE CHAMPIONSHIPS,True,False
Katie Boulter,2025,HSBC CHAMPIONSHIPS,True,False
Katie Boulter,2025,ROLAND GARROS,True,True
Katie Boulter,2025,AUSTRALIAN OPEN,True,True
Katie Boulter,2025,UNITED CUP,True,True
Katie Boulter,2024,UNITED CUP,True,True
Katie Boulter,2024,BILLIE JEAN KING CUP,True,True
Katie Boulter,2024,THE CHAMPIONSHIPS,True,False
Katie Boulter,2024,ROTHESAY INTERNATIONAL,True,False
Katie Boulter,2024,AUSTRALIAN OPEN,True,True
Katie Boulter,2023,UNITED CUP,True,True
Katie Boulter,2023,US OPEN,True,False
Katie Boulter,2023,THE CHAMPIONSHIPS,True,False
Katie Boulter,2023,ROTHESAY INTERNATIONAL,True,False
Katie Boulter,2022,BILLIE JEAN KING CUP,True,False
Katie Boulter,2022,THE CHAMPIONSHIPS,True,False
Katie Boulter,2021,THE CHAMPIONSHIPS,True,False
Katie Boulter,2021,AUSTRALIAN OPEN,True,False
Katie Swan,2026,THE CHAMPIONSHIPS,True,False
Katie Swan,2026,UNITED CUP,True,True
Katie Swan,2023,THE CHAMPIONSHIPS,True,False
Katie Swan,2022,THE CHAMPIONSHIPS,True,False
Katie Volynets,2023,AUSTRALIAN OPEN,True,False
Katrina Adams,2020,U.S. OPEN,True,True
Kayla Cross,2026,UNITED CUP,True,False
Kayla Cross,2025,OMNIUM BANQUE NATIONALE,True,False
Kayla Day,2023,ROLAND GARROS,True,False
Kaylan Bigun,2024,ROLAND GARROS,True,False
Kei Nishikori,2025,AUSTRALIAN OPEN,True,False
Kei Nishikori,2024,OMNIUM BANQUE NATIONALE,True,False
Kei Nishikori,2024,ROLAND GARROS,True,False
Kei Nishikori,2024,MIAMI OPEN PRESENTED BY ITAú,True,False
Kei Nishikori,2021,US OPEN,True,False
Kei Nishikori,2021,NATIONAL BANK OPEN,True,False
Kei Nishikori,2021,CITI OPEN,True,False
Kei Nishikori,2021,THE CHAMPIONSHIPS,True,False
Kei Nishikori,2021,ROLAND GARROS,True,False
Kei Nishikori,2021,INTERNAZIONALI BNL D'ITALIA,True,False
Kei Nishikori,2021,MUTUA MADRID OPEN,True,False
Kei Nishikori,2021,MIAMI OPEN PRESENTED BY ITAú,True,False
Kei Nishikori,2021,AUSTRALIAN OPEN,True,False
Kei Nishikori,2021,ATP CUP,True,True
Kei Nishikori,2020,ROLAND GARROS,True,False
Kei Nishikori,2020,INTERNAZIONALI BNL D'ITALIA,True,False
Kent Kinnear,2021,US OPEN,True,True
Kevin Anderson,2020,ROLAND GARROS,True,False
Kevin Anderson,2020,ATP CUP,True,True
Kevin Krawietz,2026,UNITED CUP,True,False
Kevin Krawietz,2025,DAVIS CUP FINALS,True,False
Kevin Krawietz,2025,ROLEX SHANGHAI MASTERS,True,False
Kevin Krawietz,2024,NITTO ATP FINALS,True,False
Kevin Krawietz,2022,DAVIS CUP FINALS,True,False
Kevin Krawietz,2022,AUSTRALIAN OPEN,True,False
Kevin Krawietz,2021,ATP CUP,True,True
Kevin Krawietz,2021,DAVIS CUP FINALS,True,False
Kevin Krawietz,2021,NITTO ATP FINALS,True,False
Kevin Krawietz,2020,NITTO ATP FINALS,True,False
Kevin Krawietz,2020,ROLAND GARROS,True,False
Kevin Krawietz,2020,ATP CUP,True,False
Kgothatso Montjane,2023,ROLAND GARROS,True,False
Khololwam Montsi,2020,ATP CUP,True,True
Kiki Bertens,2021,MUTUA MADRID OPEN,True,True
Kiki Bertens,2021,QATAR TOTAL OPEN,True,False
Kiki Bertens,2020,ROLAND GARROS,True,False
Kiki Bertens,2020,INTERNAZIONALI BNL D'ITALIA,True,True
Kiki Bertens,2020,QATAR TOTAL OPEN,True,True
Kiki Bertens,2020,AUSTRALIAN OPEN,True,False
Kiki Bertens,2020,ADELAIDE INTERNATIONAL,True,True
Kiki Bertens,2020,BRISBANE INTERNATIONAL,True,False
Kim Birrell,2023,BRISBANE INTERNATIONAL,True,True
Kim Clijsters,2025,INTERNATIONAL TENNIS HALL OF FAME,True,True
Kim Clijsters,2024,INTERNATIONAL TENNIS HALL OF FAME,True,False
Kim Clijsters,2023,INTERNATIONAL TENNIS HALL OF FAME,True,False
Kim Clijsters,2020,US OPEN,True,True
Kim Clijsters,2020,DUBAI DUTY FREE TENNIS CHAMPIONSHIPS,True,True
Kimberley Birrell,2023,BILLIE JEAN KING CUP,True,False
Kimberly Birrell,2026,ROLAND GARROS,True,False
Kimberly Birrell,2026,AUSTRALIAN OPEN,True,False
Kimberly Birrell,2026,ADELAIDE INTERNATIONAL,True,False
Kimberly Birrell,2026,BRISBANE INTERNATIONAL,True,False
Kimberly Birrell,2025,AUSTRALIAN OPEN,True,True
Kimberly Birrell,2025,BRISBANE INTERNATIONAL,True,False
Kimberly Birrell,2024,BRISBANE INTERNATIONAL,True,False
Kimberly Birrell,2024,BILLIE JEAN KING CUP,True,True
Kimberly Birrell,2023,BILLIE JEAN KING CUP,True,True
Kimberly Birrell,2023,OMNIUM BANQUE NATIONALE,True,False
Kimberly Birrell,2023,AUSTRALIAN OPEN,True,False
Kimberly Zimmermann,2024,BILLIE JEAN KING CUP: USA VS BELGIUM,True,True
Kimmer Coppejans,2026,UNITED CUP,True,True
Kimmer Coppejans,2022,UNITED CUP,True,True
Kimmer Coppejans,2020,ATP CUP,True,False
Kirsten Flipkens,2023,UNITED CUP,True,False
Kirsten Flipkens,2022,UNITED CUP,True,False
Kirsten Flipkens,2022,BILLIE JEAN KING CUP,True,False
Kirsten Flipkens,2022,THE CHAMPIONSHIPS,True,False
Kirsten Flipkens,2021,AUSTRALIAN OPEN,True,False
Konstantin Kravchuk,2020,ATP CUP,True,False
Kristie Ahn,2020,ROLAND GARROS,True,False
Kristina Mladenovic,2026,THE CHAMPIONSHIPS,True,False
Kristina Mladenovic,2024,ROLAND GARROS,True,False
Kristina Mladenovic,2023,BILLIE JEAN KING CUP,True,False
Kristina Mladenovic,2022,ROLAND GARROS,True,False
Kristina Mladenovic,2022,AUSTRALIAN OPEN,True,False
Kristina Mladenovic,2021,ROLAND GARROS,True,False
Kristina Mladenovic,2021,AUSTRALIAN OPEN,True,False
Kristina Mladenovic,2020,ROLAND GARROS,True,False
Kristina Mladenovic,2020,AUSTRALIAN OPEN,True,False
Kristy Pigeon,2023,AUSTRALIAN OPEN,True,True
Ksenia Chasteau,2024,ROLAND GARROS,True,False
Ksenia Efremova,2026,ROLAND GARROS,True,False
Ksenia Efremova,2026,AUSTRALIAN OPEN,True,False
Kveta Peschke,2020,WESTERN & SOUTHERN OPEN,True,False
Kyle Edmund,2022,THE CHAMPIONSHIPS,True,True
Kyumoyun Sultanov,2020,DAVIS CUP QUALIFYING: USA VS UZBEKISTAN,True,False
Lara Salden,2026,UNITED CUP,True,False
Lars Graff,2025,CHINA OPEN,True,True
Lars Graff,2023,CHINA OPEN,True,True
Laslo Djere,2026,AUSTRALIAN OPEN,True,False
Laslo Djere,2023,DAVIS CUP FINALS,True,False
Laslo Djere,2022,DAVIS CUP FINALS,True,False
Laslo Djere,2022,ROLAND GARROS,True,False
Laslo Djere,2022,AUSTRALIAN OPEN,True,False
Laura Pigossi,2022,UNITED CUP,True,False
Laura Siegemund,2026,UNITED CUP,True,True
Laura Siegemund,2025,THE CHAMPIONSHIPS,True,False
Laura Siegemund,2025,AUSTRALIAN OPEN,True,False
Laura Siegemund,2024,UNITED CUP,True,True
Laura Siegemund,2024,BILLIE JEAN KING CUP,True,True
Laura Siegemund,2024,ROLAND GARROS,True,False
Laura Siegemund,2024,PORSCHE TENNIS GRAND PRIX,True,True
Laura Siegemund,2024,AUSTRALIAN OPEN,True,False
Laura Siegemund,2023,UNITED CUP,True,True
Laura Siegemund,2023,BILLIE JEAN KING CUP,True,False
Laura Siegemund,2023,AUSTRALIAN OPEN,True,False
Laura Siegemund,2020,ROLAND GARROS,True,False
Laura Siegemund,2020,US OPEN,True,False
Laura Siegmund,2023,AUSTRALIAN OPEN,True,False
Lauren Davis,2021,US OPEN,True,False
Leander Paes,2024,INTERNATIONAL TENNIS HALL OF FAME,True,True
Leandro Riedi,2020,ROLAND GARROS,True,False
Learner Tien,2026,ROLAND GARROS,True,True
Learner Tien,2026,BNP PARIBAS OPEN,True,False
Learner Tien,2026,AUSTRALIAN OPEN,True,False
Learner Tien,2025,ROLEX SHANGHAI MASTERS,True,False
Learner Tien,2025,CHINA OPEN,True,False
Learner Tien,2025,NATIONAL BANK OPEN,True,False
Learner Tien,2025,AUSTRALIAN OPEN,True,False
Lena Papadakis,2024,UNITED CUP,True,True
Leolia Jeanjean,2026,ROLAND GARROS,True,True
Leolia Jeanjean,2026,UNITED CUP,True,True
Leolia Jeanjean,2024,UNITED CUP,True,False
Leolia Jeanjean,2024,ROLAND GARROS,True,False
Leolia Jeanjean,2023,ROLAND GARROS,True,False
Leolia Jeanjean,2022,UNITED CUP,True,True
Leolia Jeanjean,2022,ROLAND GARROS,True,False
Leon Smith,2023,DAVIS CUP FINALS,True,False
Leon Smith,2021,DAVIS CUP FINALS,True,True
Lesia Tsurenko,2023,ROLAND GARROS,True,False
Lesia Tsurenko,2022,THE CHAMPIONSHIPS,True,False
Lesia Tsurenko,2022,ROLAND GARROS,True,False
Lesley Pattinama Kerkhove,2022,THE CHAMPIONSHIPS,True,False
Leyla Fernandez,2023,OMNIUM BANQUE NATIONALE,True,False
Leylah Fernandez,2026,AUSTRALIAN OPEN,True,False
Leylah Fernandez,2025,US OPEN,True,False
Leylah Fernandez,2025,OMNIUM BANQUE NATIONALE,True,True
Leylah Fernandez,2025,MUBADALA CITI DC OPEN,True,False
Leylah Fernandez,2025,AUSTRALIAN OPEN,True,False
Leylah Fernandez,2024,UNITED CUP,True,True
Leylah Fernandez,2024,BILLIE JEAN KING CUP,True,True
Leylah Fernandez,2024,NATIONAL BANK OPEN,True,False
Leylah Fernandez,2024,ROTHESAY INTERNATIONAL,True,False
Leylah Fernandez,2024,AUSTRALIAN OPEN,True,False
Leylah Fernandez,2023,UNITED CUP,True,True
Leylah Fernandez,2023,BILLIE JEAN KING CUP,True,True
Leylah Fernandez,2023,OMNIUM BANQUE NATIONALE,True,False
Leylah Fernandez,2023,ROLAND GARROS,True,False
Leylah Fernandez,2023,AUSTRALIAN OPEN,True,False
Leylah Fernandez,2022,BILLIE JEAN KING CUP,True,False
Leylah Fernandez,2022,US OPEN,True,True
Leylah Fernandez,2022,NATIONAL BANK OPEN,True,False
Leylah Fernandez,2022,ROLAND GARROS,True,True
Leylah Fernandez,2022,MIAMI OPEN PRESENTED BY ITAú,True,True
Leylah Fernandez,2022,BNP PARIBAS OPEN,True,False
Leylah Fernandez,2022,AUSTRALIAN OPEN,True,False
Leylah Fernandez,2021,BNP PARIBAS OPEN,True,False
Leylah Fernandez,2021,US OPEN,True,False
Leylah Fernandez,2021,OMNIUM BANQUE NATIONALE,True,False
Leylah Fernandez,2021,ROLAND GARROS,True,False
Leylah Fernandez,2020,ROLAND GARROS,True,False
Leylah Fernendez,2020,ROLAND GARROS,True,False
Leyre Romero,2025,BILLIE JEAN KING CUP,True,True
Leyton Rivera,2021,ATP CUP,True,True
Leyton Rivera,2020,ATP CUP,True,True
Li Tu,2025,ADELAIDE INTERNATIONAL,True,False
Li Xiaohui,2026,AUSTRALIAN OPEN,True,False
Li Xuhua,2025,CHINA OPEN,True,True
Liam Broady,2023,DAVIS CUP FINALS,True,True
Liam Broady,2023,THE CHAMPIONSHIPS,True,False
Liam Broady,2023,ROTHESAY INTERNATIONAL,True,False
Liam Broady,2022,THE CHAMPIONSHIPS,True,False
Liam Broady,2022,AUSTRALIAN OPEN,True,False
Liam Broady,2022,ATP CUP,True,False
Liam Broady,2021,ATP CUP,True,True
Liam Broady,2021,DAVIS CUP FINALS,True,True
Liam Broady,2021,THE CHAMPIONSHIPS,True,False
Liam Broady,2021,MIAMI OPEN PRESENTED BY ITAú,True,False
Liam Broady,2020,ROLAND GARROS,True,False
Liam Draxl,2025,NATIONAL BANK OPEN,True,False
Liam Draxl,2024,UNITED CUP,True,True
Liam Smith,2026,ROLAND GARROS,True,True
Lilli Tagger,2026,ROLAND GARROS,True,True
Lilli Tagger,2026,INTERNAZIONALI BNL D'ITALIA,True,False
Lilli Tagger,2025,ROLAND GARROS,True,False
Lilly Haseth,2022,UNITED CUP,True,True
Lin Zhu,2023,AUSTRALIAN OPEN,True,False
Linda Fruhvirtova,2026,UNITED CUP,True,False
Linda Fruhvirtova,2024,AUSTRALIAN OPEN,True,False
Linda Fruhvirtova,2023,AUSTRALIAN OPEN,True,False
Linda Fruhvirtova,2022,MIAMI OPEN PRESENTED BY ITAú,True,False
Linda Noskova,2026,THE CHAMPIONSHIPS,True,False
Linda Noskova,2025,CHINA OPEN,True,False
Linda Noskova,2024,BILLIE JEAN KING CUP,True,False
Linda Noskova,2024,AUSTRALIAN OPEN,True,False
Linda Noskova,2023,BILLIE JEAN KING CUP,True,True
Linda Noskova,2023,ROLAND GARROS,True,False
Linda Noskova,2023,ADELAIDE INTERNATIONAL,True,False
Linda Noskova,2021,ROLAND GARROS,True,False
Lindsay Davenport,2024,BILLIE JEAN KING CUP,True,False
Lindsay Davenport,2024,BILLIE JEAN KING CUP: USA VS BELGIUM,True,False
Liu Xingrun,2023,CHINA OPEN,True,False
Liudmila Samsanova,2023,OMNIUM BANQUE NATIONALE,True,False
Liudmila Samsonova,2025,THE CHAMPIONSHIPS,True,False
Liudmila Samsonova,2023,CHINA OPEN,True,False
Liudmila Samsonova,2023,OMNIUM BANQUE NATIONALE,True,False
Liudmila Samsonova,2023,MUBADALA CITI DC OPEN,True,False
Liudmila Samsonova,2023,THE CHAMPIONSHIPS,True,False
Liudmila Samsonova,2023,DUBAI DUTY FREE TENNIS CHAMPIONSHIPS,True,False
Liudmila Samsonova,2022,GUADALAJARA OPEN,True,False
Liudmila Samsonova,2022,US OPEN,True,False
Liudmila Samsonova,2022,CITI OPEN,True,False
Liv Hovde,2022,THE CHAMPIONSHIPS,True,False
Lleyton Hewitt,2026,UNITED CUP,True,True
Lleyton Hewitt,2025,UNITED CUP,True,False
Lleyton Hewitt,2024,UNITED CUP,True,False
Lleyton Hewitt,2024,DAVIS CUP FINALS,True,False
Lleyton Hewitt,2023,UNITED CUP,True,False
Lleyton Hewitt,2023,DAVIS CUP FINALS,True,False
Lleyton Hewitt,2022,UNITED CUP,True,False
Lleyton Hewitt,2022,DAVIS CUP FINALS,True,False
Lleyton Hewitt,2022,INTERNATIONAL TENNIS HALL OF FAME,True,True
Lleyton Hewitt,2022,ATP CUP,True,False
Lleyton Hewitt,2021,ATP CUP,True,True
Lleyton Hewitt,2021,DAVIS CUP FINALS,True,False
Lleyton Hewitt,2020,ATP CUP,True,True
Lloyd Glasspool,2025,NATIONAL BANK OPEN,True,False
Lloyd Glasspool,2025,THE CHAMPIONSHIPS,True,False
Lloyd Harris,2023,AUSTRALIAN OPEN,True,False
Lloyd Harris,2021,US OPEN,True,False
Lloyd Harris,2021,CITI OPEN,True,False
Lloyd Harris,2020,ADELAIDE INTERNATIONAL,True,False
Lloyd Harris,2020,ATP CUP,True,True
Lois Boisson,2026,ROLAND GARROS,True,True
Lois Boisson,2025,ROLAND GARROS,True,False
Lorenzo Giustino,2020,ROLAND GARROS,True,False
Lorenzo Musetti,2026,INTERNAZIONALI BNL D'ITALIA,True,False
Lorenzo Musetti,2026,AUSTRALIAN OPEN,True,False
Lorenzo Musetti,2025,NITTO ATP FINALS,True,True
Lorenzo Musetti,2025,US OPEN,True,False
Lorenzo Musetti,2025,NATIONAL BANK OPEN,True,True
Lorenzo Musetti,2025,THE CHAMPIONSHIPS,True,True
Lorenzo Musetti,2025,ROLAND GARROS,True,True
Lorenzo Musetti,2025,INTERNAZIONALI BNL D'ITALIA,True,True
Lorenzo Musetti,2025,MUTUA MADRID OPEN,True,False
Lorenzo Musetti,2025,ROLEX MONTE-CARLO MASTERS,True,False
Lorenzo Musetti,2024,DAVIS CUP FINALS,True,False
Lorenzo Musetti,2024,THE CHAMPIONSHIPS,True,False
Lorenzo Musetti,2024,CINCH CHAMPIONSHIPS,True,False
Lorenzo Musetti,2024,ROLAND GARROS,True,False
Lorenzo Musetti,2024,ROLEX MONTE-CARLO MASTERS,True,False
Lorenzo Musetti,2023,DAVIS CUP FINALS,True,True
Lorenzo Musetti,2023,THE CHAMPIONSHIPS,True,False
Lorenzo Musetti,2023,ROLAND GARROS,True,False
Lorenzo Musetti,2023,ROLEX MONTE-CARLO MASTERS,True,False
Lorenzo Musetti,2023,UNITED CUP,True,True
Lorenzo Musetti,2022,UNITED CUP,True,True
Lorenzo Musetti,2022,DAVIS CUP FINALS,True,False
Lorenzo Musetti,2022,ROLEX PARIS MASTERS,True,False
Lorenzo Musetti,2022,AUSTRALIAN OPEN,True,False
Lorenzo Musetti,2021,DAVIS CUP FINALS,True,False
Lorenzo Musetti,2021,NEXT GEN ATP FINALS,True,False
Lorenzo Musetti,2021,ROLAND GARROS,True,False
Lorenzo Musetti,2021,INTERNAZIONALI BNL D'ITALIA,True,False
Lorenzo Musetti,2020,INTERNAZIONALI BNL D'ITALIA,True,False
Lorenzo Sonego,2026,THE CHAMPIONSHIPS,True,False
Lorenzo Sonego,2026,AUSTRALIAN OPEN,True,False
Lorenzo Sonego,2025,DAVIS CUP FINALS,True,False
Lorenzo Sonego,2025,THE CHAMPIONSHIPS,True,False
Lorenzo Sonego,2025,AUSTRALIAN OPEN,True,False
Lorenzo Sonego,2024,ROLAND GARROS,True,False
Lorenzo Sonego,2024,QATAR EXXONMOBIL OPEN,True,False
Lorenzo Sonego,2024,AUSTRALIAN OPEN,True,False
Lorenzo Sonego,2023,DAVIS CUP FINALS,True,False
Lorenzo Sonego,2023,ROLEX SHANGHAI MASTERS,True,False
Lorenzo Sonego,2023,ROLAND GARROS,True,False
Lorenzo Sonego,2023,AUSTRALIAN OPEN,True,False
Lorenzo Sonego,2022,DAVIS CUP FINALS,True,False
Lorenzo Sonego,2022,ROLAND GARROS,True,False
Lorenzo Sonego,2021,ATP CUP,True,True
Lorenzo Sonego,2021,DAVIS CUP FINALS,True,False
Lorenzo Sonego,2021,VIKING INTERNATIONAL,True,False
Lorenzo Sonego,2021,INTERNAZIONALI BNL D'ITALIA,True,False
Lorenzo Sonego,2020,ROLAND GARROS,True,False
Lu Wenyu,2025,CHINA OPEN,True,False
Luca Castelnuovo,2026,UNITED CUP,True,True
Luca Nardi,2025,QATAR EXXONMOBIL OPEN,True,False
Luca Nardi,2024,BNP PARIBAS OPEN,True,False
Luca Van Assche,2023,ROLAND GARROS,True,False
Luca Van Assche,2021,ROLAND GARROS,True,False
Lucas Catarina,2021,ROLEX MONTE-CARLO MASTERS,True,False
Lucas Pouille,2026,UNITED CUP,True,True
Lucas Pouille,2023,ROLAND GARROS,True,False
Lucas Pouille,2022,ROLAND GARROS,True,False
Lucas Pouille,2021,ROLEX MONTE-CARLO MASTERS,True,False
Lucas Van Assche,2023,ROLAND GARROS,True,False
Lucciana Perez Alarcon,2023,ROLAND GARROS,True,False
Lucia Bronzetti,2025,BILLIE JEAN KING CUP,True,False
Lucia Bronzetti,2025,BILLIE JEAN KING CUP: ITALY VS UKRAINE,True,False
Lucia Bronzetti,2025,AUSTRALIAN OPEN,True,False
Lucia Bronzetti,2024,BILLIE JEAN KING CUP,True,False
Lucia Bronzetti,2023,BILLIE JEAN KING CUP,True,False
Lucia Bronzetti,2023,UNITED CUP,True,True
Lucia Bronzetti,2022,UNITED CUP,True,True
Lucia Bronzetti,2022,ROLAND GARROS,True,False
Luciano Darderi,2026,AUSTRALIAN OPEN,True,False
Luciano Darderi,2025,THE CHAMPIONSHIPS,True,False
Luciano Darderi,2024,ROLAND GARROS,True,False
Lucie Havlickova,2022,US OPEN,True,False
Lucie Havlickova,2022,ROLAND GARROS,True,False
Lucija Ciric Bagaric,2024,UNITED CUP,True,True
Lucrezia Stefanini,2023,BILLIE JEAN KING CUP,True,True
Luis Guto Miguel,2026,ROLAND GARROS,True,False
Luisa Stefani,2024,UNITED CUP,True,True
Luisa Stefani,2023,AUSTRALIAN OPEN,True,False
Luisa Stefani,2022,UNITED CUP,True,False
Luisa Stefani,2022,GUADALAJARA OPEN,True,False
Luisa Stefani,2021,OMNIUM BANQUE NATIONALE,True,False
Luka Kutanjac,2020,ATP CUP,True,True
Luka Mikrut,2024,UNITED CUP,True,True
Lukas Hellum Lilleengen,2020,ATP CUP,True,True
Lukas Hellum-Lilleengen,2021,ATP CUP,True,False
Lukasz Kubot,2020,ATP CUP,True,True
Luke Saville,2022,ATP CUP,True,False
Luke Saville,2021,ATP CUP,True,True
Lulu Sun,2024,THE CHAMPIONSHIPS,True,False
Lyudmyla Kichenok,2025,BILLIE JEAN KING CUP: ITALY VS UKRAINE,True,False
Lyudmyla Kichenok,2025,BILLIE JEAN KING CUP,True,False
Lyudmyla Kichenok,2024,US OPEN,True,False
Lyudmyla Kichenok,2023,THE CHAMPIONSHIPS,True,False
Lyudmyla Kichenok,2022,BILLIE JEAN KING CUP,True,True
Mackenzie McDonald,2026,UNITED CUP,True,True
Mackenzie McDonald,2023,ROTHESAY INTERNATIONAL,True,False
Mackenzie McDonald,2023,AUSTRALIAN OPEN,True,False
Mackenzie McDonald,2021,CITI OPEN,True,False
Mackenzie McDonald,2021,ROLAND GARROS,True,False
Mackenzie McDonald,2021,AUSTRALIAN OPEN,True,False
Maddison Inglis,2026,AUSTRALIAN OPEN,True,False
Maddison Inglis,2026,UNITED CUP,True,True
Maddison Inglis,2022,UNITED CUP,True,False
Maddison Inglis,2022,AUSTRALIAN OPEN,True,False
Maddison Inglis,2022,ADELAIDE INTERNATIONAL,True,False
Madison Keys,2026,THE CHAMPIONSHIPS,True,False
Madison Keys,2026,ROLAND GARROS,True,False
Madison Keys,2026,INTERNAZIONALI BNL D'ITALIA,True,False
Madison Keys,2026,BNP PARIBAS OPEN,True,False
Madison Keys,2026,AUSTRALIAN OPEN,True,True
Madison Keys,2026,ADELAIDE INTERNATIONAL,True,True
Madison Keys,2026,BRISBANE INTERNATIONAL,True,True
Madison Keys,2025,US OPEN,True,True
Madison Keys,2025,OMNIUM BANQUE NATIONALE,True,True
Madison Keys,2025,THE CHAMPIONSHIPS,True,False
Madison Keys,2025,HSBC CHAMPIONSHIPS,True,False
Madison Keys,2025,ROLAND GARROS,True,True
Madison Keys,2025,INTERNAZIONALI BNL D'ITALIA,True,True
Madison Keys,2025,BNP PARIBAS OPEN,True,True
Madison Keys,2025,AUSTRALIAN OPEN,True,False
Madison Keys,2025,ADELAIDE INTERNATIONAL,True,False
Madison Keys,2024,US OPEN,True,False
Madison Keys,2024,THE CHAMPIONSHIPS,True,False
Madison Keys,2024,ROLAND GARROS,True,False
Madison Keys,2024,MUTUA MADRID OPEN,True,False
Madison Keys,2024,BILLIE JEAN KING CUP: USA VS BELGIUM,True,True
Madison Keys,2023,GUADALAJARA OPEN,True,True
Madison Keys,2023,US OPEN,True,False
Madison Keys,2023,THE CHAMPIONSHIPS,True,False
Madison Keys,2023,ROTHESAY INTERNATIONAL,True,False
Madison Keys,2023,ROLAND GARROS,True,False
Madison Keys,2023,AUSTRALIAN OPEN,True,False
Madison Keys,2023,UNITED CUP,True,True
Madison Keys,2022,UNITED CUP,True,True
Madison Keys,2022,BILLIE JEAN KING CUP,True,False
Madison Keys,2022,US OPEN,True,False
Madison Keys,2022,WESTERN & SOUTHERN OPEN,True,False
Madison Keys,2022,BNP PARIBAS OPEN,True,True
Madison Keys,2022,AUSTRALIAN OPEN,True,False
Madison Keys,2022,ADELAIDE INTERNATIONAL,True,False
Madison Keys,2021,US OPEN,True,False
Madison Keys,2021,THE CHAMPIONSHIPS,True,False
Madison Keys,2021,ROLAND GARROS,True,False
Madison Keys,2021,QATAR TOTAL OPEN,True,False
Madison Keys,2020,US OPEN,True,False
Madison Keys,2020,WESTERN & SOUTHERN OPEN,True,True
Madison Keys,2020,BRISBANE INTERNATIONAL,True,False
Magali Kempen,2022,UNITED CUP,True,True
Magda Linette,2026,AUSTRALIAN OPEN,True,False
Magda Linette,2025,MIAMI OPEN PRESENTED BY ITAú,True,False
Magda Linette,2024,BILLIE JEAN KING CUP,True,True
Magda Linette,2023,BILLIE JEAN KING CUP,True,False
Magda Linette,2023,AUSTRALIAN OPEN,True,False
Magda Linette,2023,UNITED CUP,True,True
Magda Linette,2022,BILLIE JEAN KING CUP,True,False
Magda Linette,2022,ROLAND GARROS,True,False
Magda Linette,2022,AUSTRALIAN OPEN,True,False
Magdalena Frech,2025,MUBADALA CITI DC OPEN,True,False
Magdalena Frech,2025,PORSCHE TENNIS GRAND PRIX,True,False
Magdalena Frech,2024,BILLIE JEAN KING CUP,True,True
Magdalena Frech,2024,AUSTRALIAN OPEN,True,False
Magdalena Frech,2023,BILLIE JEAN KING CUP,True,True
Magdalena Frech,2022,BILLIE JEAN KING CUP,True,False
Mai Hontama,2022,THE CHAMPIONSHIPS,True,False
Maia Lumsden,2023,UNITED CUP,True,True
Maile Chang,2026,AUSTRALIAN OPEN,True,False
Maja Chwalinska,2026,THE CHAMPIONSHIPS,True,False
Maja Chwalinska,2026,ROLAND GARROS,True,False
Maja Chwalinska,2025,UNITED CUP,True,True
Maja Chwalinska,2024,UNITED CUP,True,False
Maja Chwalinska,2024,BILLIE JEAN KING CUP,True,False
Makato Ninomiya,2022,ADELAIDE INTERNATIONAL,True,False
Makoto Ninomiya,2022,AUSTRALIAN OPEN,True,False
Malek Jaziri,2023,DUBAI DUTY FREE TENNIS CHAMPIONSHIPS,True,False
Malek Jaziri,2020,DUBAI DUTY FREE TENNIS CHAMPIONSHIPS,True,True
Malene Helgo,2026,UNITED CUP,True,False
Malene Helgo,2024,UNITED CUP,True,False
Malene Helgo,2023,UNITED CUP,True,True
Malene Helgo,2022,UNITED CUP,True,True
Mananchaya Sawangkaew,2026,THE CHAMPIONSHIPS,True,False
Manuel Guinard,2026,BNP PARIBAS OPEN,True,False
Manuel Guinard,2025,ROLEX MONTE-CARLO MASTERS,True,False
Manuel Guinard,2022,UNITED CUP,True,False
Marat Safin,2020,ATP CUP,True,True
Marc Lopez,2022,UNITED CUP,True,False
Marc Polmans,2026,AUSTRALIAN OPEN,True,False
Marc-Andrea Huesler,2022,UNITED CUP,True,True
Marcel Granollers,2026,ROLAND GARROS,True,False
Marcel Granollers,2025,DAVIS CUP FINALS,True,False
Marcel Granollers,2025,US OPEN,True,False
Marcel Granollers,2024,DAVIS CUP FINALS,True,False
Marcel Granollers,2022,DAVIS CUP FINALS,True,False
Marcel Granollers,2021,DAVIS CUP FINALS,True,False
Marcel Granollers,2021,WESTERN & SOUTHERN OPEN,True,False
Marcel Granollers,2021,ATP CUP,True,True
Marcel Granollers,2020,INTERNAZIONALI BNL D'ITALIA,True,False
Marcelo Arevalo,2026,THE CHAMPIONSHIPS,True,False
Marcelo Arevalo,2025,BNP PARIBAS OPEN,True,False
Marcelo Arevalo,2024,ROLAND GARROS,True,False
Marcelo Arevalo,2023,NATIONAL BANK OPEN,True,False
Marcelo Arevalo,2022,ROLAND GARROS,True,False
Marcelo Tomas Barrios Vera,2020,ATP CUP,True,False
Marcin Matkowski,2022,ATP CUP,True,True
Marcin Matkowski,2021,ATP CUP,True,True
Marcin Matkowski,2020,ATP CUP,True,True
Marco Bortolotti,2023,UNITED CUP,True,False
Marco Bortolotti,2022,UNITED CUP,True,True
Marco Cecchinato,2022,ROLAND GARROS,True,False
Marco Trungelliti,2026,ROLAND GARROS,True,False
Marco Trungelliti,2026,UNITED CUP,True,True
Marcos Giron,2025,BNP PARIBAS OPEN,True,False
Marcos Giron,2020,ROLAND GARROS,True,False
Mardy Fish,2022,DAVIS CUP FINALS,True,False
Mardy Fish,2022,DAVIS CUP QUALIFIERS: USA VS COLOMBIA,True,True
Mardy Fish,2021,DAVIS CUP FINALS,True,True
Marek Gengel,2024,UNITED CUP,True,False
Maria Carle,2022,UNITED CUP,True,True
Maria Garcia,2025,AUSTRALIAN OPEN,True,True
Maria Lourdes Carle,2026,UNITED CUP,True,True
Maria Lourdes Carle,2024,UNITED CUP,True,True
Maria Sakkari,2026,QATAR TOTAL ENERGIES OPEN,True,False
Maria Sakkari,2026,UNITED CUP,True,True
Maria Sakkari,2025,MUBADALA CITI DC OPEN,True,False
Maria Sakkari,2024,UNITED CUP,True,True
Maria Sakkari,2024,THE CHAMPIONSHIPS,True,False
Maria Sakkari,2024,INTERNAZIONALI BNL D'ITALIA,True,False
Maria Sakkari,2024,BNP PARIBAS OPEN,True,False
Maria Sakkari,2024,DUBAI DUTY FREE TENNIS CHAMPIONSHIPS,True,False
Maria Sakkari,2024,AUSTRALIAN OPEN,True,False
Maria Sakkari,2023,WTA FINALS,True,True
Maria Sakkari,2023,GUADALAJARA OPEN,True,False
Maria Sakkari,2023,OMNIUM BANQUE NATIONALE,True,True
Maria Sakkari,2023,MUBADALA CITI DC OPEN,True,False
Maria Sakkari,2023,MUTUA MADRID OPEN,True,False
Maria Sakkari,2023,BNP PARIBAS OPEN,True,False
Maria Sakkari,2023,QATAR TOTAL ENERGIES OPEN,True,False
Maria Sakkari,2023,AUSTRALIAN OPEN,True,False
Maria Sakkari,2023,UNITED CUP,True,True
Maria Sakkari,2022,UNITED CUP,True,True
Maria Sakkari,2022,WTA FINALS,True,True
Maria Sakkari,2022,GUADALAJARA OPEN,True,False
Maria Sakkari,2022,US OPEN,True,False
Maria Sakkari,2022,THE CHAMPIONSHIPS,True,False
Maria Sakkari,2022,ROLAND GARROS,True,False
Maria Sakkari,2022,INTERNAZIONALI BNL D'ITALIA,True,False
Maria Sakkari,2022,BNP PARIBAS OPEN,True,False
Maria Sakkari,2022,QATAR TOTAL ENERGIES OPEN,True,True
Maria Sakkari,2022,AUSTRALIAN OPEN,True,False
Maria Sakkari,2022,ADELAIDE INTERNATIONAL,True,True
Maria Sakkari,2021,WTA FINALS,True,True
Maria Sakkari,2021,US OPEN,True,False
Maria Sakkari,2021,OMNIUM BANQUE NATIONALE,True,False
Maria Sakkari,2021,ROLAND GARROS,True,False
Maria Sakkari,2021,MUTUA MADRID OPEN,True,False
Maria Sakkari,2021,MIAMI OPEN PRESENTED BY ITAú,True,False
Maria Sakkari,2021,AUSTRALIAN OPEN,True,False
Maria Sakkari,2020,ROLAND GARROS,True,False
Maria Sakkari,2020,US OPEN,True,False
Maria Sakkari,2020,WESTERN & SOUTHERN OPEN,True,False
Maria Sakkari,2020,QATAR TOTAL OPEN,True,False
Maria Sakkari,2020,AUSTRALIAN OPEN,True,False
Maria Sharapova,2025,INTERNATIONAL TENNIS HALL OF FAME,True,True
Maria Sharapova,2020,AUSTRALIAN OPEN,True,False
Maria Sharapova,2020,BRISBANE INTERNATIONAL,True,False
Maria Timofeeva,2024,AUSTRALIAN OPEN,True,False
Marian Vajda,2021,ROLAND GARROS,True,True
Mariano Navone,2025,ROLAND GARROS,True,False
Marie Benoit,2024,BILLIE JEAN KING CUP: USA VS BELGIUM,True,True
Marie Bouzkova,2026,THE CHAMPIONSHIPS,True,False
Marie Bouzkova,2024,BILLIE JEAN KING CUP,True,True
Marie Bouzkova,2024,MUBADALA CITI DC OPEN,True,False
Marie Bouzkova,2024,ROLAND GARROS,True,False
Marie Bouzkova,2023,BILLIE JEAN KING CUP,True,True
Marie Bouzkova,2023,CHINA OPEN,True,False
Marie Bouzkova,2023,THE CHAMPIONSHIPS,True,False
Marie Bouzkova,2023,AUSTRALIAN OPEN,True,False
Marie Bouzkova,2022,UNITED CUP,True,True
Marie Bouzkova,2022,GUADALAJARA OPEN,True,False
Marie Bouzkova,2022,THE CHAMPIONSHIPS,True,False
Marie Bouzkova,2022,ROLAND GARROS,True,False
Marie Bouzkova,2020,WESTERN & SOUTHERN OPEN,True,False
Marin Cilic,2026,THE CHAMPIONSHIPS,True,False
Marin Cilic,2026,AUSTRALIAN OPEN,True,False
Marin Cilic,2025,THE CHAMPIONSHIPS,True,False
Marin Cilic,2025,DUBAI DUTY FREE TENNIS CHAMPIONSHIPS,True,False
Marin Cilic,2022,DAVIS CUP FINALS,True,False
Marin Cilic,2022,US OPEN,True,False
Marin Cilic,2022,ROLAND GARROS,True,False
Marin Cilic,2022,AUSTRALIAN OPEN,True,False
Marin Cilic,2022,ADELAIDE INTERNATIONAL,True,True
Marin Cilic,2021,DAVIS CUP FINALS,True,True
Marin Cilic,2021,THE CHAMPIONSHIPS,True,False
Marin Cilic,2020,ROLEX PARIS MASTERS,True,False
Marin Cilic,2020,AUSTRALIAN OPEN,True,False
Marin Cilic,2020,ATP CUP,True,True
Marina Bassols Ribera,2024,UNITED CUP,True,True
Marina Bassols Ribera,2024,BILLIE JEAN KING CUP,True,False
Marina Bassols Ribera,2023,UNITED CUP,True,False
Marina Bassols Ribera,2023,BILLIE JEAN KING CUP,True,False
Marina Stakusic,2025,OMNIUM BANQUE NATIONALE,True,True
Marina Stakusic,2024,BILLIE JEAN KING CUP,True,True
Marina Stakusic,2024,NATIONAL BANK OPEN,True,False
Marina Stakusic,2023,BILLIE JEAN KING CUP,True,True
Marina Stakusic,2023,OMNIUM BANQUE NATIONALE,True,False
Marina Storti,2024,WTA FINALS,True,False
Marion Maruska,2023,BILLIE JEAN KING CUP,True,False
Marjan Cuk,2021,ROLAND GARROS,True,True
Mark Ein,2025,MUBADALA CITI DC OPEN,True,True
Mark Ein,2024,MUBADALA CITI DC OPEN,True,True
Mark Ein,2023,MUBADALA CITI DC OPEN,True,True
Mark Ein,2022,CITI OPEN,True,True
Mark Woodforde,2024,DAVIS CUP FINALS,True,True
Mark Woodforde,2022,DAVIS CUP FINALS,True,True
Marketa Vondrousova,2025,THE CHAMPIONSHIPS,True,False
Marketa Vondrousova,2024,THE CHAMPIONSHIPS,True,False
Marketa Vondrousova,2024,ROLAND GARROS,True,False
Marketa Vondrousova,2024,PORSCHE TENNIS GRAND PRIX,True,False
Marketa Vondrousova,2024,DUBAI DUTY FREE TENNIS CHAMPIONSHIPS,True,False
Marketa Vondrousova,2024,UNITED CUP,True,False
Marketa Vondrousova,2023,BILLIE JEAN KING CUP,True,True
Marketa Vondrousova,2023,WTA FINALS,True,True
Marketa Vondrousova,2023,US OPEN,True,True
Marketa Vondrousova,2023,OMNIUM BANQUE NATIONALE,True,False
Marketa Vondrousova,2023,THE CHAMPIONSHIPS,True,False
Marketa Vondrousova,2023,AUSTRALIAN OPEN,True,False
Marketa Vondrousova,2022,BILLIE JEAN KING CUP,True,False
Marketa Vondrousova,2022,AUSTRALIAN OPEN,True,False
Marketa Vondrousova,2021,ROLAND GARROS,True,False
Marketa Vondrousova,2021,AUSTRALIAN OPEN,True,False
Marketa Vondrousova,2020,ROLAND GARROS,True,False
Marketa Vondrousova,2020,INTERNAZIONALI BNL D'ITALIA,True,False
Markos Kalovelonis,2021,ATP CUP,True,True
Markos Kalovelonis,2020,ATP CUP,True,False
Marta Kostyuk,2026,THE CHAMPIONSHIPS,True,False
Marta Kostyuk,2026,ROLAND GARROS,True,False
Marta Kostyuk,2026,MUTUA MADRID OPEN,True,False
Marta Kostyuk,2026,BRISBANE INTERNATIONAL,True,False
Marta Kostyuk,2025,BILLIE JEAN KING CUP: ITALY VS UKRAINE,True,False
Marta Kostyuk,2025,BILLIE JEAN KING CUP: SPAIN VS UKRAINE,True,False
Marta Kostyuk,2025,BILLIE JEAN KING CUP,True,True
Marta Kostyuk,2024,PORSCHE TENNIS GRAND PRIX,True,False
Marta Kostyuk,2024,BNP PARIBAS OPEN,True,False
Marta Kostyuk,2024,AUSTRALIAN OPEN,True,False
Marta Kostyuk,2023,THE CHAMPIONSHIPS,True,False
Marta Kostyuk,2023,ROLAND GARROS,True,False
Marta Kostyuk,2022,GUADALAJARA OPEN,True,False
Marta Kostyuk,2022,THE CHAMPIONSHIPS,True,False
Marta Kostyuk,2021,ROLAND GARROS,True,False
Martin Blackman,2021,US OPEN,True,True
Martin Cuevas,2020,ATP CUP,True,True
Martin Landaluce,2026,ROLAND GARROS,True,False
Martin Landaluce,2022,US OPEN,True,False
Martin de la Puente,2022,US OPEN,True,False
Martina Trevisan,2023,BILLIE JEAN KING CUP,True,False
Martina Trevisan,2023,ROLAND GARROS,True,False
Martina Trevisan,2023,INTERNAZIONALI BNL D'ITALIA,True,True
Martina Trevisan,2023,UNITED CUP,True,True
Martina Trevisan,2022,UNITED CUP,True,True
Martina Trevisan,2022,BILLIE JEAN KING CUP,True,False
Martina Trevisan,2022,ROLAND GARROS,True,False
Martina Trevisan,2021,INTERNAZIONALI BNL D'ITALIA,True,False
Martina Trevisan,2020,ROLAND GARROS,True,False
Martina Trevison,2024,BILLIE JEAN KING CUP,True,False
Martina Trevsian,2023,UNITED CUP,True,False
Marton Fucsovics,2021,DAVIS CUP FINALS,True,False
Marton Fucsovics,2021,THE CHAMPIONSHIPS,True,False
Marton Fucsovics,2020,ROLAND GARROS,True,False
Maryna Zanevska,2022,BILLIE JEAN KING CUP,True,False
Maryna Zanevska,2022,ROLAND GARROS,True,True
Maryna Zanevska,2022,AUSTRALIAN OPEN,True,True
Maryna Zanevska,2022,MELBOURNE SUMMER SET,True,False
Mate Pavic,2025,BNP PARIBAS OPEN,True,False
Mate Pavic,2024,ROLAND GARROS,True,False
Mate Pavic,2023,THE CHAMPIONSHIPS,True,False
Mate Pavic,2022,DAVIS CUP FINALS,True,False
Mate Pavic,2022,AUSTRALIAN OPEN,True,False
Mate Pavic,2021,DAVIS CUP FINALS,True,False
Mate Pavic,2021,THE CHAMPIONSHIPS,True,False
Mate Pavic,2021,MIAMI OPEN PRESENTED BY ITAú,True,False
Mate Pavic,2020,NITTO ATP FINALS,True,False
Mate Pavic,2020,US OPEN,True,False
Matej Liptak,2024,BILLIE JEAN KING CUP,True,False
Matej Liptak,2022,BILLIE JEAN KING CUP,True,False
Matej Sabanov,2022,ATP CUP,True,False
Matej Sabanov,2021,ATP CUP,True,True
Mateusz Terczynski,2026,UNITED CUP,True,True
Mateusz Terczynski,2025,UNITED CUP,True,False
Mateusz Terczynski,2024,UNITED CUP,True,False
Matija Pecotic,2022,UNITED CUP,True,False
Mats Moraing,2020,ATP CUP,True,True
Matteo Arnaldi,2026,ROLAND GARROS,True,True
Matteo Arnaldi,2024,OMNIUM BANQUE NATIONALE,True,False
Matteo Arnaldi,2024,ROLAND GARROS,True,False
Matteo Arnaldi,2023,DAVIS CUP FINALS,True,True
Matteo Arnaldi,2023,US OPEN,True,False
Matteo Berrettini,2026,THE CHAMPIONSHIPS,True,False
Matteo Berrettini,2026,ROLAND GARROS,True,False
Matteo Berrettini,2025,DAVIS CUP FINALS,True,True
Matteo Berrettini,2025,THE CHAMPIONSHIPS,True,False
Matteo Berrettini,2025,ROLEX MONTE-CARLO MASTERS,True,False
Matteo Berrettini,2025,QATAR EXXONMOBIL OPEN,True,False
Matteo Berrettini,2025,AUSTRALIAN OPEN,True,False
Matteo Berrettini,2024,DAVIS CUP FINALS,True,True
Matteo Berrettini,2024,ROLEX SHANGHAI MASTERS,True,False
Matteo Berrettini,2024,THE CHAMPIONSHIPS,True,False
Matteo Berrettini,2024,INTERNAZIONALI BNL D'ITALIA,True,False
Matteo Berrettini,2023,DAVIS CUP FINALS,True,True
Matteo Berrettini,2023,THE CHAMPIONSHIPS,True,False
Matteo Berrettini,2023,AUSTRALIAN OPEN,True,False
Matteo Berrettini,2023,UNITED CUP,True,True
Matteo Berrettini,2022,UNITED CUP,True,True
Matteo Berrettini,2022,DAVIS CUP FINALS,True,False
Matteo Berrettini,2022,LAVER CUP,True,False
Matteo Berrettini,2022,US OPEN,True,False
Matteo Berrettini,2022,BNP PARIBAS OPEN,True,False
Matteo Berrettini,2022,AUSTRALIAN OPEN,True,False
Matteo Berrettini,2022,ATP CUP,True,False
Matteo Berrettini,2021,ATP CUP,True,True
Matteo Berrettini,2021,NITTO ATP FINALS,True,False
Matteo Berrettini,2021,BNP PARIBAS OPEN,True,False
Matteo Berrettini,2021,LAVER CUP,True,True
Matteo Berrettini,2021,US OPEN,True,False
Matteo Berrettini,2021,THE CHAMPIONSHIPS,True,False
Matteo Berrettini,2021,CINCH CHAMPIONSHIPS,True,False
Matteo Berrettini,2021,ROLAND GARROS,True,False
Matteo Berrettini,2021,MUTUA MADRID OPEN,True,False
Matteo Berrettini,2021,AUSTRALIAN OPEN,True,True
Matteo Berrettini,2020,ROLAND GARROS,True,False
Matteo Berrettini,2020,INTERNAZIONALI BNL D'ITALIA,True,True
Matteo Berrettini,2020,US OPEN,True,False
Matteo Gigante,2025,ROLAND GARROS,True,False
Matteo Gigante,2024,UNITED CUP,True,False
Matthew Ebden,2024,UNITED CUP,True,True
Matthew Ebden,2024,DAVIS CUP FINALS,True,True
Matthew Ebden,2024,AUSTRALIAN OPEN,True,False
Matthew Ebden,2023,UNITED CUP,True,True
Matthew Ebden,2023,DAVIS CUP FINALS,True,True
Matthew Ebden,2023,US OPEN,True,False
Matthew Ebden,2023,BNP PARIBAS OPEN,True,False
Matthew Ebden,2023,AUSTRALIAN OPEN,True,False
Matthew Ebden,2022,THE CHAMPIONSHIPS,True,False
Matthew Ebden,2022,AUSTRALIAN OPEN,True,False
Matthew Ebden,2021,AUSTRALIAN OPEN,True,False
Matthew Ebden,2021,GREAT OCEAN ROAD OPEN,True,False
Mattia Bellucci,2024,MUBADALA CITI DC OPEN,True,False
Max Basing,2026,THE CHAMPIONSHIPS,True,False
Max Mirnyi,2025,US OPEN,True,True
Max Mirnyi,2021,ATP CUP,True,True
Max Purcell,2024,US OPEN,True,False
Max Purcell,2024,AUSTRALIAN OPEN,True,False
Max Purcell,2023,BRISBANE INTERNATIONAL,True,True
Max Purcell,2023,DAVIS CUP FINALS,True,True
Max Purcell,2022,DAVIS CUP FINALS,True,False
Max Purcell,2022,THE CHAMPIONSHIPS,True,False
Max Purcell,2022,AUSTRALIAN OPEN,True,False
Max Purcell,2022,ATP CUP,True,False
Max Purcell,2021,ATP CUP,True,False
Max Purcell,2021,VIKING INTERNATIONAL,True,False
Maxime Cressy,2023,AUSTRALIAN OPEN,True,False
Maxime Cressy,2022,AUSTRALIAN OPEN,True,False
Maxime Cressy,2022,SYDNEY TENNIS CLASSIC,True,False
Maxime Cressy,2022,MELBOURNE SUMMER SET,True,False
Maxime Cressy,2021,US OPEN,True,False
Maximilian Marterer,2024,UNITED CUP,True,False
Maximilian Marterer,2023,UNITED CUP,True,True
Maximilian Taucher,2024,ROLAND GARROS,True,False
Maximo Gonzalez,2024,DAVIS CUP FINALS,True,False
Maximo Gonzalez,2022,DAVIS CUP FINALS,True,False
Maximo Gonzalez,2021,ATP CUP,True,True
Maximo Gonzalez,2020,ATP CUP,True,False
Maya Joint,2026,THE CHAMPIONSHIPS,True,False
Maya Joint,2026,AUSTRALIAN OPEN,True,True
Maya Joint,2026,ADELAIDE INTERNATIONAL,True,True
Maya Joint,2026,UNITED CUP,True,True
Maya Joint,2025,AUSTRALIAN OPEN,True,True
Maya Joint,2024,BRISBANE INTERNATIONAL,True,False
Mayar Sherif,2023,ROLAND GARROS,True,False
Mayar Sherif,2022,DUBAI DUTY FREE TENNIS CHAMPIONSHIPS,True,False
Mayar Sherif,2021,AUSTRALIAN OPEN,True,False
Mayar Sherif,2020,ROLAND GARROS,True,False
McCartney Kessler,2025,BILLIE JEAN KING CUP,True,True
Mia Kupres,2024,NATIONAL BANK OPEN,True,False
Mia Pohankova,2025,THE CHAMPIONSHIPS,True,False
Micah Chang,2026,AUSTRALIAN OPEN,True,False
Michael Geerts,2022,UNITED CUP,True,False
Michael Geserer,2021,AUSTRALIAN OPEN,True,True
Michael Kohlmann,2025,DAVIS CUP FINALS,True,False
Michael Kohlmann,2024,DAVIS CUP FINALS,True,False
Michael Kohlmann,2022,DAVIS CUP FINALS,True,False
Michael Kohlmann,2022,ATP CUP,True,False
Michael Kohlmann,2021,ATP CUP,True,True
Michael Kohlmann,2021,DAVIS CUP FINALS,True,True
Michael Luevano,2024,ROLEX SHANGHAI MASTERS,True,True
Michael Mmoh,2023,US OPEN,True,False
Michael Mmoh,2023,MUBADALA CITI DC OPEN,True,False
Michael Mmoh,2023,AUSTRALIAN OPEN,True,False
Michael Phelps,2023,US OPEN,True,True
Michael Russell,2026,UNITED CUP,True,True
Michael Russell,2025,UNITED CUP,True,False
Michael Russell,2024,UNITED CUP,True,False
Michael Russell,2022,ATP CUP,True,True
Michael Russell,2021,ATP CUP,True,True
Michael Venus,2024,CINCH CHAMPIONSHIPS,True,False
Michael Venus,2023,ROLAND GARROS,True,False
Michael Venus,2020,DUBAI DUTY FREE TENNIS CHAMPIONSHIPS,True,False
Michael Zheng,2026,THE CHAMPIONSHIPS,True,False
Michael Zheng,2026,AUSTRALIAN OPEN,True,False
Michail Pervolarakis,2023,UNITED CUP,True,True
Michail Pervolarakis,2022,UNITED CUP,True,True
Michail Pervolarakis,2022,ATP CUP,True,True
Michail Pervolarakis,2021,ATP CUP,True,True
Michail Pervolarakis,2020,ATP CUP,True,True
Miguel Sanchez,2026,UNITED CUP,True,False
Mihaela Buzarnescu,2021,ROLAND GARROS,True,False
Mika Stojsavljevic,2026,THE CHAMPIONSHIPS,True,False
Mika Stojsavljevic,2024,US OPEN,True,False
Mikael Torpegaard,2021,AUSTRALIAN OPEN,True,False
Mikael Ymer,2022,DAVIS CUP FINALS,True,False
Mikael Ymer,2022,CITI OPEN,True,False
Mikael Ymer,2022,AUSTRALIAN OPEN,True,False
Mikael Ymer,2021,DAVIS CUP FINALS,True,False
Mikael Ymer,2021,AUSTRALIAN OPEN,True,True
Mike Bryan,2025,INTERNATIONAL TENNIS HALL OF FAME,True,True
Mike Bryan,2020,DAVIS CUP QUALIFYING: USA VS UZBEKISTAN,True,True
Mike Dowse,2021,US OPEN,True,True
Mike Dowse,2020,US OPEN,True,True
Mike Russell,2024,US OPEN,True,True
Mikhail Kukushkin,2021,DAVIS CUP FINALS,True,False
Mili Poljicak,2022,THE CHAMPIONSHIPS,True,False
Milos Raonic,2024,DAVIS CUP FINALS,True,False
Milos Raonic,2024,OMNIUM BANQUE NATIONALE,True,True
Milos Raonic,2023,DAVIS CUP FINALS,True,True
Milos Raonic,2023,NATIONAL BANK OPEN,True,False
Milos Raonic,2021,AUSTRALIAN OPEN,True,False
Milos Raonic,2021,ATP CUP,True,True
Milos Raonic,2020,ROLEX PARIS MASTERS,True,False
Milos Raonic,2020,US OPEN,True,False
Milos Raonic,2020,WESTERN & SOUTHERN OPEN,True,False
Milos Raonic,2020,AUSTRALIAN OPEN,True,False
Min-Kyu Song,2022,DAVIS CUP FINALS,True,False
MinKyu Song,2022,DAVIS CUP FINALS,True,False
Mina Hodzic,2026,UNITED CUP,True,False
Mingge Xu,2025,THE CHAMPIONSHIPS,True,False
Miomar Kecmanovic,2022,AUSTRALIAN OPEN,True,False
Miomir Kecmanovic,2026,THE CHAMPIONSHIPS,True,False
Miomir Kecmanovic,2025,AUSTRALIAN OPEN,True,False
Miomir Kecmanovic,2024,ROLAND GARROS,True,False
Miomir Kecmanovic,2024,AUSTRALIAN OPEN,True,False
Miomir Kecmanovic,2023,DAVIS CUP FINALS,True,False
Miomir Kecmanovic,2022,DAVIS CUP FINALS,True,True
Miomir Kecmanovic,2022,ROLAND GARROS,True,False
Miomir Kecmanovic,2022,AUSTRALIAN OPEN,True,False
Miomir Kecmanovic,2021,DAVIS CUP FINALS,True,False
Miomir Kecmanovic,2020,QATAR EXXONMOBIL OPEN,True,False
Miriam Skoch,2026,UNITED CUP,True,False
Mirra Andreeva,2026,THE CHAMPIONSHIPS,True,True
Mirra Andreeva,2026,ROLAND GARROS,True,True
Mirra Andreeva,2026,INTERNAZIONALI BNL D'ITALIA,True,True
Mirra Andreeva,2026,MUTUA MADRID OPEN,True,False
Mirra Andreeva,2026,PORSCHE TENNIS GRAND PRIX,True,False
Mirra Andreeva,2026,BNP PARIBAS OPEN,True,True
Mirra Andreeva,2026,DUBAI DUTY FREE TENNIS CHAMPIONSHIPS,True,True
Mirra Andreeva,2026,AUSTRALIAN OPEN,True,True
Mirra Andreeva,2026,ADELAIDE INTERNATIONAL,True,False
Mirra Andreeva,2026,BRISBANE INTERNATIONAL,True,False
Mirra Andreeva,2025,CHINA OPEN,True,False
Mirra Andreeva,2025,OMNIUM BANQUE NATIONALE,True,True
Mirra Andreeva,2025,THE CHAMPIONSHIPS,True,False
Mirra Andreeva,2025,ROLAND GARROS,True,True
Mirra Andreeva,2025,INTERNAZIONALI BNL D'ITALIA,True,True
Mirra Andreeva,2025,PORSCHE TENNIS GRAND PRIX,True,True
Mirra Andreeva,2025,BNP PARIBAS OPEN,True,True
Mirra Andreeva,2025,DUBAI DUTY FREE TENNIS CHAMPIONSHIPS,True,False
Mirra Andreeva,2025,AUSTRALIAN OPEN,True,True
Mirra Andreeva,2025,BRISBANE INTERNATIONAL,True,False
Mirra Andreeva,2024,ROLAND GARROS,True,False
Mirra Andreeva,2024,MUTUA MADRID OPEN,True,False
Mirra Andreeva,2024,AUSTRALIAN OPEN,True,False
Mirra Andreeva,2023,THE CHAMPIONSHIPS,True,False
Mirra Andreeva,2023,ROLAND GARROS,True,False
Misaki Doi,2022,THE CHAMPIONSHIPS,True,False
Misaki Doi,2022,ROLAND GARROS,True,False
Misaki Doi,2021,MUTUA MADRID OPEN,True,False
Misaki Doi,2020,ROLAND GARROS,True,False
Mischa Zverev,2022,UNITED CUP,True,False
Mischa Zverev,2021,ATP CUP,True,True
Miyu Kato,2023,ROLAND GARROS,True,False
Mohamed Safwat,2020,DUBAI DUTY FREE TENNIS CHAMPIONSHIPS,True,False
Moise Kouame,2026,ROLAND GARROS,True,True
Momoko Ohtani,2021,AUSTRALIAN OPEN,True,False
Monica Niculescu,2024,BILLIE JEAN KING CUP,True,True
Moyuka Uchijima,2025,BILLIE JEAN KING CUP: JAPAN VS GREAT BRITAIN,True,False
Moyuka Uchijima,2025,BILLIE JEAN KING CUP,True,True
Moyuka Uchijima,2024,BILLIE JEAN KING CUP,True,True
Nadia Podoroska,2024,UNITED CUP,True,True
Nadia Podoroska,2023,ROLAND GARROS,True,False
Nadia Podoroska,2022,UNITED CUP,True,True
Nadia Podoroska,2021,INTERNAZIONALI BNL D'ITALIA,True,False
Nadia Podoroska,2021,AUSTRALIAN OPEN,True,False
Nadia Podoroska,2020,ROLAND GARROS,True,False
Nadiia Kichenok,2025,BILLIE JEAN KING CUP,True,False
Nadiia Kichenok,2022,BILLIE JEAN KING CUP,True,True
Naima Karamoko,2026,UNITED CUP,True,True
Nao Hibino,2026,UNITED CUP,True,True
Nao Hibino,2024,BILLIE JEAN KING CUP,True,True
Nao Hibino,2024,ROLAND GARROS,True,False
Nao Hibino,2022,AUSTRALIAN OPEN,True,False
Nao Hibino,2021,US OPEN,True,False
Nao Hibino,2021,AUSTRALIAN OPEN,True,False
Naomi Osaka,2026,THE CHAMPIONSHIPS,True,False
Naomi Osaka,2026,ROLAND GARROS,True,True
Naomi Osaka,2026,INTERNAZIONALI BNL D'ITALIA,True,False
Naomi Osaka,2026,MUTUA MADRID OPEN,True,True
Naomi Osaka,2026,BNP PARIBAS OPEN,True,False
Naomi Osaka,2026,AUSTRALIAN OPEN,True,True
Naomi Osaka,2026,UNITED CUP,True,True
Naomi Osaka,2025,CHINA OPEN,True,False
Naomi Osaka,2025,US OPEN,True,True
Naomi Osaka,2025,OMNIUM BANQUE NATIONALE,True,True
Naomi Osaka,2025,MUBADALA CITI DC OPEN,True,False
Naomi Osaka,2025,THE CHAMPIONSHIPS,True,False
Naomi Osaka,2025,ROLAND GARROS,True,True
Naomi Osaka,2025,INTERNAZIONALI BNL D'ITALIA,True,False
Naomi Osaka,2025,MIAMI OPEN PRESENTED BY ITAú,True,True
Naomi Osaka,2025,BNP PARIBAS OPEN,True,False
Naomi Osaka,2025,AUSTRALIAN OPEN,True,True
Naomi Osaka,2024,CHINA OPEN,True,False
Naomi Osaka,2024,US OPEN,True,True
Naomi Osaka,2024,NATIONAL BANK OPEN,True,False
Naomi Osaka,2024,THE CHAMPIONSHIPS,True,False
Naomi Osaka,2024,ROLAND GARROS,True,True
Naomi Osaka,2024,INTERNAZIONALI BNL D'ITALIA,True,False
Naomi Osaka,2024,MIAMI OPEN PRESENTED BY ITAú,True,False
Naomi Osaka,2024,BNP PARIBAS OPEN,True,False
Naomi Osaka,2024,QATAR TOTAL ENERGIES OPEN,True,True
Naomi Osaka,2024,AUSTRALIAN OPEN,True,True
Naomi Osaka,2024,BRISBANE INTERNATIONAL,True,False
Naomi Osaka,2023,BRISBANE INTERNATIONAL,True,True
Naomi Osaka,2023,US OPEN,True,True
Naomi Osaka,2022,US OPEN,True,True
Naomi Osaka,2022,ROLAND GARROS,True,True
Naomi Osaka,2022,MUTUA MADRID OPEN,True,False
Naomi Osaka,2022,MIAMI OPEN PRESENTED BY ITAú,True,False
Naomi Osaka,2022,AUSTRALIAN OPEN,True,True
Naomi Osaka,2022,MELBOURNE SUMMER SET,True,False
Naomi Osaka,2021,US OPEN,True,True
Naomi Osaka,2021,WESTERN & SOUTHERN OPEN,True,True
Naomi Osaka,2021,INTERNAZIONALI BNL D'ITALIA,True,True
Naomi Osaka,2021,MUTUA MADRID OPEN,True,True
Naomi Osaka,2021,MIAMI OPEN PRESENTED BY ITAú,True,True
Naomi Osaka,2021,AUSTRALIAN OPEN,True,True
Naomi Osaka,2021,GIPPSLAND TROPHY,True,True
Naomi Osaka,2020,US OPEN,True,False
Naomi Osaka,2020,WESTERN & SOUTHERN OPEN,True,True
Naomi Osaka,2020,AUSTRALIAN OPEN,True,True
Naomi Osaka,2020,BRISBANE INTERNATIONAL,True,True
Nastasja Schunk,2022,ROLAND GARROS,True,False
Natalija Stevanovic,2023,UNITED CUP,True,True
Nathalie Tauziat,2025,OMNIUM BANQUE NATIONALE,True,True
Neal Skupski,2026,AUSTRALIAN OPEN,True,False
Neal Skupski,2026,UNITED CUP,True,True
Neal Skupski,2025,US OPEN,True,False
Neal Skupski,2024,CINCH CHAMPIONSHIPS,True,False
Neal Skupski,2023,UNITED CUP,True,True
Neal Skupski,2023,DAVIS CUP FINALS,True,True
Neal Skupski,2023,THE CHAMPIONSHIPS,True,False
Neal Skupski,2022,US OPEN,True,False
Neal Skupski,2022,THE CHAMPIONSHIPS,True,False
Neal Skupski,2022,AUSTRALIAN OPEN,True,False
Neal Skupski,2022,ADELAIDE INTERNATIONAL,True,False
Neal Skupski,2021,DAVIS CUP FINALS,True,True
Neal Skupski,2021,THE CHAMPIONSHIPS,True,False
Neal Skupski,2020,WESTERN & SOUTHERN OPEN,True,True
Nenad Zimonjic,2020,ATP CUP,True,True
Nick Kyrgios,2026,AUSTRALIAN OPEN,True,False
Nick Kyrgios,2026,BRISBANE INTERNATIONAL,True,True
Nick Kyrgios,2025,BNP PARIBAS OPEN,True,False
Nick Kyrgios,2025,AUSTRALIAN OPEN,True,True
Nick Kyrgios,2024,BRISBANE INTERNATIONAL,True,True
Nick Kyrgios,2023,THE CHAMPIONSHIPS,True,True
Nick Kyrgios,2023,AUSTRALIAN OPEN,True,True
Nick Kyrgios,2022,NITTO ATP FINALS,True,False
Nick Kyrgios,2022,US OPEN,True,False
Nick Kyrgios,2022,WESTERN & SOUTHERN OPEN,True,False
Nick Kyrgios,2022,OMNIUM BANQUE NATIONALE,True,False
Nick Kyrgios,2022,CITI OPEN,True,False
Nick Kyrgios,2022,THE CHAMPIONSHIPS,True,True
Nick Kyrgios,2022,MIAMI OPEN PRESENTED BY ITAú,True,False
Nick Kyrgios,2022,BNP PARIBAS OPEN,True,False
Nick Kyrgios,2022,AUSTRALIAN OPEN,True,False
Nick Kyrgios,2022,SYDNEY TENNIS CLASSIC,True,True
Nick Kyrgios,2021,LAVER CUP,True,True
Nick Kyrgios,2021,CITI OPEN,True,True
Nick Kyrgios,2021,THE CHAMPIONSHIPS,True,False
Nick Kyrgios,2021,AUSTRALIAN OPEN,True,True
Nick Kyrgios,2021,MURRAY RIVER OPEN,True,True
Nick Kyrgios,2020,AUSTRALIAN OPEN,True,True
Nick Kyrgios,2020,ATP CUP,True,True
Nicolai Budkov Kjaer,2024,THE CHAMPIONSHIPS,True,False
Nicolas Arseneault,2025,NATIONAL BANK OPEN,True,False
Nicolas Barrientos,2022,DAVIS CUP QUALIFIERS: USA VS COLOMBIA,True,False
Nicolas Copin,2021,ATP CUP,True,True
Nicolas Escude,2023,ROLAND GARROS,True,True
Nicolas Jarry,2025,THE CHAMPIONSHIPS,True,False
Nicolas Jarry,2024,INTERNAZIONALI BNL D'ITALIA,True,False
Nicolas Jarry,2023,ROLEX SHANGHAI MASTERS,True,False
Nicolas Jarry,2023,ROLAND GARROS,True,False
Nicolas Jarry,2020,ATP CUP,True,True
Nicolas Mahut,2025,ROLAND GARROS,True,False
Nicolas Mahut,2021,DAVIS CUP FINALS,True,False
Nicolas Mahut,2021,NITTO ATP FINALS,True,False
Nicolas Mahut,2021,ROLEX PARIS MASTERS,True,False
Nicolas Mahut,2021,ROLAND GARROS,True,False
Nicolas Mahut,2021,ATP CUP,True,True
Nicolas Mahut,2020,ROLAND GARROS,True,True
Nicolas Mahut,2020,ATP CUP,True,True
Nicolas Massu,2020,US OPEN,True,True
Nicolas Massu,2020,AUSTRALIAN OPEN,True,True
Nicolas Mejia,2022,DAVIS CUP QUALIFIERS: USA VS COLOMBIA,True,False
Nicolas Mejia,2021,DAVIS CUP FINALS,True,False
Nicolas Peifer,2022,US OPEN,True,False
Nicole Fossa Huergo,2026,UNITED CUP,True,True
Nicole Melichar,2020,US OPEN,True,False
Nicole Melichar-Martinez,2026,UNITED CUP,True,True
Nicole Pratt,2026,INTERNAZIONALI BNL D'ITALIA,True,True
Niels McDonald,2025,ROLAND GARROS,True,False
Niels Vink,2026,ROLAND GARROS,True,False
Niels Vink,2026,AUSTRALIAN OPEN,True,False
Niels Vink,2025,US OPEN,True,False
Niels Vink,2023,ROLAND GARROS,True,False
Niels Vink,2022,US OPEN,True,False
Niels Vink,2022,ROLAND GARROS,True,False
Nigel Sears,2020,AUSTRALIAN OPEN,True,True
Nikola Cacic,2023,UNITED CUP,True,True
Nikola Cacic,2022,DAVIS CUP FINALS,True,False
Nikola Cacic,2022,ATP CUP,True,False
Nikola Cacic,2021,ATP CUP,True,True
Nikola Cacic,2021,DAVIS CUP FINALS,True,False
Nikola Cacic,2020,ATP CUP,True,False
Nikola Mektic,2024,ROLEX SHANGHAI MASTERS,True,False
Nikola Mektic,2024,BNP PARIBAS OPEN,True,False
Nikola Mektic,2022,DAVIS CUP FINALS,True,False
Nikola Mektic,2022,AUSTRALIAN OPEN,True,False
Nikola Mektic,2021,DAVIS CUP FINALS,True,True
Nikola Mektic,2021,THE CHAMPIONSHIPS,True,False
Nikola Mektic,2021,MIAMI OPEN PRESENTED BY ITAú,True,False
Nikola Mektic,2020,NITTO ATP FINALS,True,False
Nikola Mektic,2020,AUSTRALIAN OPEN,True,False
Nikola Mektic,2020,ATP CUP,True,False
Nikola Millojevic,2020,ATP CUP,True,False
Nikola Milojevic,2020,ATP CUP,True,False
Nikoloz Basilashvili,2022,QATAR EXXONMOBIL OPEN,True,False
Nikoloz Basilashvili,2021,ATP CUP,True,True
Nikoloz Basilashvili,2021,BNP PARIBAS OPEN,True,False
Nikoloz Basilashvili,2021,THE CHAMPIONSHIPS,True,False
Nikoloz Basilashvili,2021,QATAR EXXONMOBIL OPEN,True,False
Nikoloz Basilashvili,2020,ATP CUP,True,True
Nina Potocnik,2023,BILLIE JEAN KING CUP,True,False
Nino Serdarusic,2023,UNITED CUP,True,True
Nino Serdarusic,2021,DAVIS CUP FINALS,True,False
Nishesh Basavareddy,2026,ROLAND GARROS,True,False
Nishesh Basavareddy,2025,AUSTRALIAN OPEN,True,False
Nishesh Basavareddy,2022,US OPEN,True,False
Nishioka Yoshihito,2023,AUSTRALIAN OPEN,True,False
Noma Noha Akugue,2026,PORSCHE TENNIS GRAND PRIX,True,False
Novak Djokovic,2026,THE CHAMPIONSHIPS,True,True
Novak Djokovic,2026,ROLAND GARROS,True,True
Novak Djokovic,2026,INTERNAZIONALI BNL D'ITALIA,True,True
Novak Djokovic,2026,BNP PARIBAS OPEN,True,True
Novak Djokovic,2026,AUSTRALIAN OPEN,True,True
Novak Djokovic,2025,ROLEX SHANGHAI MASTERS,True,True
Novak Djokovic,2025,US OPEN,True,True
Novak Djokovic,2025,THE CHAMPIONSHIPS,True,True
Novak Djokovic,2025,ROLAND GARROS,True,True
Novak Djokovic,2025,MUTUA MADRID OPEN,True,True
Novak Djokovic,2025,ROLEX MONTE-CARLO MASTERS,True,False
Novak Djokovic,2025,MIAMI OPEN PRESENTED BY ITAú,True,False
Novak Djokovic,2025,BNP PARIBAS OPEN,True,True
Novak Djokovic,2025,QATAR EXXONMOBIL OPEN,True,False
Novak Djokovic,2025,AUSTRALIAN OPEN,True,True
Novak Djokovic,2025,BRISBANE INTERNATIONAL,True,False
Novak Djokovic,2024,BRISBANE INTERNATIONAL,True,False
Novak Djokovic,2024,ROLEX SHANGHAI MASTERS,True,True
Novak Djokovic,2024,US OPEN,True,True
Novak Djokovic,2024,THE CHAMPIONSHIPS,True,False
Novak Djokovic,2024,ROLAND GARROS,True,True
Novak Djokovic,2024,INTERNAZIONALI BNL D'ITALIA,True,True
Novak Djokovic,2024,ROLEX MONTE-CARLO MASTERS,True,False
Novak Djokovic,2024,BNP PARIBAS OPEN,True,False
Novak Djokovic,2024,AUSTRALIAN OPEN,True,True
Novak Djokovic,2024,UNITED CUP,True,True
Novak Djokovic,2023,UNITED CUP,True,True
Novak Djokovic,2023,DAVIS CUP FINALS,True,True
Novak Djokovic,2023,NITTO ATP FINALS,True,False
Novak Djokovic,2023,ROLEX PARIS MASTERS,True,True
Novak Djokovic,2023,US OPEN,True,True
Novak Djokovic,2023,WESTERN & SOUTHERN OPEN,True,False
Novak Djokovic,2023,THE CHAMPIONSHIPS,True,True
Novak Djokovic,2023,ROLAND GARROS,True,True
Novak Djokovic,2023,INTERNAZIONALI BNL D'ITALIA,True,True
Novak Djokovic,2023,ROLEX MONTE-CARLO MASTERS,True,False
Novak Djokovic,2023,DUBAI DUTY FREE TENNIS CHAMPIONSHIPS,True,True
Novak Djokovic,2023,AUSTRALIAN OPEN,True,True
Novak Djokovic,2023,ADELAIDE INTERNATIONAL,True,False
Novak Djokovic,2022,ADELAIDE INTERNATIONAL,True,True
Novak Djokovic,2022,NITTO ATP FINALS,True,False
Novak Djokovic,2022,ROLEX PARIS MASTERS,True,True
Novak Djokovic,2022,LAVER CUP,True,False
Novak Djokovic,2022,THE CHAMPIONSHIPS,True,True
Novak Djokovic,2022,ROLAND GARROS,True,True
Novak Djokovic,2022,INTERNAZIONALI BNL D'ITALIA,True,True
Novak Djokovic,2022,MUTUA MADRID OPEN,True,True
Novak Djokovic,2022,ROLEX MONTE-CARLO MASTERS,True,True
Novak Djokovic,2022,DUBAI DUTY FREE TENNIS CHAMPIONSHIPS,True,True
Novak Djokovic,2021,DAVIS CUP FINALS,True,False
Novak Djokovic,2021,NITTO ATP FINALS,True,False
Novak Djokovic,2021,ROLEX PARIS MASTERS,True,True
Novak Djokovic,2021,US OPEN,True,True
Novak Djokovic,2021,THE CHAMPIONSHIPS,True,True
Novak Djokovic,2021,ROLAND GARROS,True,True
Novak Djokovic,2021,INTERNAZIONALI BNL D'ITALIA,True,True
Novak Djokovic,2021,ROLEX MONTE-CARLO MASTERS,True,True
Novak Djokovic,2021,AUSTRALIAN OPEN,True,True
Novak Djokovic,2021,ATP CUP,True,True
Novak Djokovic,2020,NITTO ATP FINALS,True,False
Novak Djokovic,2020,ROLAND GARROS,True,True
Novak Djokovic,2020,INTERNAZIONALI BNL D'ITALIA,True,True
Novak Djokovic,2020,US OPEN,True,False
Novak Djokovic,2020,WESTERN & SOUTHERN OPEN,True,True
Novak Djokovic,2020,DUBAI DUTY FREE TENNIS CHAMPIONSHIPS,True,True
Novak Djokovic,2020,AUSTRALIAN OPEN,True,True
Novak Djokovic,2020,ATP CUP,True,True
Nuno Borges,2025,ROLAND GARROS,True,False
Nuno Borges,2024,AUSTRALIAN OPEN,True,False
Nuria Brancaccio,2026,UNITED CUP,True,True
Nuria Parrizas Diaz,2022,UNITED CUP,True,False
Nuria Parrizas Diaz,2022,BILLIE JEAN KING CUP,True,False
Nuria Parrizas-Diaz,2024,BILLIE JEAN KING CUP,True,False
Nuria Parrizas-Diaz,2022,BILLIE JEAN KING CUP,True,False
Nuria Parrizas-Diaz,2022,MELBOURNE SUMMER SET,True,False
Oceane Dodin,2024,AUSTRALIAN OPEN,True,False
Oceane Dodin,2023,ROLAND GARROS,True,False
Ola Malmqvist,2021,US OPEN,True,True
Oleksandra Oliynykova,2026,ROLAND GARROS,True,False
Oleksandra Oliynykova,2026,AUSTRALIAN OPEN,True,False
Olga Danilovic,2025,AUSTRALIAN OPEN,True,False
Olga Danilovic,2024,ROLAND GARROS,True,False
Olga Danilovic,2024,UNITED CUP,True,True
Olga Danilovic,2023,UNITED CUP,True,True
Olga Danilovic,2023,ROLAND GARROS,True,False
Olga Savchuk,2022,BILLIE JEAN KING CUP,True,False
Olimjon Nabiev,2020,DAVIS CUP QUALIFYING: USA VS UZBEKISTAN,True,False
Oliver Marach,2021,DAVIS CUP FINALS,True,False
Oliver Marach,2020,ATP CUP,True,True
Oliver Tarvet,2026,THE CHAMPIONSHIPS,True,False
Oliver Tarvet,2025,THE CHAMPIONSHIPS,True,False
Olivia Gadecki,2026,AUSTRALIAN OPEN,True,False
Olivia Gadecki,2025,AUSTRALIAN OPEN,True,True
Olivia Gadecki,2025,UNITED CUP,True,True
Olivia Gadecki,2024,UNITED CUP,True,True
Olivia Gadecki,2024,BILLIE JEAN KING CUP,True,True
Olivia Gadecki,2023,AUSTRALIAN OPEN,True,False
Olivia Gadecki,2021,PHILIP ISLAND TROPHY,True,False
Olivia Nicholls,2026,UNITED CUP,True,True
Olivia Nicholls,2025,UNITED CUP,True,False
Olivia Nicholls,2024,UNITED CUP,True,True
Olivia Nicholls,2024,BILLIE JEAN KING CUP,True,True
Olivia Nicholls,2022,BILLIE JEAN KING CUP,True,False
Omar Jasika,2024,UNITED CUP,True,True
Ons Jabeur,2025,ROLAND GARROS,True,True
Ons Jabeur,2025,DUBAI DUTY FREE TENNIS CHAMPIONSHIPS,True,False
Ons Jabeur,2025,QATAR TOTAL ENERGIES OPEN,True,True
Ons Jabeur,2025,AUSTRALIAN OPEN,True,False
Ons Jabeur,2024,MUBADALA CITI DC OPEN,True,True
Ons Jabeur,2024,THE CHAMPIONSHIPS,True,False
Ons Jabeur,2024,ROLAND GARROS,True,False
Ons Jabeur,2024,MUTUA MADRID OPEN,True,False
Ons Jabeur,2024,PORSCHE TENNIS GRAND PRIX,True,False
Ons Jabeur,2024,QATAR TOTAL ENERGIES OPEN,True,True
Ons Jabeur,2024,AUSTRALIAN OPEN,True,False
Ons Jabeur,2023,WTA FINALS,True,True
Ons Jabeur,2023,CHINA OPEN,True,False
Ons Jabeur,2023,GUADALAJARA OPEN,True,True
Ons Jabeur,2023,US OPEN,True,True
Ons Jabeur,2023,WESTERN & SOUTHERN OPEN,True,False
Ons Jabeur,2023,THE CHAMPIONSHIPS,True,True
Ons Jabeur,2023,ROTHESAY INTERNATIONAL,True,False
Ons Jabeur,2023,ROLAND GARROS,True,True
Ons Jabeur,2023,INTERNAZIONALI BNL D'ITALIA,True,True
Ons Jabeur,2023,PORSCHE TENNIS GRAND PRIX,True,True
Ons Jabeur,2023,BNP PARIBAS OPEN,True,False
Ons Jabeur,2023,AUSTRALIAN OPEN,True,True
Ons Jabeur,2022,ADELAIDE INTERNATIONAL,True,True
Ons Jabeur,2022,WTA FINALS,True,True
Ons Jabeur,2022,US OPEN,True,False
Ons Jabeur,2022,THE CHAMPIONSHIPS,True,True
Ons Jabeur,2022,ROLAND GARROS,True,True
Ons Jabeur,2022,INTERNAZIONALI BNL D'ITALIA,True,True
Ons Jabeur,2022,MUTUA MADRID OPEN,True,False
Ons Jabeur,2022,QATAR TOTAL ENERGIES OPEN,True,True
Ons Jabeur,2022,DUBAI DUTY FREE TENNIS CHAMPIONSHIPS,True,False
Ons Jabeur,2022,SYDNEY TENNIS CLASSIC,True,False
Ons Jabeur,2021,BNP PARIBAS OPEN,True,False
Ons Jabeur,2021,OMNIUM BANQUE NATIONALE,True,False
Ons Jabeur,2021,THE CHAMPIONSHIPS,True,False
Ons Jabeur,2021,ROLAND GARROS,True,True
Ons Jabeur,2021,QATAR TOTAL OPEN,True,False
Ons Jabeur,2021,AUSTRALIAN OPEN,True,False
Ons Jabeur,2020,ROLAND GARROS,True,False
Ons Jabeur,2020,WESTERN & SOUTHERN OPEN,True,False
Ons Jabeur,2020,QATAR TOTAL OPEN,True,False
Ons Jabeur,2020,DUBAI DUTY FREE TENNIS CHAMPIONSHIPS,True,False
Ons Jabeur,2020,AUSTRALIAN OPEN,True,False
Oscar Otte,2022,THE CHAMPIONSHIPS,True,False
Oscar Otte,2021,US OPEN,True,False
Oscar Otte,2021,THE CHAMPIONSHIPS,True,False
Otto Virtanen,2026,THE CHAMPIONSHIPS,True,False
Otto Virtanen,2023,DAVIS CUP FINALS,True,True
Ozan Baris,2022,US OPEN,True,False
Pablo Andujar,2022,AUSTRALIAN OPEN,True,False
Pablo Andujar,2021,ROLAND GARROS,True,False
Pablo Carreno Busta,2026,ROLAND GARROS,True,False
Pablo Carreno Busta,2025,DAVIS CUP FINALS,True,False
Pablo Carreno Busta,2024,UNITED CUP,True,True
Pablo Carreno Busta,2023,AUSTRALIAN OPEN,True,False
Pablo Carreno Busta,2022,UNITED CUP,True,True
Pablo Carreno Busta,2022,DAVIS CUP FINALS,True,False
Pablo Carreno Busta,2022,OMNIUM BANQUE NATIONALE,True,False
Pablo Carreno Busta,2022,AUSTRALIAN OPEN,True,False
Pablo Carreno Busta,2022,ATP CUP,True,True
Pablo Carreno Busta,2021,ATP CUP,True,True
Pablo Carreno Busta,2021,DAVIS CUP FINALS,True,False
Pablo Carreno Busta,2021,ROLAND GARROS,True,False
Pablo Carreno Busta,2021,AUSTRALIAN OPEN,True,False
Pablo Carreno Busta,2020,ROLEX PARIS MASTERS,True,False
Pablo Carreno Busta,2020,ROLAND GARROS,True,False
Pablo Carreno Busta,2020,US OPEN,True,False
Pablo Carreno Busta,2020,WESTERN & SOUTHERN OPEN,True,False
Pablo Carreno Busta,2020,ATP CUP,True,True
Pablo Carreno-Busta,2021,ATP CUP,True,False
Pablo Cuevas,2021,AUSTRALIAN OPEN,True,False
Pablo Cuevas,2020,ATP CUP,True,True
Paolo Lorenzi,2020,ATP CUP,True,True
Pat Rafter,2025,AUSTRALIAN OPEN,True,True
Patricia Maria Tig,2020,ROLAND GARROS,True,False
Patrick Kaukovalta,2023,DAVIS CUP FINALS,True,False
Patrick McEnroe,2025,INTERNATIONAL TENNIS HALL OF FAME,True,True
Patrick McEnroe,2025,BNP PARIBAS OPEN,True,False
Patrick McEnroe,2025,AUSTRALIAN OPEN,True,True
Patrick McEnroe,2024,LAVER CUP,True,False
Patrick McEnroe,2024,INTERNATIONAL TENNIS HALL OF FAME,True,True
Patrick McEnroe,2023,LAVER CUP,True,False
Patrick McEnroe,2023,INTERNATIONAL TENNIS HALL OF FAME,True,True
Patrick McEnroe,2022,LAVER CUP,True,False
Patrick McEnroe,2021,LAVER CUP,True,False
Patrick Mouratoglou,2022,ROLEX PARIS MASTERS,True,True
Patrick Mouratoglou,2021,AUSTRALIAN OPEN,True,True
Patrick Zahraj,2026,UNITED CUP,True,False
Patrik Niklas-Salminen,2023,DAVIS CUP FINALS,True,False
Patrik Rikl,2024,UNITED CUP,True,True
Paul Capdeville,2020,ATP CUP,True,True
Paul Haarhuis,2024,DAVIS CUP FINALS,True,False
Paul Haarhuis,2023,DAVIS CUP FINALS,True,False
Paul Haarhuis,2022,DAVIS CUP FINALS,True,False
Paul Jubb,2024,THE CHAMPIONSHIPS,True,False
Paul Jubb,2022,THE CHAMPIONSHIPS,True,False
Paul McNamee,2021,AUSTRALIAN OPEN,True,True
Paula Badosa,2026,AUSTRALIAN OPEN,True,False
Paula Badosa,2025,BILLIE JEAN KING CUP: SPAIN VS UKRAINE,True,False
Paula Badosa,2025,BILLIE JEAN KING CUP,True,True
Paula Badosa,2025,ROLAND GARROS,True,True
Paula Badosa,2025,DUBAI DUTY FREE TENNIS CHAMPIONSHIPS,True,False
Paula Badosa,2025,AUSTRALIAN OPEN,True,False
Paula Badosa,2025,ADELAIDE INTERNATIONAL,True,True
Paula Badosa,2024,BILLIE JEAN KING CUP,True,True
Paula Badosa,2024,US OPEN,True,False
Paula Badosa,2024,MUBADALA CITI DC OPEN,True,True
Paula Badosa,2024,THE CHAMPIONSHIPS,True,False
Paula Badosa,2024,ROLAND GARROS,True,True
Paula Badosa,2024,MIAMI OPEN PRESENTED BY ITAú,True,False
Paula Badosa,2024,AUSTRALIAN OPEN,True,True
Paula Badosa,2024,ADELAIDE INTERNATIONAL,True,True
Paula Badosa,2023,BILLIE JEAN KING CUP,True,True
Paula Badosa,2023,THE CHAMPIONSHIPS,True,False
Paula Badosa,2023,MUTUA MADRID OPEN,True,False
Paula Badosa,2023,PORSCHE TENNIS GRAND PRIX,True,False
Paula Badosa,2023,ADELAIDE INTERNATIONAL,True,True
Paula Badosa,2023,UNITED CUP,True,False
Paula Badosa,2022,UNITED CUP,True,True
Paula Badosa,2022,BILLIE JEAN KING CUP,True,False
Paula Badosa,2022,US OPEN,True,False
Paula Badosa,2022,NATIONAL BANK OPEN,True,True
Paula Badosa,2022,THE CHAMPIONSHIPS,True,False
Paula Badosa,2022,ROLAND GARROS,True,True
Paula Badosa,2022,INTERNAZIONALI BNL D'ITALIA,True,True
Paula Badosa,2022,MUTUA MADRID OPEN,True,False
Paula Badosa,2022,BNP PARIBAS OPEN,True,False
Paula Badosa,2022,QATAR TOTAL ENERGIES OPEN,True,True
Paula Badosa,2022,DUBAI DUTY FREE TENNIS CHAMPIONSHIPS,True,True
Paula Badosa,2022,AUSTRALIAN OPEN,True,False
Paula Badosa,2022,SYDNEY TENNIS CLASSIC,True,False
Paula Badosa,2021,WTA FINALS,True,True
Paula Badosa,2021,BNP PARIBAS OPEN,True,False
Paula Badosa,2021,ROLAND GARROS,True,False
Paula Badosa,2021,MUTUA MADRID OPEN,True,False
Paula Badosa,2021,AUSTRALIAN OPEN,True,False
Paula Badosa,2020,ROLAND GARROS,True,False
Peaches Bartkowicz,2023,AUSTRALIAN OPEN,True,False
Pedro Martinez,2025,DAVIS CUP FINALS,True,False
Pedro Martinez,2024,DAVIS CUP FINALS,True,False
Pedro Martinez,2022,DAVIS CUP FINALS,True,False
Pedro Martinez,2022,ATP CUP,True,False
Pedro Martinez,2021,ATP CUP,True,True
Pedro Martinez,2021,AUSTRALIAN OPEN,True,False
Pedro Martinez,2020,ROLAND GARROS,True,False
Peggy Michel,2025,BNP PARIBAS OPEN,True,True
Peggy Michel,2022,BNP PARIBAS OPEN,True,True
Pepe Vendrell,2021,ATP CUP,True,True
Pere Riba,2024,AUSTRALIAN OPEN,True,True
Peter Ayers,2024,US OPEN,True,True
Peter Gojowczyk,2021,DAVIS CUP FINALS,True,False
Peter Polansky,2021,ATP CUP,True,True
Peter Polansky,2020,ATP CUP,True,False
Petr Brunclik,2025,DAVIS CUP QULIFIERS 2ND ROUND: CZECHIA vs USA,True,False
Petr Pala,2024,BILLIE JEAN KING CUP,True,False
Petr Pala,2023,BILLIE JEAN KING CUP,True,False
Petr Pala,2022,BILLIE JEAN KING CUP,True,False
Petra Kvitova,2025,US OPEN,True,False
Petra Kvitova,2025,THE CHAMPIONSHIPS,True,False
Petra Kvitova,2023,US OPEN,True,False
Petra Kvitova,2023,THE CHAMPIONSHIPS,True,False
Petra Kvitova,2023,MIAMI OPEN PRESENTED BY ITAú,True,False
Petra Kvitova,2023,BNP PARIBAS OPEN,True,False
Petra Kvitova,2023,AUSTRALIAN OPEN,True,False
Petra Kvitova,2023,UNITED CUP,True,True
Petra Kvitova,2022,UNITED CUP,True,True
Petra Kvitova,2022,GUADALAJARA OPEN,True,False
Petra Kvitova,2022,US OPEN,True,False
Petra Kvitova,2022,WESTERN & SOUTHERN OPEN,True,False
Petra Kvitova,2022,THE CHAMPIONSHIPS,True,False
Petra Kvitova,2022,ROLAND GARROS,True,False
Petra Kvitova,2022,DUBAI DUTY FREE TENNIS CHAMPIONSHIPS,True,False
Petra Kvitova,2022,AUSTRALIAN OPEN,True,False
Petra Kvitova,2022,SYDNEY TENNIS CLASSIC,True,False
Petra Kvitova,2022,ADELAIDE INTERNATIONAL,True,False
Petra Kvitova,2021,BNP PARIBAS OPEN,True,False
Petra Kvitova,2021,US OPEN,True,False
Petra Kvitova,2021,WESTERN & SOUTHERN OPEN,True,False
Petra Kvitova,2021,OMNIUM BANQUE NATIONALE,True,False
Petra Kvitova,2021,THE CHAMPIONSHIPS,True,True
Petra Kvitova,2021,ROLAND GARROS,True,True
Petra Kvitova,2021,INTERNAZIONALI BNL D'ITALIA,True,False
Petra Kvitova,2021,MUTUA MADRID OPEN,True,True
Petra Kvitova,2021,MIAMI OPEN PRESENTED BY ITAú,True,False
Petra Kvitova,2021,QATAR TOTAL OPEN,True,False
Petra Kvitova,2021,AUSTRALIAN OPEN,True,False
Petra Kvitova,2021,YARRA VALLEY CLASSIC,True,True
Petra Kvitova,2020,ROLAND GARROS,True,False
Petra Kvitova,2020,US OPEN,True,False
Petra Kvitova,2020,WESTERN & SOUTHERN OPEN,True,False
Petra Kvitova,2020,QATAR TOTAL OPEN,True,True
Petra Kvitova,2020,AUSTRALIAN OPEN,True,True
Petra Kvitova,2020,BRISBANE INTERNATIONAL,True,False
Petra Marcinko,2024,UNITED CUP,True,True
Petra Marcinko,2023,UNITED CUP,True,True
Petra Marcinko,2022,UNITED CUP,True,True
Petra Marcinko,2022,AUSTRALIAN OPEN,True,False
Petra Martic,2023,UNITED CUP,True,True
Petra Martic,2022,UNITED CUP,True,True
Petra Martic,2022,THE CHAMPIONSHIPS,True,False
Petra Martic,2022,BNP PARIBAS OPEN,True,False
Petra Martic,2021,INTERNAZIONALI BNL D'ITALIA,True,False
Petra Martic,2020,DUBAI DUTY FREE TENNIS CHAMPIONSHIPS,True,False
Petros Tsitsipas,2026,UNITED CUP,True,True
Petros Tsitsipas,2024,UNITED CUP,True,True
Petros Tsitsipas,2024,AUSTRALIAN OPEN,True,False
Petros Tsitsipas,2023,UNITED CUP,True,False
Petros Tsitsipas,2022,UNITED CUP,True,True
Petros Tsitsipas,2021,ATP CUP,True,True
Petros Tsitsipas,2020,ATP CUP,True,False
Peyton Stearns,2025,MUBADALA CITI DC OPEN,True,False
Peyton Stearns,2025,INTERNAZIONALI BNL D'ITALIA,True,False
Peyton Stearns,2024,BILLIE JEAN KING CUP,True,True
Peyton Stearns,2023,BILLIE JEAN KING CUP,True,True
Peyton Stearns,2023,US OPEN,True,False
Peyton Stearns,2023,WESTERN & SOUTHERN OPEN,True,False
Peyton Stearns,2023,OMNIUM BANQUE NATIONALE,True,False
Philipp Kohlschreiber,2022,AUSTRALIAN OPEN,True,False
Philipp Kohlschreiber,2020,DUBAI DUTY FREE TENNIS CHAMPIONSHIPS,True,False
Philipp Oswald,2021,DAVIS CUP FINALS,True,False
Philipp Oswald,2021,ATP CUP,True,True
Pierre Fitzgibbon,2024,OMNIUM BANQUE NATIONALE,True,False
Pierre Hugues Herbert,2025,ROLAND GARROS,True,False
Pierre-Hugues Herbert,2025,ROLAND GARROS,True,False
Pierre-Hugues Herbert,2021,NITTO ATP FINALS,True,False
Pierre-Hugues Herbert,2021,ROLEX PARIS MASTERS,True,False
Pierre-Hugues Herbert,2021,ROLAND GARROS,True,False
Pierre-Hugues Herbert,2021,AUSTRALIAN OPEN,True,False
Pierre-Hugues Herbert,2020,ROLEX PARIS MASTERS,True,False
Pierre-Hugues Herbert,2020,ROLAND GARROS,True,False
Piotr Sierzputowski,2021,ROLAND GARROS,True,True
Piotr Sierzputowski,2021,MIAMI OPEN PRESENTED BY ITAú,True,True
Piotr Sierzputowski,2020,ROLAND GARROS,True,True
Polina Kudermetova,2025,BRISBANE INTERNATIONAL,True,False
Portia Archer,2024,WTA FINALS,True,True
Priscilla Hon,2026,AUSTRALIAN OPEN,True,False
Priscilla Hon,2022,BILLIE JEAN KING CUP,True,False
Priscilla Hon,2022,ADELAIDE INTERNATIONAL,True,False
Qinwen Zheng,2023,ADELAIDE INTERNATIONAL,True,False
Qinwen Zheng,2022,NATIONAL BANK OPEN,True,True
Qinwen Zheng,2022,ROLAND GARROS,True,True
Qinwen Zheng,2022,AUSTRALIAN OPEN,True,False
Quentin Halys,2026,ROLAND GARROS,True,True
Quentin Halys,2025,ROLAND GARROS,True,True
Quentin Halys,2022,ROLAND GARROS,True,False
Radu Albot,2020,ATP CUP,True,True
Rafael Jodar,2026,THE CHAMPIONSHIPS,True,False
Rafael Jodar,2026,ROLAND GARROS,True,True
Rafael Jodar,2026,INTERNAZIONALI BNL D'ITALIA,True,False
Rafael Jodar,2026,MUTUA MADRID OPEN,True,False
Rafael Jodar,2026,AUSTRALIAN OPEN,True,False
Rafael Jodar,2024,US OPEN,True,False
Rafael Matos,2024,UNITED CUP,True,True
Rafael Matos,2023,AUSTRALIAN OPEN,True,False
Rafael Matos,2022,UNITED CUP,True,False
Rafael Nadal,2025,ROLAND GARROS,True,True
Rafael Nadal,2024,DAVIS CUP FINALS,True,True
Rafael Nadal,2024,ROLAND GARROS,True,True
Rafael Nadal,2024,INTERNAZIONALI BNL D'ITALIA,True,True
Rafael Nadal,2024,MUTUA MADRID OPEN,True,True
Rafael Nadal,2024,BRISBANE INTERNATIONAL,True,False
Rafael Nadal,2023,BRISBANE INTERNATIONAL,True,True
Rafael Nadal,2023,AUSTRALIAN OPEN,True,True
Rafael Nadal,2023,UNITED CUP,True,False
Rafael Nadal,2022,UNITED CUP,True,True
Rafael Nadal,2022,NITTO ATP FINALS,True,False
Rafael Nadal,2022,ROLEX PARIS MASTERS,True,True
Rafael Nadal,2022,LAVER CUP,True,False
Rafael Nadal,2022,US OPEN,True,True
Rafael Nadal,2022,WESTERN & SOUTHERN OPEN,True,False
Rafael Nadal,2022,THE CHAMPIONSHIPS,True,True
Rafael Nadal,2022,ROLAND GARROS,True,True
Rafael Nadal,2022,INTERNAZIONALI BNL D'ITALIA,True,True
Rafael Nadal,2022,MUTUA MADRID OPEN,True,True
Rafael Nadal,2022,BNP PARIBAS OPEN,True,False
Rafael Nadal,2022,AUSTRALIAN OPEN,True,True
Rafael Nadal,2022,MELBOURNE SUMMER SET,True,False
Rafael Nadal,2021,NATIONAL BANK OPEN,True,True
Rafael Nadal,2021,CITI OPEN,True,True
Rafael Nadal,2021,ROLAND GARROS,True,False
Rafael Nadal,2021,INTERNAZIONALI BNL D'ITALIA,True,True
Rafael Nadal,2021,MUTUA MADRID OPEN,True,True
Rafael Nadal,2021,ROLEX MONTE-CARLO MASTERS,True,True
Rafael Nadal,2021,AUSTRALIAN OPEN,True,True
Rafael Nadal,2021,ATP CUP,True,True
Rafael Nadal,2020,NITTO ATP FINALS,True,False
Rafael Nadal,2020,ROLEX PARIS MASTERS,True,True
Rafael Nadal,2020,ROLAND GARROS,True,True
Rafael Nadal,2020,INTERNAZIONALI BNL D'ITALIA,True,True
Rafael Nadal,2020,AUSTRALIAN OPEN,True,True
Rafael Nadal,2020,ATP CUP,True,True
Rafael Paciaroni,2024,UNITED CUP,True,False
Rafael Paciaroni,2022,UNITED CUP,True,False
Rainer Schuettler,2024,BILLIE JEAN KING CUP,True,False
Rainer Schuettler,2023,BILLIE JEAN KING CUP,True,False
Rajeev Ram,2025,DAVIS CUP MEDIA CONFERENCE,True,False
Rajeev Ram,2025,DAVIS CUP QULIFIERS 2ND ROUND: CZECHIA vs USA,True,True
Rajeev Ram,2024,DAVIS CUP FINALS,True,False
Rajeev Ram,2024,ADELAIDE INTERNATIONAL,True,False
Rajeev Ram,2024,UNITED CUP,True,False
Rajeev Ram,2023,US OPEN,True,False
Rajeev Ram,2022,NITTO ATP FINALS,True,False
Rajeev Ram,2022,US OPEN,True,False
Rajeev Ram,2022,DAVIS CUP QUALIFIERS: USA VS COLOMBIA,True,True
Rajeev Ram,2021,ATP CUP,True,True
Rajeev Ram,2021,DAVIS CUP FINALS,True,False
Rajeev Ram,2021,NITTO ATP FINALS,True,False
Rajeev Ram,2021,US OPEN,True,False
Rajeev Ram,2021,NATIONAL BANK OPEN,True,False
Rajeev Ram,2021,AUSTRALIAN OPEN,True,False
Rajeev Ram,2020,AUSTRALIAN OPEN,True,False
Rajeev Ram,2020,ATP CUP,True,True
Ramkumar Ramanathan,2023,DUBAI DUTY FREE TENNIS CHAMPIONSHIPS,True,False
Ramkumar Ramanathan,2022,ADELAIDE INTERNATIONAL,True,False
Ramkumar Ramanathan,2021,CITI OPEN,True,False
Raphael Collignol,2025,DAVIS CUP FINALS,True,False
Raphael Collignon,2026,ROLAND GARROS,True,False
Raphael Collignon,2025,DAVIS CUP FINALS,True,False
Raul Viver,2021,DAVIS CUP FINALS,True,False
Raven Klaasen,2021,CITI OPEN,True,False
Raven Klaasen,2020,ATP CUP,True,False
Rebecca Marino,2025,OMNIUM BANQUE NATIONALE,True,True
Rebecca Marino,2024,BILLIE JEAN KING CUP,True,True
Rebecca Marino,2023,BILLIE JEAN KING CUP,True,True
Rebecca Marino,2023,OMNIUM BANQUE NATIONALE,True,False
Rebecca Marino,2022,NATIONAL BANK OPEN,True,True
Rebecca Marino,2022,ROLAND GARROS,True,False
Rebecca Marino,2021,OMNIUM BANQUE NATIONALE,True,False
Rebecca Peterson,2022,AUSTRALIAN OPEN,True,False
Rebecca Sramkova,2024,BILLIE JEAN KING CUP,True,True
Rebeka Masarova,2023,BILLIE JEAN KING CUP,True,False
Rebeka Masarova,2022,BILLIE JEAN KING CUP,True,False
Rei Sakamoto,2026,AUSTRALIAN OPEN,True,False
Rei Sakamoto,2024,AUSTRALIAN OPEN,True,False
Reilly Opelka,2025,LAVER CUP,True,True
Reilly Opelka,2025,DAVIS CUP QULIFIERS 2ND ROUND: CZECHIA vs USA,True,True
Reilly Opelka,2022,CITI OPEN,True,True
Reilly Opelka,2022,THE CHAMPIONSHIPS,True,False
Reilly Opelka,2022,AUSTRALIAN OPEN,True,False
Reilly Opelka,2021,DAVIS CUP FINALS,True,False
Reilly Opelka,2021,LAVER CUP,True,True
Reilly Opelka,2021,US OPEN,True,True
Reilly Opelka,2021,NATIONAL BANK OPEN,True,False
Reilly Opelka,2021,CITI OPEN,True,False
Reilly Opelka,2021,ROLAND GARROS,True,False
Reilly Opelka,2021,INTERNAZIONALI BNL D'ITALIA,True,False
Reilly Opelka,2020,DAVIS CUP QUALIFYING: USA VS UZBEKISTAN,True,True
Remy Bertola,2024,UNITED CUP,True,True
Renata Jamrichova,2024,BILLIE JEAN KING CUP,True,True
Renata Jamrichova,2024,THE CHAMPIONSHIPS,True,False
Renata Jamrichova,2024,AUSTRALIAN OPEN,True,False
Renata Zarazua,2025,US OPEN,True,False
Renzo Furlan,2024,UNITED CUP,True,False
Ricardas Berankis,2020,ROLAND GARROS,True,False
Richard Evans,2024,INTERNATIONAL TENNIS HALL OF FAME,True,True
Richard Gasquet,2025,ROLAND GARROS,True,True
Richard Gasquet,2025,ROLEX MONTE-CARLO MASTERS,True,False
Richard Gasquet,2024,ROLEX PARIS MASTERS,True,False
Richard Gasquet,2024,ROLAND GARROS,True,False
Richard Gasquet,2024,QATAR EXXONMOBIL OPEN,True,False
Richard Gasquet,2023,ROLAND GARROS,True,False
Richard Gasquet,2022,ROLEX PARIS MASTERS,True,False
Richard Gasquet,2022,ROLAND GARROS,True,False
Richard Gasquet,2021,ROLAND GARROS,True,False
Richard Gasquet,2021,QATAR EXXONMOBIL OPEN,True,False
Richard Gasquet,2020,ROLEX PARIS MASTERS,True,False
Richard Ruckelshausen,2021,ATP CUP,True,True
Rick Draney,2023,INTERNATIONAL TENNIS HALL OF FAME,True,True
Rinky Hijikata,2026,AUSTRALIAN OPEN,True,False
Rinky Hijikata,2026,BRISBANE INTERNATIONAL,True,False
Rinky Hijikata,2025,THE CHAMPIONSHIPS,True,False
Rinky Hijikata,2025,ADELAIDE INTERNATIONAL,True,False
Rinky Hijikata,2024,AUSTRALIAN OPEN,True,False
Rinky Hijikata,2024,BRISBANE INTERNATIONAL,True,False
Rinky Hijikata,2023,AUSTRALIAN OPEN,True,False
Rob Galloway,2025,UNITED CUP,True,False
Robbe Ceyssens,2020,US OPEN,True,True
Robbe Ceyssens,2020,WESTERN & SOUTHERN OPEN,True,True
Robert Farah,2022,DAVIS CUP QUALIFIERS: USA VS COLOMBIA,True,False
Robert Farah,2021,DAVIS CUP FINALS,True,False
Robert Farah,2021,GREAT OCEAN ROAD OPEN,True,False
Robert Lindstedt,2021,DAVIS CUP FINALS,True,False
Roberta Vinci,2026,INTERNAZIONALI BNL D'ITALIA,True,True
Roberto Bautista Agut,2024,DAVIS CUP FINALS,True,False
Roberto Bautista Agut,2024,THE CHAMPIONSHIPS,True,False
Roberto Bautista Agut,2023,AUSTRALIAN OPEN,True,False
Roberto Bautista Agut,2022,DAVIS CUP FINALS,True,False
Roberto Bautista Agut,2022,QATAR EXXONMOBIL OPEN,True,True
Roberto Bautista Agut,2022,AUSTRALIAN OPEN,True,False
Roberto Bautista Agut,2022,ATP CUP,True,True
Roberto Bautista Agut,2021,ATP CUP,True,True
Roberto Bautista Agut,2021,NATIONAL BANK OPEN,True,False
Roberto Bautista Agut,2021,THE CHAMPIONSHIPS,True,False
Roberto Bautista Agut,2021,ROLAND GARROS,True,False
Roberto Bautista Agut,2021,MUTUA MADRID OPEN,True,False
Roberto Bautista Agut,2021,MIAMI OPEN PRESENTED BY ITAú,True,False
Roberto Bautista Agut,2020,ROLAND GARROS,True,False
Roberto Bautista Agut,2020,WESTERN & SOUTHERN OPEN,True,False
Roberto Bautista Agut,2020,DUBAI DUTY FREE TENNIS CHAMPIONSHIPS,True,True
Roberto Bautista Agut,2020,AUSTRALIAN OPEN,True,False
Roberto Bautista Agut,2020,ATP CUP,True,True
Roberto Carballes Baena,2023,UNITED CUP,True,False
Roberto Carballes Baena,2021,AUSTRALIAN OPEN,True,False
Roberto Carballes Baena,2020,ROLAND GARROS,True,False
Roberto Quiroz,2021,DAVIS CUP FINALS,True,False
Robin Soderling,2021,DAVIS CUP FINALS,True,False
Rodrigo Pacheco Mendez,2023,ROLAND GARROS,True,False
Roger Federer,2026,AUSTRALIAN OPEN,True,True
Roger Federer,2024,LAVER CUP,True,False
Roger Federer,2022,LAVER CUP,True,True
Roger Federer,2021,THE CHAMPIONSHIPS,True,True
Roger Federer,2021,ROLAND GARROS,True,False
Roger Federer,2021,QATAR EXXONMOBIL OPEN,True,True
Roger Federer,2020,AUSTRALIAN OPEN,True,True
Rohan Bopanna,2024,AUSTRALIAN OPEN,True,False
Rohan Bopanna,2023,US OPEN,True,False
Rohan Bopanna,2023,BNP PARIBAS OPEN,True,False
Rohan Bopanna,2023,AUSTRALIAN OPEN,True,False
Rohan Bopanna,2022,ADELAIDE INTERNATIONAL,True,False
Romain Arneodo,2025,ROLEX MONTE-CARLO MASTERS,True,False
Romain Arneodo,2023,ROLEX MONTE-CARLO MASTERS,True,False
Roman Safiullin,2023,THE CHAMPIONSHIPS,True,False
Roman Safiullin,2022,ATP CUP,True,False
Roman Safiullin,2021,ATP CUP,True,True
Rosa Vicens Mas,2023,UNITED CUP,True,False
Rosie Casals,2023,AUSTRALIAN OPEN,True,True
Ross Hutchins,2025,DAVIS CUP FINALS,True,True
Ruan Roelofse,2020,ATP CUP,True,False
Ryan Peniston,2023,THE CHAMPIONSHIPS,True,False
Ryan Peniston,2023,CINCH CHAMPIONSHIPS,True,False
Ryan Peniston,2022,THE CHAMPIONSHIPS,True,False
Saba Purtseladze,2021,ATP CUP,True,False
Salvatore Caruso,2022,AUSTRALIAN OPEN,True,False
Salvatore Caruso,2021,AUSTRALIAN OPEN,True,False
Sam Querrey,2020,ROLAND GARROS,True,False
Sam Schroder,2025,AUSTRALIAN OPEN,True,False
Sam Schroder,2024,AUSTRALIAN OPEN,True,False
Sam Schroder,2023,US OPEN,True,False
Sam Schroder,2023,AUSTRALIAN OPEN,True,False
Sam Schroder,2022,ROLAND GARROS,True,False
Sam Schroder,2022,AUSTRALIAN OPEN,True,False
Sam Schroeder,2022,US OPEN,True,False
Sam Stosur,2022,UNITED CUP,True,False
Sam Stosur,2021,AUSTRALIAN OPEN,True,False
Samantha Stosur,2024,BILLIE JEAN KING CUP,True,False
Samantha Stosur,2023,AUSTRALIAN OPEN,True,True
Samantha Stosur,2022,BILLIE JEAN KING CUP,True,False
Samantha Stosur,2022,AUSTRALIAN OPEN,True,True
Samantha Stosur,2022,MELBOURNE SUMMER SET,True,False
Samantha Stosur,2021,US OPEN,True,False
Samantha Stosur,2021,WESTERN & SOUTHERN OPEN,True,False
Samantha Stosur,2021,ADELAIDE INTERNATIONAL,True,True
Samantha Stosur,2021,AUSTRALIAN OPEN,True,False
Samantha Stosur,2020,AUSTRALIAN OPEN,True,False
Samantha Stosur,2020,BRISBANE INTERNATIONAL,True,True
Samir Banerjee,2021,THE CHAMPIONSHIPS,True,False
Sander Gille,2020,ATP CUP,True,False
Sandra Naef,2024,UNITED CUP,True,False
Sania Mirza,2023,DUBAI DUTY FREE TENNIS CHAMPIONSHIPS,True,False
Sania Mirza,2023,AUSTRALIAN OPEN,True,False
Sania Mirza,2021,QATAR TOTAL OPEN,True,False
Sania Mirza,2020,DUBAI DUTY FREE TENNIS CHAMPIONSHIPS,True,True
Sanjar Fayziev,2020,DAVIS CUP QUALIFYING: USA VS UZBEKISTAN,True,True
Santiago Gonzalez,2023,MIAMI OPEN PRESENTED BY ITAú,True,False
Sapfo Sakellaridi,2026,UNITED CUP,True,True
Sapfo Sakellaridi,2023,UNITED CUP,True,True
Sapfo Sakellaridi,2022,UNITED CUP,True,False
Sara Bejlek,2024,BILLIE JEAN KING CUP,True,True
Sara Bejlek,2022,ROLAND GARROS,True,False
Sara Errani,2026,ROLAND GARROS,True,False
Sara Errani,2026,UNITED CUP,True,True
Sara Errani,2025,CHINA OPEN,True,False
Sara Errani,2025,BILLIE JEAN KING CUP,True,False
Sara Errani,2025,BILLIE JEAN KING CUP: ITALY VS UKRAINE,True,False
Sara Errani,2025,US OPEN,True,False
Sara Errani,2025,ROLAND GARROS,True,False
Sara Errani,2025,INTERNAZIONALI BNL D'ITALIA,True,False
Sara Errani,2024,UNITED CUP,True,True
Sara Errani,2024,BILLIE JEAN KING CUP,True,True
Sara Errani,2024,CHINA OPEN,True,False
Sara Errani,2024,US OPEN,True,False
Sara Errani,2024,ROLAND GARROS,True,False
Sara Errani,2024,INTERNAZIONALI BNL D'ITALIA,True,True
Sara Errani,2021,AUSTRALIAN OPEN,True,False
Sara Errani,2020,ROLAND GARROS,True,False
Sara Sorribes Tormo,2024,BILLIE JEAN KING CUP,True,False
Sara Sorribes Tormo,2023,UNITED CUP,True,False
Sara Sorribes Tormo,2023,BILLIE JEAN KING CUP,True,False
Sara Sorribes Tormo,2023,CHINA OPEN,True,False
Sara Sorribes Tormo,2023,ROLAND GARROS,True,False
Sara Sorribes Tormo,2022,MUTUA MADRID OPEN,True,False
Sara Sorribes Tormo,2021,MUTUA MADRID OPEN,True,False
Sara Sorribes Tormo,2021,MIAMI OPEN PRESENTED BY ITAú,True,False
Sascha Bajin,2021,THE CHAMPIONSHIPS,True,True
Satoshi Iwabuchi,2020,ATP CUP,True,True
Sean Cuenin,2021,ROLAND GARROS,True,False
Sebastain Korda,2022,DAVIS CUP QUALIFIERS: USA VS COLOMBIA,True,False
Sebastian Baez,2026,UNITED CUP,True,True
Sebastian Baez,2024,DAVIS CUP FINALS,True,False
Sebastian Baez,2022,DAVIS CUP FINALS,True,False
Sebastian Baez,2022,ROLAND GARROS,True,False
Sebastian Baez,2022,INTERNAZIONALI BNL D'ITALIA,True,False
Sebastian Baez,2022,SYDNEY TENNIS CLASSIC,True,False
Sebastian Baez,2021,NEXT GEN ATP FINALS,True,False
Sebastian Gutierrez,2026,UNITED CUP,True,True
Sebastian Korda,2026,MIAMI OPEN PRESENTED BY ITAú,True,False
Sebastian Korda,2025,AUSTRALIAN OPEN,True,False
Sebastian Korda,2025,ADELAIDE INTERNATIONAL,True,True
Sebastian Korda,2024,OMNIUM BANQUE NATIONALE,True,False
Sebastian Korda,2024,MUBADALA CITI DC OPEN,True,True
Sebastian Korda,2024,ROLAND GARROS,True,False
Sebastian Korda,2023,ROLEX SHANGHAI MASTERS,True,False
Sebastian Korda,2023,CINCH CHAMPIONSHIPS,True,False
Sebastian Korda,2023,ROLAND GARROS,True,False
Sebastian Korda,2023,AUSTRALIAN OPEN,True,False
Sebastian Korda,2023,ADELAIDE INTERNATIONAL,True,False
Sebastian Korda,2022,CITI OPEN,True,False
Sebastian Korda,2022,ROLEX MONTE-CARLO MASTERS,True,False
Sebastian Korda,2022,BNP PARIBAS OPEN,True,False
Sebastian Korda,2022,DAVIS CUP QUALIFIERS: USA VS COLOMBIA,True,False
Sebastian Korda,2022,AUSTRALIAN OPEN,True,False
Sebastian Korda,2021,NEXT GEN ATP FINALS,True,False
Sebastian Korda,2021,WESTERN & SOUTHERN OPEN,True,True
Sebastian Korda,2021,CITI OPEN,True,False
Sebastian Korda,2021,THE CHAMPIONSHIPS,True,False
Sebastian Korda,2021,MIAMI OPEN PRESENTED BY ITAú,True,False
Sebastian Korda,2020,ROLAND GARROS,True,False
Sebastian Ofner,2023,ROLAND GARROS,True,False
Sebastian Ofner,2020,ATP CUP,True,False
Sebastian Sec,2022,BNP PARIBAS OPEN,True,True
Sebastien Grosjean,2021,DAVIS CUP FINALS,True,False
Sebastien Korda,2022,ROLEX MONTE-CARLO MASTERS,True,False
Sem Verbeek,2025,THE CHAMPIONSHIPS,True,False
Seong Chan Hong,2022,DAVIS CUP FINALS,True,False
Serena Williams,2026,THE CHAMPIONSHIPS,True,True
Serena Williams,2026,HSBC CHAMPIONSHIPS,True,False
Serena Williams,2022,US OPEN,True,False
Serena Williams,2022,NATIONAL BANK OPEN,True,False
Serena Williams,2022,THE CHAMPIONSHIPS,True,True
Serena Williams,2021,THE CHAMPIONSHIPS,True,True
Serena Williams,2021,ROLAND GARROS,True,False
Serena Williams,2021,INTERNAZIONALI BNL D'ITALIA,True,True
Serena Williams,2021,AUSTRALIAN OPEN,True,True
Serena Williams,2021,YARRA VALLEY CLASSIC,True,False
Serena Williams,2020,ROLAND GARROS,True,True
Serena Williams,2020,US OPEN,True,True
Serena Williams,2020,WESTERN & SOUTHERN OPEN,True,True
Serena Williams,2020,BNP PARIBAS FED CUP: USA VS LATVIA,True,True
Serena Williams,2020,AUSTRALIAN OPEN,True,False
Sergi Bruguera,2022,DAVIS CUP FINALS,True,False
Sergi Bruguera,2021,DAVIS CUP FINALS,True,False
Sergio Martos Gornes,2024,UNITED CUP,True,True
Shamil Tarpischev,2021,DAVIS CUP FINALS,True,True
Shamil Tarpishchev,2021,DAVIS CUP FINALS,True,False
Shang Jerry,2023,CHINA OPEN,True,True
Shang Juncheng,2025,ROLEX SHANGHAI MASTERS,True,False
Shang Juncheng,2025,CHINA OPEN,True,True
Shang Juncheng,2024,ROLEX SHANGHAI MASTERS,True,True
Shang Juncheng,2024,CHINA OPEN,True,True
Shang Juncheng,2024,AUSTRALIAN OPEN,True,False
Shang Juncheng,2023,ROLEX SHANGHAI MASTERS,True,True
Shang Juncheng,2023,CHINA OPEN,True,False
Shang Juncheng,2023,AUSTRALIAN OPEN,True,False
Sharon Fichman,2021,INTERNAZIONALI BNL D'ITALIA,True,False
Shelby Rogers,2024,AUSTRALIAN OPEN,True,True
Shelby Rogers,2022,BILLIE JEAN KING CUP,True,True
Shelby Rogers,2022,ADELAIDE INTERNATIONAL,True,False
Shelby Rogers,2021,BNP PARIBAS OPEN,True,False
Shelby Rogers,2021,US OPEN,True,False
Shelby Rogers,2021,AUSTRALIAN OPEN,True,False
Shelby Rogers,2020,US OPEN,True,False
Shingo Kunieda,2024,MIAMI OPEN PRESENTED BY ITAú,True,False
Shingo Kunieda,2022,THE CHAMPIONSHIPS,True,False
Shingo Kunieda,2022,ROLAND GARROS,True,False
Shingo Kunieda,2022,AUSTRALIAN OPEN,True,False
Shingo Kunieda,2021,US OPEN,True,False
Shingo Kunieda,2021,AUSTRALIAN OPEN,True,False
Shingo Kunieda,2020,AUSTRALIAN OPEN,True,False
Shintaro Mochizuki,2026,THE CHAMPIONSHIPS,True,False
Shintaro Mochizuki,2026,UNITED CUP,True,True
Shintaro Mochizuki,2021,MIAMI OPEN PRESENTED BY ITAú,True,False
Shintaro Mochuzuki,2026,UNITED CUP,True,False
Sho Shimabukuro,2023,THE CHAMPIONSHIPS,True,False
Shuai Zhang,2023,AUSTRALIAN OPEN,True,False
Shuai Zhang,2022,THE CHAMPIONSHIPS,True,False
Shuai Zhang,2022,AUSTRALIAN OPEN,True,False
Shuai Zhang,2021,WESTERN & SOUTHERN OPEN,True,False
Shuai Zhang,2020,ROLAND GARROS,True,False
Shuko Aoyama,2025,BILLIE JEAN KING CUP,True,True
Shuko Aoyama,2024,BILLIE JEAN KING CUP,True,True
Shuko Aoyama,2023,AUSTRALIAN OPEN,True,False
Shuko Aoyama,2022,AUSTRALIAN OPEN,True,False
Shuko Aoyama,2021,MIAMI OPEN PRESENTED BY ITAú,True,False
Shuko Aoyama,2021,YARRA VALLEY CLASSIC,True,False
Simona Halep,2024,MIAMI OPEN PRESENTED BY ITAú,True,False
Simona Halep,2022,NATIONAL BANK OPEN,True,False
Simona Halep,2022,CITI OPEN,True,True
Simona Halep,2022,THE CHAMPIONSHIPS,True,True
Simona Halep,2022,ROLAND GARROS,True,True
Simona Halep,2022,INTERNAZIONALI BNL D'ITALIA,True,True
Simona Halep,2022,MUTUA MADRID OPEN,True,False
Simona Halep,2022,BNP PARIBAS OPEN,True,False
Simona Halep,2022,DUBAI DUTY FREE TENNIS CHAMPIONSHIPS,True,False
Simona Halep,2022,AUSTRALIAN OPEN,True,False
Simona Halep,2022,MELBOURNE SUMMER SET,True,True
Simona Halep,2021,BNP PARIBAS OPEN,True,False
Simona Halep,2021,US OPEN,True,False
Simona Halep,2021,WESTERN & SOUTHERN OPEN,True,False
Simona Halep,2021,OMNIUM BANQUE NATIONALE,True,False
Simona Halep,2021,INTERNAZIONALI BNL D'ITALIA,True,True
Simona Halep,2021,MUTUA MADRID OPEN,True,True
Simona Halep,2021,MIAMI OPEN PRESENTED BY ITAú,True,True
Simona Halep,2021,AUSTRALIAN OPEN,True,True
Simona Halep,2021,GIPPSLAND TROPHY,True,False
Simona Halep,2020,ROLAND GARROS,True,True
Simona Halep,2020,INTERNAZIONALI BNL D'ITALIA,True,True
Simona Halep,2020,DUBAI DUTY FREE TENNIS CHAMPIONSHIPS,True,True
Simona Halep,2020,AUSTRALIAN OPEN,True,True
Simona Halep,2020,ADELAIDE INTERNATIONAL,True,True
Simona Waltert,2023,BILLIE JEAN KING CUP,True,False
Simona Waltert,2022,BILLIE JEAN KING CUP,True,False
Simone Bolelli,2026,MIAMI OPEN PRESENTED BY ITAú,True,False
Simone Bolelli,2025,DAVIS CUP FINALS,True,False
Simone Bolelli,2025,NITTO ATP FINALS,True,False
Simone Bolelli,2025,ADELAIDE INTERNATIONAL,True,False
Simone Bolelli,2024,DAVIS CUP FINALS,True,False
Simone Bolelli,2024,CHINA OPEN,True,False
Simone Bolelli,2024,ROLAND GARROS,True,False
Simone Bolelli,2024,AUSTRALIAN OPEN,True,False
Simone Bolelli,2023,DAVIS CUP FINALS,True,False
Simone Bolelli,2022,DAVIS CUP FINALS,True,False
Simone Bolelli,2021,ATP CUP,True,True
Simone Bolelli,2020,ATP CUP,True,True
Simone Vagnozzi,2026,THE CHAMPIONSHIPS,True,True
Simone Vagnozzi,2026,ROLEX MONTE-CARLO MASTERS,True,True
Simone Vagnozzi,2025,THE CHAMPIONSHIPS,True,True
Simone Vagnozzi,2025,AUSTRALIAN OPEN,True,True
Simone Vagnozzi,2024,NITTO ATP FINALS,True,True
Simone Vagnozzi,2024,AUSTRALIAN OPEN,True,True
Sinja Kraus,2023,BILLIE JEAN KING CUP,True,True
Sloane Stephens,2024,MIAMI OPEN PRESENTED BY ITAú,True,False
Sloane Stephens,2024,AUSTRALIAN OPEN,True,False
Sloane Stephens,2023,BRISBANE INTERNATIONAL,True,False
Sloane Stephens,2023,BILLIE JEAN KING CUP,True,True
Sloane Stephens,2023,WESTERN & SOUTHERN OPEN,True,False
Sloane Stephens,2023,ROLAND GARROS,True,False
Sloane Stephens,2022,GUADALAJARA OPEN,True,False
Sloane Stephens,2022,ROLAND GARROS,True,False
Sloane Stephens,2022,AUSTRALIAN OPEN,True,False
Sloane Stephens,2021,US OPEN,True,False
Sloane Stephens,2021,THE CHAMPIONSHIPS,True,False
Sloane Stephens,2021,ROLAND GARROS,True,False
Sloane Stephens,2020,US OPEN,True,False
Sloane Stephens,2020,WESTERN & SOUTHERN OPEN,True,False
Sloane Stephens,2020,BRISBANE INTERNATIONAL,True,False
Sofia Costoulas,2024,BILLIE JEAN KING CUP: USA VS BELGIUM,True,True
Sofia Costoulas,2022,AUSTRALIAN OPEN,True,False
Sofia Kenin,2025,MUBADALA CITI DC OPEN,True,False
Sofia Kenin,2024,ROLAND GARROS,True,False
Sofia Kenin,2023,BILLIE JEAN KING CUP,True,True
Sofia Kenin,2023,GUADALAJARA OPEN,True,False
Sofia Kenin,2023,THE CHAMPIONSHIPS,True,False
Sofia Kenin,2021,THE CHAMPIONSHIPS,True,False
Sofia Kenin,2021,ROLAND GARROS,True,False
Sofia Kenin,2021,INTERNAZIONALI BNL D'ITALIA,True,True
Sofia Kenin,2021,MIAMI OPEN PRESENTED BY ITAú,True,True
Sofia Kenin,2021,AUSTRALIAN OPEN,True,True
Sofia Kenin,2021,YARRA VALLEY CLASSIC,True,False
Sofia Kenin,2020,ROLAND GARROS,True,False
Sofia Kenin,2020,INTERNAZIONALI BNL D'ITALIA,True,True
Sofia Kenin,2020,US OPEN,True,True
Sofia Kenin,2020,WESTERN & SOUTHERN OPEN,True,True
Sofia Kenin,2020,QATAR TOTAL OPEN,True,True
Sofia Kenin,2020,DUBAI DUTY FREE TENNIS CHAMPIONSHIPS,True,True
Sofia Kenin,2020,BNP PARIBAS FED CUP: USA VS LATVIA,True,True
Sofia Kenin,2020,AUSTRALIAN OPEN,True,False
Solana Sierra,2026,ROLAND GARROS,True,False
Solana Sierra,2026,UNITED CUP,True,True
Solana Sierra,2025,THE CHAMPIONSHIPS,True,False
Solana Sierra,2022,ROLAND GARROS,True,False
Sonay Kartal,2026,AUSTRALIAN OPEN,True,True
Sonay Kartal,2025,BILLIE JEAN KING CUP: USA VS GREAT BRITAIN,True,False
Sonay Kartal,2025,BILLIE JEAN KING CUP: JAPAN VS GREAT BRITAIN,True,False
Sonay Kartal,2025,BILLIE JEAN KING CUP,True,True
Sonay Kartal,2025,THE CHAMPIONSHIPS,True,False
Sonay Kartal,2025,HSBC CHAMPIONSHIPS,True,False
Sonay Kartal,2025,ROLAND GARROS,True,True
Sonay Kartal,2025,AUSTRALIAN OPEN,True,True
Sonay Kartal,2024,THE CHAMPIONSHIPS,True,False
Sonay Kartal,2023,THE CHAMPIONSHIPS,True,False
Sonay Kartal,2022,THE CHAMPIONSHIPS,True,False
Soonwoo Kwon,2023,ADELAIDE INTERNATIONAL,True,True
Soonwoo Kwon,2022,DAVIS CUP FINALS,True,False
Sorana Cirstea,2026,ROLAND GARROS,True,False
Sorana Cirstea,2026,INTERNAZIONALI BNL D'ITALIA,True,False
Sorana Cirstea,2026,AUSTRALIAN OPEN,True,False
Sorana Cirstea,2024,DUBAI DUTY FREE TENNIS CHAMPIONSHIPS,True,False
Sorana Cirstea,2023,US OPEN,True,False
Sorana Cirstea,2023,MIAMI OPEN PRESENTED BY ITAú,True,False
Sorana Cirstea,2022,ROLAND GARROS,True,False
Sorana Cirstea,2022,AUSTRALIAN OPEN,True,False
Sorana Cirstea,2021,THE CHAMPIONSHIPS,True,False
Sorana Cirstea,2021,ROLAND GARROS,True,False
Speaker Name,2021,SYDNEY TENNIS CLASSIC,True,False
Stacey Allaster,2024,US OPEN,True,True
Stacey Allaster,2020,US OPEN,True,True
Stacey Fung,2024,UNITED CUP,True,True
Stacey Fung,2023,UNITED CUP,True,True
Stan Wawrinka,2026,THE CHAMPIONSHIPS,True,False
Stan Wawrinka,2026,ROLAND GARROS,True,True
Stan Wawrinka,2026,ROLEX MONTE-CARLO MASTERS,True,False
Stan Wawrinka,2026,DUBAI DUTY FREE TENNIS CHAMPIONSHIPS,True,False
Stan Wawrinka,2026,AUSTRALIAN OPEN,True,True
Stan Wawrinka,2026,UNITED CUP,True,True
Stan Wawrinka,2025,ROLAND GARROS,True,True
Stan Wawrinka,2025,ROLEX MONTE-CARLO MASTERS,True,False
Stan Wawrinka,2024,ROLAND GARROS,True,False
Stan Wawrinka,2024,AUSTRALIAN OPEN,True,False
Stan Wawrinka,2023,US OPEN,True,False
Stan Wawrinka,2023,THE CHAMPIONSHIPS,True,False
Stan Wawrinka,2023,ROLAND GARROS,True,False
Stan Wawrinka,2023,ROLEX MONTE-CARLO MASTERS,True,False
Stan Wawrinka,2022,UNITED CUP,True,False
Stan Wawrinka,2022,US OPEN,True,False
Stan Wawrinka,2022,WESTERN & SOUTHERN OPEN,True,False
Stan Wawrinka,2022,THE CHAMPIONSHIPS,True,False
Stan Wawrinka,2022,ROLAND GARROS,True,False
Stan Wawrinka,2022,INTERNAZIONALI BNL D'ITALIA,True,True
Stan Wawrinka,2022,ROLEX MONTE-CARLO MASTERS,True,True
Stan Wawrinka,2021,AUSTRALIAN OPEN,True,True
Stan Wawrinka,2020,ROLEX PARIS MASTERS,True,False
Stan Wawrinka,2020,ROLAND GARROS,True,False
Stan Wawrinka,2020,AUSTRALIAN OPEN,True,False
Stan Wawrinka,2020,QATAR EXXONMOBIL OPEN,True,False
Stefan Koubek,2021,DAVIS CUP FINALS,True,False
Stefan Kozlov,2022,AUSTRALIAN OPEN,True,False
Stefano Cobolli,2026,UNITED CUP,True,True
Stefano Travaglia,2021,GREAT OCEAN ROAD OPEN,True,False
Stefano Travaglia,2020,ATP CUP,True,True
Stefano Vukov,2023,AUSTRALIAN OPEN,True,True
Stefano Vukov,2021,ROLAND GARROS,True,True
Stefanos Sakellaridis,2026,UNITED CUP,True,True
Stefanos Sakellaridis,2024,UNITED CUP,True,True
Stefanos Sakellaridis,2023,UNITED CUP,True,True
Stefanos Sakellaridis,2022,UNITED CUP,True,True
Stefanos Tsitsipas,2026,THE CHAMPIONSHIPS,True,False
Stefanos Tsitsipas,2026,ROLAND GARROS,True,False
Stefanos Tsitsipas,2026,MUTUA MADRID OPEN,True,False
Stefanos Tsitsipas,2026,AUSTRALIAN OPEN,True,True
Stefanos Tsitsipas,2026,ADELAIDE INTERNATIONAL,True,False
Stefanos Tsitsipas,2026,UNITED CUP,True,True
Stefanos Tsitsipas,2025,THE CHAMPIONSHIPS,True,False
Stefanos Tsitsipas,2025,ROLAND GARROS,True,True
Stefanos Tsitsipas,2025,ROLEX MONTE-CARLO MASTERS,True,False
Stefanos Tsitsipas,2025,BNP PARIBAS OPEN,True,False
Stefanos Tsitsipas,2025,DUBAI DUTY FREE TENNIS CHAMPIONSHIPS,True,False
Stefanos Tsitsipas,2025,AUSTRALIAN OPEN,True,True
Stefanos Tsitsipas,2024,UNITED CUP,True,True
Stefanos Tsitsipas,2024,ROLEX SHANGHAI MASTERS,True,False
Stefanos Tsitsipas,2024,LAVER CUP,True,False
Stefanos Tsitsipas,2024,THE CHAMPIONSHIPS,True,False
Stefanos Tsitsipas,2024,ROLAND GARROS,True,False
Stefanos Tsitsipas,2024,INTERNAZIONALI BNL D'ITALIA,True,False
Stefanos Tsitsipas,2024,MUTUA MADRID OPEN,True,False
Stefanos Tsitsipas,2024,ROLEX MONTE-CARLO MASTERS,True,False
Stefanos Tsitsipas,2024,BNP PARIBAS OPEN,True,False
Stefanos Tsitsipas,2024,AUSTRALIAN OPEN,True,False
Stefanos Tsitsipas,2023,UNITED CUP,True,True
Stefanos Tsitsipas,2023,NITTO ATP FINALS,True,False
Stefanos Tsitsipas,2023,ROLEX PARIS MASTERS,True,False
Stefanos Tsitsipas,2023,ROLEX SHANGHAI MASTERS,True,False
Stefanos Tsitsipas,2023,US OPEN,True,False
Stefanos Tsitsipas,2023,WESTERN & SOUTHERN OPEN,True,False
Stefanos Tsitsipas,2023,NATIONAL BANK OPEN,True,True
Stefanos Tsitsipas,2023,THE CHAMPIONSHIPS,True,False
Stefanos Tsitsipas,2023,ROLAND GARROS,True,True
Stefanos Tsitsipas,2023,ROLEX MONTE-CARLO MASTERS,True,False
Stefanos Tsitsipas,2023,AUSTRALIAN OPEN,True,True
Stefanos Tsitsipas,2022,UNITED CUP,True,True
Stefanos Tsitsipas,2022,NITTO ATP FINALS,True,False
Stefanos Tsitsipas,2022,LAVER CUP,True,False
Stefanos Tsitsipas,2022,US OPEN,True,True
Stefanos Tsitsipas,2022,WESTERN & SOUTHERN OPEN,True,False
Stefanos Tsitsipas,2022,THE CHAMPIONSHIPS,True,True
Stefanos Tsitsipas,2022,ROLAND GARROS,True,True
Stefanos Tsitsipas,2022,INTERNAZIONALI BNL D'ITALIA,True,True
Stefanos Tsitsipas,2022,MUTUA MADRID OPEN,True,True
Stefanos Tsitsipas,2022,ROLEX MONTE-CARLO MASTERS,True,True
Stefanos Tsitsipas,2022,MIAMI OPEN PRESENTED BY ITAú,True,True
Stefanos Tsitsipas,2022,BNP PARIBAS OPEN,True,False
Stefanos Tsitsipas,2022,AUSTRALIAN OPEN,True,True
Stefanos Tsitsipas,2022,ATP CUP,True,True
Stefanos Tsitsipas,2021,ATP CUP,True,True
Stefanos Tsitsipas,2021,NITTO ATP FINALS,True,False
Stefanos Tsitsipas,2021,ROLEX PARIS MASTERS,True,True
Stefanos Tsitsipas,2021,BNP PARIBAS OPEN,True,False
Stefanos Tsitsipas,2021,LAVER CUP,True,True
Stefanos Tsitsipas,2021,US OPEN,True,True
Stefanos Tsitsipas,2021,WESTERN & SOUTHERN OPEN,True,True
Stefanos Tsitsipas,2021,NATIONAL BANK OPEN,True,False
Stefanos Tsitsipas,2021,THE CHAMPIONSHIPS,True,True
Stefanos Tsitsipas,2021,ROLAND GARROS,True,False
Stefanos Tsitsipas,2021,MUTUA MADRID OPEN,True,True
Stefanos Tsitsipas,2021,ROLEX MONTE-CARLO MASTERS,True,True
Stefanos Tsitsipas,2021,MIAMI OPEN PRESENTED BY ITAú,True,True
Stefanos Tsitsipas,2021,AUSTRALIAN OPEN,True,False
Stefanos Tsitsipas,2020,NITTO ATP FINALS,True,False
Stefanos Tsitsipas,2020,ROLEX PARIS MASTERS,True,True
Stefanos Tsitsipas,2020,ROLAND GARROS,True,False
Stefanos Tsitsipas,2020,INTERNAZIONALI BNL D'ITALIA,True,True
Stefanos Tsitsipas,2020,US OPEN,True,True
Stefanos Tsitsipas,2020,WESTERN & SOUTHERN OPEN,True,True
Stefanos Tsitsipas,2020,DUBAI DUTY FREE TENNIS CHAMPIONSHIPS,True,False
Stefanos Tsitsipas,2020,AUSTRALIAN OPEN,True,True
Stefanos Tsitsipas,2020,ATP CUP,True,False
Steve Darcis,2025,DAVIS CUP FINALS,True,False
Steve Darcis,2020,ATP CUP,True,True
Steve Johnson,2024,BNP PARIBAS OPEN,True,False
Steve Johnson,2021,CITI OPEN,True,False
Steve Zacks,2025,LAVER CUP,True,True
Steve Zacks,2024,LAVER CUP,True,True
Steven Diez,2023,UNITED CUP,True,False
Steven Diez,2022,ATP CUP,True,True
Steven Diez,2021,DAVIS CUP FINALS,True,False
Steven Diez,2021,ATP CUP,True,True
Steven Diez,2020,ATP CUP,True,False
Storm Hunter,2026,AUSTRALIAN OPEN,True,False
Storm Hunter,2026,UNITED CUP,True,True
Storm Hunter,2024,AUSTRALIAN OPEN,True,False
Storm Hunter,2024,UNITED CUP,True,True
Storm Hunter,2023,UNITED CUP,True,True
Storm Hunter,2023,BILLIE JEAN KING CUP,True,False
Storm Hunter,2023,GUADALAJARA OPEN,True,False
Storm Sanders,2022,BILLIE JEAN KING CUP,True,False
Storm Sanders,2022,GUADALAJARA OPEN,True,False
Storm Sanders,2022,US OPEN,True,False
Storm Sanders,2022,ADELAIDE INTERNATIONAL,True,False
Storm Sanders,2021,ROLAND GARROS,True,False
Storm Sanders,2021,ADELAIDE INTERNATIONAL,True,False
Su-Wei Hsieh,2023,THE CHAMPIONSHIPS,True,False
Su-Wei Hsieh,2021,BNP PARIBAS OPEN,True,False
Su-Wei Hsieh,2021,THE CHAMPIONSHIPS,True,False
Su-Wei Hsieh,2020,INTERNAZIONALI BNL D'ITALIA,True,False
Su-Wei Hsieh,2020,QATAR TOTAL OPEN,True,False
Su-Wei Hsieh,2020,BRISBANE INTERNATIONAL,True,False
Sumit Nagal,2024,AUSTRALIAN OPEN,True,False
Sun Fajing,2024,UNITED CUP,True,True
Suzan Lamens,2026,UNITED CUP,True,True
Svetlana Kuznetsova,2020,INTERNAZIONALI BNL D'ITALIA,True,False
Svetlana Kuznetsova,2020,QATAR TOTAL OPEN,True,False
Sylvain Bruneau,2022,BILLIE JEAN KING CUP,True,False
Szymon Walkow,2022,ATP CUP,True,False
Szymon Walkow,2021,ATP CUP,True,False
Talia Gibson,2026,BNP PARIBAS OPEN,True,False
Talia Gibson,2026,AUSTRALIAN OPEN,True,False
Talia Gibson,2025,AUSTRALIAN OPEN,True,False
Tallon Griekspoor,2026,DUBAI DUTY FREE TENNIS CHAMPIONSHIPS,True,False
Tallon Griekspoor,2026,UNITED CUP,True,True
Tallon Griekspoor,2025,ROLEX SHANGHAI MASTERS,True,False
Tallon Griekspoor,2025,ROLAND GARROS,True,False
Tallon Griekspoor,2025,DUBAI DUTY FREE TENNIS CHAMPIONSHIPS,True,False
Tallon Griekspoor,2024,DAVIS CUP FINALS,True,True
Tallon Griekspoor,2024,ROLAND GARROS,True,False
Tallon Griekspoor,2023,UNITED CUP,True,False
Tallon Griekspoor,2023,DAVIS CUP FINALS,True,True
Tallon Griekspoor,2023,MUBADALA CITI DC OPEN,True,False
Tallon Griekspoor,2022,DAVIS CUP FINALS,True,False
Tallon Griekspoor,2022,ROLAND GARROS,True,False
Tallon Griekspoor,2022,AUSTRALIAN OPEN,True,False
Tallon Griekspoor,2022,MELBOURNE SUMMER SET,True,False
Tamara Korpatsch,2026,ROLAND GARROS,True,False
Tamara Zidansek,2023,BILLIE JEAN KING CUP,True,True
Tamara Zidansek,2021,ROLAND GARROS,True,False
Tamira Paszek,2023,BILLIE JEAN KING CUP,True,True
Tara Wurth,2023,UNITED CUP,True,False
Tara Wurth,2022,UNITED CUP,True,True
Taro Daniel,2023,AUSTRALIAN OPEN,True,False
Taro Daniel,2022,AUSTRALIAN OPEN,True,False
Taro Daniel,2021,AUSTRALIAN OPEN,True,False
Tathiana Garbin,2026,INTERNAZIONALI BNL D'ITALIA,True,True
Tathiana Garbin,2024,BILLIE JEAN KING CUP,True,False
Tathiana Garbin,2023,BILLIE JEAN KING CUP,True,False
Tathiana Garbin,2022,BILLIE JEAN KING CUP,True,False
Tatjana Maria,2025,HSBC CHAMPIONSHIPS,True,False
Tatjana Maria,2025,AUSTRALIAN OPEN,True,False
Tatjana Maria,2024,BILLIE JEAN KING CUP,True,True
Tatjana Maria,2024,PORSCHE TENNIS GRAND PRIX,True,True
Tatjana Maria,2024,AUSTRALIAN OPEN,True,False
Tatjana Maria,2024,UNITED CUP,True,False
Tatjana Maria,2023,UNITED CUP,True,False
Tatjana Maria,2023,BILLIE JEAN KING CUP,True,True
Tatjana Maria,2022,THE CHAMPIONSHIPS,True,False
Taylah Preston,2026,AUSTRALIAN OPEN,True,False
Taylor Fritz,2026,THE CHAMPIONSHIPS,True,False
Taylor Fritz,2026,ROLAND GARROS,True,True
Taylor Fritz,2026,MIAMI OPEN PRESENTED BY ITAú,True,False
Taylor Fritz,2026,BNP PARIBAS OPEN,True,True
Taylor Fritz,2026,AUSTRALIAN OPEN,True,False
Taylor Fritz,2026,UNITED CUP,True,True
Taylor Fritz,2025,NITTO ATP FINALS,True,False
Taylor Fritz,2025,LAVER CUP,True,True
Taylor Fritz,2025,DAVIS CUP QULIFIERS 2ND ROUND: CZECHIA vs USA,True,False
Taylor Fritz,2025,DAVIS CUP MEDIA CONFERENCE,True,False
Taylor Fritz,2025,US OPEN,True,True
Taylor Fritz,2025,NATIONAL BANK OPEN,True,True
Taylor Fritz,2025,MUBADALA CITI DC OPEN,True,True
Taylor Fritz,2025,THE CHAMPIONSHIPS,True,False
Taylor Fritz,2025,ROLAND GARROS,True,False
Taylor Fritz,2025,MIAMI OPEN PRESENTED BY ITAú,True,False
Taylor Fritz,2025,BNP PARIBAS OPEN,True,True
Taylor Fritz,2025,AUSTRALIAN OPEN,True,True
Taylor Fritz,2025,UNITED CUP,True,True
Taylor Fritz,2024,UNITED CUP,True,True
Taylor Fritz,2024,DAVIS CUP FINALS,True,True
Taylor Fritz,2024,NITTO ATP FINALS,True,False
Taylor Fritz,2024,ROLEX SHANGHAI MASTERS,True,False
Taylor Fritz,2024,LAVER CUP,True,False
Taylor Fritz,2024,US OPEN,True,True
Taylor Fritz,2024,THE CHAMPIONSHIPS,True,False
Taylor Fritz,2024,ROTHESAY INTERNATIONAL,True,False
Taylor Fritz,2024,ROLAND GARROS,True,False
Taylor Fritz,2024,INTERNAZIONALI BNL D'ITALIA,True,False
Taylor Fritz,2024,MUTUA MADRID OPEN,True,False
Taylor Fritz,2024,BNP PARIBAS OPEN,True,False
Taylor Fritz,2024,AUSTRALIAN OPEN,True,False
Taylor Fritz,2023,UNITED CUP,True,True
Taylor Fritz,2023,ROLEX SHANGHAI MASTERS,True,False
Taylor Fritz,2023,LAVER CUP,True,False
Taylor Fritz,2023,US OPEN,True,True
Taylor Fritz,2023,MUBADALA CITI DC OPEN,True,True
Taylor Fritz,2023,THE CHAMPIONSHIPS,True,False
Taylor Fritz,2023,ROLAND GARROS,True,False
Taylor Fritz,2023,ROLEX MONTE-CARLO MASTERS,True,False
Taylor Fritz,2023,MIAMI OPEN PRESENTED BY ITAú,True,False
Taylor Fritz,2023,BNP PARIBAS OPEN,True,False
Taylor Fritz,2023,AUSTRALIAN OPEN,True,False
Taylor Fritz,2022,UNITED CUP,True,True
Taylor Fritz,2022,DAVIS CUP FINALS,True,False
Taylor Fritz,2022,NITTO ATP FINALS,True,False
Taylor Fritz,2022,LAVER CUP,True,False
Taylor Fritz,2022,US OPEN,True,True
Taylor Fritz,2022,WESTERN & SOUTHERN OPEN,True,False
Taylor Fritz,2022,CITI OPEN,True,True
Taylor Fritz,2022,THE CHAMPIONSHIPS,True,False
Taylor Fritz,2022,ROLAND GARROS,True,False
Taylor Fritz,2022,MIAMI OPEN PRESENTED BY ITAú,True,True
Taylor Fritz,2022,BNP PARIBAS OPEN,True,False
Taylor Fritz,2022,DAVIS CUP QUALIFIERS: USA VS COLOMBIA,True,True
Taylor Fritz,2022,AUSTRALIAN OPEN,True,False
Taylor Fritz,2022,ATP CUP,True,True
Taylor Fritz,2021,ATP CUP,True,True
Taylor Fritz,2021,ROLEX PARIS MASTERS,True,False
Taylor Fritz,2021,BNP PARIBAS OPEN,True,False
Taylor Fritz,2021,THE CHAMPIONSHIPS,True,False
Taylor Fritz,2021,QATAR EXXONMOBIL OPEN,True,True
Taylor Fritz,2021,AUSTRALIAN OPEN,True,False
Taylor Fritz,2020,ROLAND GARROS,True,False
Taylor Fritz,2020,DAVIS CUP QUALIFYING: USA VS UZBEKISTAN,True,True
Taylor Fritz,2020,ATP CUP,True,True
Taylor Townsend,2026,ROLAND GARROS,True,False
Taylor Townsend,2026,MIAMI OPEN PRESENTED BY ITAú,True,False
Taylor Townsend,2026,BNP PARIBAS OPEN,True,False
Taylor Townsend,2025,BILLIE JEAN KING CUP: KAZAKHSTAN VS USA,True,False
Taylor Townsend,2025,BILLIE JEAN KING CUP,True,True
Taylor Townsend,2025,US OPEN,True,False
Taylor Townsend,2025,MUBADALA CITI DC OPEN,True,False
Taylor Townsend,2025,AUSTRALIAN OPEN,True,False
Taylor Townsend,2024,BILLIE JEAN KING CUP,True,True
Taylor Townsend,2024,US OPEN,True,False
Taylor Townsend,2024,NATIONAL BANK OPEN,True,False
Taylor Townsend,2024,MUBADALA CITI DC OPEN,True,False
Taylor Townsend,2024,THE CHAMPIONSHIPS,True,False
Taylor Townsend,2024,BILLIE JEAN KING CUP: USA VS BELGIUM,True,True
Taylor Townsend,2024,ADELAIDE INTERNATIONAL,True,False
Taylor Townsend,2023,BILLIE JEAN KING CUP,True,True
Taylor Townsend,2023,US OPEN,True,False
Taylor Townsend,2023,ROLAND GARROS,True,False
Taylor Townsend,2023,INTERNAZIONALI BNL D'ITALIA,True,False
Taylor Townsend,2023,AUSTRALIAN OPEN,True,False
Taylor Townsend,2022,US OPEN,True,False
Te Rigele,2026,UNITED CUP,True,False
Telva McGruder,2023,US OPEN,True,False
Tena Lukas,2023,UNITED CUP,True,True
Tennys Sandgren,2021,CITI OPEN,True,False
Tennys Sandgren,2021,AUSTRALIAN OPEN,True,False
Tennys Sandgren,2020,AUSTRALIAN OPEN,True,False
Terence Atmane,2026,ROLAND GARROS,True,True
Tereza Mihalikova,2024,BILLIE JEAN KING CUP,True,False
Tereza Mihalikova,2022,BILLIE JEAN KING CUP,True,False
Tereza Valentova,2024,ROLAND GARROS,True,False
Teymuraz Gabashvili,2020,ATP CUP,True,False
Thanasi Kokkinakis,2026,ROLAND GARROS,True,False
Thanasi Kokkinakis,2026,AUSTRALIAN OPEN,True,False
Thanasi Kokkinakis,2026,ADELAIDE INTERNATIONAL,True,True
Thanasi Kokkinakis,2026,BRISBANE INTERNATIONAL,True,False
Thanasi Kokkinakis,2025,AUSTRALIAN OPEN,True,True
Thanasi Kokkinakis,2025,ADELAIDE INTERNATIONAL,True,True
Thanasi Kokkinakis,2024,DAVIS CUP FINALS,True,True
Thanasi Kokkinakis,2024,LAVER CUP,True,False
Thanasi Kokkinakis,2024,MUBADALA CITI DC OPEN,True,False
Thanasi Kokkinakis,2024,AUSTRALIAN OPEN,True,False
Thanasi Kokkinakis,2024,ADELAIDE INTERNATIONAL,True,True
Thanasi Kokkinakis,2023,BRISBANE INTERNATIONAL,True,True
Thanasi Kokkinakis,2023,ROLAND GARROS,True,False
Thanasi Kokkinakis,2023,AUSTRALIAN OPEN,True,True
Thanasi Kokkinakis,2023,ADELAIDE INTERNATIONAL,True,True
Thanasi Kokkinakis,2022,DAVIS CUP FINALS,True,False
Thanasi Kokkinakis,2022,NITTO ATP FINALS,True,False
Thanasi Kokkinakis,2022,US OPEN,True,False
Thanasi Kokkinakis,2022,THE CHAMPIONSHIPS,True,False
Thanasi Kokkinakis,2022,AUSTRALIAN OPEN,True,True
Thanasi Kokkinakis,2022,ADELAIDE INTERNATIONAL,True,False
Thanasi Kokkinakis,2021,AUSTRALIAN OPEN,True,False
Theodoros Angelinos,2024,UNITED CUP,True,False
Thiago Agustin Tirante,2024,UNITED CUP,True,True
Thiago Monteiro,2024,UNITED CUP,True,True
Thiago Monteiro,2024,MUTUA MADRID OPEN,True,False
Thiago Monteiro,2022,UNITED CUP,True,False
Thiago Monteiro,2020,ROLAND GARROS,True,False
Thiago Seyboth Wild,2023,ROLAND GARROS,True,False
Thomas Enqvist,2024,LAVER CUP,True,False
Thomas Enqvist,2023,LAVER CUP,True,True
Thomas Enqvist,2022,LAVER CUP,True,False
Thomas Enqvist,2021,LAVER CUP,True,False
Thomas Hogstedt,2020,WESTERN & SOUTHERN OPEN,True,True
Thomas Muster,2020,ATP CUP,True,True
Tiantsoa Rakotomanga Rajaonah,2026,UNITED CUP,True,True
Tim Henman,2026,UNITED CUP,True,True
Tim Henman,2020,ATP CUP,True,True
Tim Puetz,2025,DAVIS CUP FINALS,True,False
Tim Puetz,2025,ROLEX SHANGHAI MASTERS,True,False
Tim Puetz,2024,UNITED CUP,True,True
Tim Puetz,2024,NITTO ATP FINALS,True,False
Tim Puetz,2023,ROLAND GARROS,True,False
Tim Puetz,2022,DAVIS CUP FINALS,True,False
Tim Puetz,2021,ATP CUP,True,False
Tim Puetz,2021,DAVIS CUP FINALS,True,False
Tim van Rijthoven,2022,THE CHAMPIONSHIPS,True,False
Timea Babos,2021,AUSTRALIAN OPEN,True,False
Timea Babos,2020,ROLAND GARROS,True,False
Timea Babos,2020,AUSTRALIAN OPEN,True,False
Timofey Skatov,2022,UNITED CUP,True,True
Toby Samuel,2026,THE CHAMPIONSHIPS,True,False
Todd Martin,2020,AUSTRALIAN OPEN,True,True
Todd Woodbridge,2025,AUSTRALIAN OPEN,True,True
Tokito Oda,2026,THE CHAMPIONSHIPS,True,False
Tokito Oda,2026,ROLAND GARROS,True,False
Tokito Oda,2026,AUSTRALIAN OPEN,True,False
Tokito Oda,2025,US OPEN,True,False
Tokito Oda,2025,THE CHAMPIONSHIPS,True,False
Tokito Oda,2025,ROLAND GARROS,True,False
Tokito Oda,2024,ROLAND GARROS,True,False
Tokito Oda,2024,AUSTRALIAN OPEN,True,False
Tokito Oda,2023,THE CHAMPIONSHIPS,True,False
Tokito Oda,2023,ROLAND GARROS,True,False
Tom Hill,2021,ROLAND GARROS,True,True
Tomas Barrios Vera,2022,ATP CUP,True,False
Tomas Barrios Vera,2021,ATP CUP,True,True
Tomas Berdych,2025,DAVIS CUP FINALS,True,False
Tomas Berdych,2025,DAVIS CUP QULIFIERS 2ND ROUND: CZECHIA vs USA,True,False
Tomas Carbonell,2022,ATP CUP,True,True
Tomas Etcheverry,2025,DAVIS CUP FINALS,True,False
Tomas Machac,2026,ADELAIDE INTERNATIONAL,True,False
Tomas Machac,2025,DAVIS CUP FINALS,True,False
Tomas Machac,2025,LAVER CUP,True,True
Tomas Machac,2025,DAVIS CUP MEDIA CONFERENCE,True,False
Tomas Machac,2025,DAVIS CUP QULIFIERS 2ND ROUND: CZECHIA vs USA,True,True
Tomas Machac,2025,AUSTRALIAN OPEN,True,False
Tomas Machac,2025,UNITED CUP,True,True
Tomas Machac,2024,UNITED CUP,True,True
Tomas Machac,2024,ROLEX SHANGHAI MASTERS,True,False
Tomas Machac,2024,ROLAND GARROS,True,False
Tomas Machac,2023,DAVIS CUP FINALS,True,True
Tomas Machac,2022,UNITED CUP,True,False
Tomas Machac,2022,AUSTRALIAN OPEN,True,False
Tomas Machac,2021,DAVIS CUP FINALS,True,False
Tomas Martin Etcheverry,2026,AUSTRALIAN OPEN,True,False
Tomas Martin Etcheverry,2024,UNITED CUP,True,True
Tomas Martin Etcheverry,2024,DAVIS CUP FINALS,True,False
Tomas Martin Etcheverry,2024,ROLAND GARROS,True,False
Tomas Martin Etcheverry,2023,ROLAND GARROS,True,False
Tomas Martin Etcheverry,2022,UNITED CUP,True,False
Tomasz Wiktorowski,2024,UNITED CUP,True,False
Tomasz Wiktorowski,2023,UNITED CUP,True,False
Tommy Haas,2025,BNP PARIBAS OPEN,True,True
Tommy Paul,2026,THE CHAMPIONSHIPS,True,False
Tommy Paul,2026,HSBC CHAMPIONSHIPS,True,False
Tommy Paul,2026,ROLAND GARROS,True,True
Tommy Paul,2026,AUSTRALIAN OPEN,True,False
Tommy Paul,2026,BRISBANE INTERNATIONAL,True,True
Tommy Paul,2025,THE CHAMPIONSHIPS,True,False
Tommy Paul,2025,ROLAND GARROS,True,False
Tommy Paul,2025,INTERNAZIONALI BNL D'ITALIA,True,False
Tommy Paul,2025,BNP PARIBAS OPEN,True,True
Tommy Paul,2025,AUSTRALIAN OPEN,True,False
Tommy Paul,2025,ADELAIDE INTERNATIONAL,True,True
Tommy Paul,2024,DAVIS CUP FINALS,True,True
Tommy Paul,2024,US OPEN,True,False
Tommy Paul,2024,THE CHAMPIONSHIPS,True,False
Tommy Paul,2024,CINCH CHAMPIONSHIPS,True,False
Tommy Paul,2024,INTERNAZIONALI BNL D'ITALIA,True,False
Tommy Paul,2024,BNP PARIBAS OPEN,True,False
Tommy Paul,2024,ADELAIDE INTERNATIONAL,True,True
Tommy Paul,2023,ROLEX SHANGHAI MASTERS,True,False
Tommy Paul,2023,LAVER CUP,True,False
Tommy Paul,2023,US OPEN,True,False
Tommy Paul,2023,NATIONAL BANK OPEN,True,False
Tommy Paul,2023,BNP PARIBAS OPEN,True,False
Tommy Paul,2023,AUSTRALIAN OPEN,True,False
Tommy Paul,2022,DAVIS CUP FINALS,True,False
Tommy Paul,2022,OMNIUM BANQUE NATIONALE,True,False
Tommy Paul,2022,THE CHAMPIONSHIPS,True,False
Tommy Paul,2022,DAVIS CUP QUALIFIERS: USA VS COLOMBIA,True,False
Tommy Paul,2022,AUSTRALIAN OPEN,True,False
Tommy Paul,2020,DAVIS CUP QUALIFYING: USA VS UZBEKISTAN,True,True
Tommy Paul,2020,ATP CUP,True,True
Tony Godsick,2025,LAVER CUP,True,True
Tony Godsick,2024,LAVER CUP,True,True
Torben Beltz,2024,UNITED CUP,True,False
Torben Beltz,2023,UNITED CUP,True,False
Toshihide Matsui,2021,ATP CUP,True,False
Toshihide Matsui,2020,ATP CUP,True,True
Tristan Boyer,2025,AUSTRALIAN OPEN,True,False
Tristan Schoolkate,2025,AUSTRALIAN OPEN,True,False
Tristan-Samuel Weissborn,2021,ATP CUP,True,True
Troicki Viktor,2024,UNITED CUP,True,False
Tsvetana Pironkova,2020,ROLAND GARROS,True,False
Tsvetana Pironkova,2020,US OPEN,True,False
Tyra Caterina Grant,2026,THE CHAMPIONSHIPS,True,False
Tyra Grant,2025,BILLIE JEAN KING CUP,True,False
Tyra Grant,2025,BILLIE JEAN KING CUP: ITALY VS UKRAINE,True,False
Ugo Humbert,2026,ROLAND GARROS,True,True
Ugo Humbert,2026,ADELAIDE INTERNATIONAL,True,False
Ugo Humbert,2025,ROLAND GARROS,True,True
Ugo Humbert,2025,ROLEX MONTE-CARLO MASTERS,True,False
Ugo Humbert,2024,UNITED CUP,True,True
Ugo Humbert,2024,ROLEX PARIS MASTERS,True,True
Ugo Humbert,2024,ROLEX SHANGHAI MASTERS,True,False
Ugo Humbert,2024,THE CHAMPIONSHIPS,True,False
Ugo Humbert,2024,ROLAND GARROS,True,True
Ugo Humbert,2024,ROLEX MONTE-CARLO MASTERS,True,False
Ugo Humbert,2024,DUBAI DUTY FREE TENNIS CHAMPIONSHIPS,True,False
Ugo Humbert,2024,QATAR EXXONMOBIL OPEN,True,False
Ugo Humbert,2024,AUSTRALIAN OPEN,True,True
Ugo Humbert,2023,ROLEX PARIS MASTERS,True,False
Ugo Humbert,2023,ROLEX SHANGHAI MASTERS,True,False
Ugo Humbert,2023,ROLAND GARROS,True,True
Ugo Humbert,2023,ROLEX MONTE-CARLO MASTERS,True,False
Ugo Humbert,2023,AUSTRALIAN OPEN,True,False
Ugo Humbert,2022,ROLAND GARROS,True,False
Ugo Humbert,2022,ROLEX MONTE-CARLO MASTERS,True,False
Ugo Humbert,2021,ATP CUP,True,True
Ugo Humbert,2021,THE CHAMPIONSHIPS,True,False
Ugo Humbert,2021,ROLEX MONTE-CARLO MASTERS,True,False
Ugo Humbert,2021,AUSTRALIAN OPEN,True,False
Ugo Humbert,2020,ROLEX PARIS MASTERS,True,True
Ulrikke Eikeri,2026,UNITED CUP,True,True
Ulrikke Eikeri,2023,UNITED CUP,True,True
Ulrikke Eikeri,2022,UNITED CUP,True,True
Ulrikke Eikeri,2022,ROLAND GARROS,True,False
Ulrikke Elkeri,2024,UNITED CUP,True,False
Ulrikke Uikeri,2024,UNITED CUP,True,False
Valentin Royer,2026,ROLAND GARROS,True,False
Valentin Vacherot,2026,ROLAND GARROS,True,True
Valentin Vacherot,2026,ROLEX MONTE-CARLO MASTERS,True,False
Valentin Vacherot,2026,AUSTRALIAN OPEN,True,False
Valentin Vacherot,2025,ROLEX PARIS MASTERS,True,False
Valentin Vacherot,2025,ROLEX SHANGHAI MASTERS,True,False
Valentin Vacherot,2025,ROLEX MONTE-CARLO MASTERS,True,False
Valentini Grammatikopoulou,2024,UNITED CUP,True,True
Valentini Grammatikopoulou,2023,UNITED CUP,True,True
Valentini Grammatikopoulou,2022,UNITED CUP,True,True
Valerie Tetreault,2025,OMNIUM BANQUE NATIONALE,True,True
Valerie Tetreault,2024,OMNIUM BANQUE NATIONALE,True,True
Valerie Tetreault,2023,OMNIUM BANQUE NATIONALE,True,True
Valérie Tétrault,2023,OMNIUM BANQUE NATIONALE,True,False
Varvara Gracheva,2024,ROLAND GARROS,True,False
Varvara Gracheva,2024,AUSTRALIAN OPEN,True,False
Varvara Gracheva,2023,BILLIE JEAN KING CUP,True,False
Varvara Gracheva,2023,THE CHAMPIONSHIPS,True,False
Varvara Lepchenko,2026,UNITED CUP,True,True
Vasek Pospisil,2025,NATIONAL BANK OPEN,True,True
Vasek Pospisil,2024,DAVIS CUP FINALS,True,True
Vasek Pospisil,2023,DAVIS CUP FINALS,True,True
Vasek Pospisil,2022,DAVIS CUP FINALS,True,False
Vasek Pospisil,2022,OMNIUM BANQUE NATIONALE,True,False
Vasek Pospisil,2021,DAVIS CUP FINALS,True,False
Vasek Pospisil,2021,CITI OPEN,True,False
Vasek Pospisil,2021,THE CHAMPIONSHIPS,True,False
Vasek Pospisil,2020,ROLAND GARROS,True,False
Vasek Pospisil,2020,US OPEN,True,False
Vasek Posposil,2022,OMNIUM BANQUE NATIONALE,True,False
Vedran Martic,2022,DAVIS CUP FINALS,True,False
Vedran Martic,2021,DAVIS CUP FINALS,True,True
Vendula Valdmannova,2024,UNITED CUP,True,True
Venus Williams,2026,MUTUA MADRID OPEN,True,False
Venus Williams,2026,BNP PARIBAS OPEN,True,False
Venus Williams,2026,AUSTRALIAN OPEN,True,True
Venus Williams,2025,US OPEN,True,True
Venus Williams,2025,MUBADALA CITI DC OPEN,True,True
Venus Williams,2023,US OPEN,True,False
Venus Williams,2023,WESTERN & SOUTHERN OPEN,True,False
Venus Williams,2023,THE CHAMPIONSHIPS,True,False
Venus Williams,2022,US OPEN,True,False
Venus Williams,2022,CITI OPEN,True,False
Venus Williams,2022,THE CHAMPIONSHIPS,True,False
Venus Williams,2021,THE CHAMPIONSHIPS,True,False
Venus Williams,2021,ROLAND GARROS,True,False
Venus Williams,2021,AUSTRALIAN OPEN,True,False
Venus Williams,2021,YARRA VALLEY CLASSIC,True,False
Venus Williams,2020,ROLAND GARROS,True,False
Venus Williams,2020,US OPEN,True,False
Venus Williams,2020,WESTERN & SOUTHERN OPEN,True,False
Venus Williams,2020,AUSTRALIAN OPEN,True,False
Vera Zvonareva,2020,US OPEN,True,False
Veronika Erjavec,2023,BILLIE JEAN KING CUP,True,True
Veronika Kudermetova,2025,THE CHAMPIONSHIPS,True,False
Veronika Kudermetova,2023,THE CHAMPIONSHIPS,True,False
Veronika Kudermetova,2023,INTERNAZIONALI BNL D'ITALIA,True,False
Veronika Kudermetova,2023,MUTUA MADRID OPEN,True,False
Veronika Kudermetova,2023,DUBAI DUTY FREE TENNIS CHAMPIONSHIPS,True,False
Veronika Kudermetova,2022,BNP PARIBAS OPEN,True,False
Veronika Kudermetova,2022,DUBAI DUTY FREE TENNIS CHAMPIONSHIPS,True,False
Veronika Kudermetova,2020,WESTERN & SOUTHERN OPEN,True,False
Victoria Azarenka,2025,DUBAI DUTY FREE TENNIS CHAMPIONSHIPS,True,False
Victoria Azarenka,2025,AUSTRALIAN OPEN,True,True
Victoria Azarenka,2024,MUBADALA CITI DC OPEN,True,False
Victoria Azarenka,2024,MIAMI OPEN PRESENTED BY ITAú,True,False
Victoria Azarenka,2024,QATAR TOTAL ENERGIES OPEN,True,False
Victoria Azarenka,2024,AUSTRALIAN OPEN,True,False
Victoria Azarenka,2023,BRISBANE INTERNATIONAL,True,True
Victoria Azarenka,2023,GUADALAJARA OPEN,True,False
Victoria Azarenka,2023,OMNIUM BANQUE NATIONALE,True,False
Victoria Azarenka,2023,MUBADALA CITI DC OPEN,True,True
Victoria Azarenka,2023,THE CHAMPIONSHIPS,True,False
Victoria Azarenka,2023,DUBAI DUTY FREE TENNIS CHAMPIONSHIPS,True,False
Victoria Azarenka,2023,AUSTRALIAN OPEN,True,False
Victoria Azarenka,2022,GUADALAJARA OPEN,True,False
Victoria Azarenka,2022,US OPEN,True,False
Victoria Azarenka,2022,ROLAND GARROS,True,False
Victoria Azarenka,2022,BNP PARIBAS OPEN,True,False
Victoria Azarenka,2022,AUSTRALIAN OPEN,True,False
Victoria Azarenka,2022,ADELAIDE INTERNATIONAL,True,False
Victoria Azarenka,2021,BNP PARIBAS OPEN,True,False
Victoria Azarenka,2021,US OPEN,True,False
Victoria Azarenka,2021,WESTERN & SOUTHERN OPEN,True,True
Victoria Azarenka,2021,OMNIUM BANQUE NATIONALE,True,False
Victoria Azarenka,2021,THE CHAMPIONSHIPS,True,False
Victoria Azarenka,2021,ROLAND GARROS,True,False
Victoria Azarenka,2021,MIAMI OPEN PRESENTED BY ITAú,True,True
Victoria Azarenka,2021,QATAR TOTAL OPEN,True,False
Victoria Azarenka,2021,AUSTRALIAN OPEN,True,False
Victoria Azarenka,2020,ROLAND GARROS,True,True
Victoria Azarenka,2020,INTERNAZIONALI BNL D'ITALIA,True,False
Victoria Azarenka,2020,US OPEN,True,False
Victoria Azarenka,2020,WESTERN & SOUTHERN OPEN,True,True
Victoria Jimenez Kasintseva,2020,AUSTRALIAN OPEN,True,False
Victoria Mboko,2026,HSBC CHAMPIONSHIPS,True,False
Victoria Mboko,2026,ROLAND GARROS,True,True
Victoria Mboko,2026,MIAMI OPEN PRESENTED BY ITAú,True,False
Victoria Mboko,2026,BNP PARIBAS OPEN,True,False
Victoria Mboko,2026,QATAR TOTAL ENERGIES OPEN,True,False
Victoria Mboko,2026,AUSTRALIAN OPEN,True,False
Victoria Mboko,2026,ADELAIDE INTERNATIONAL,True,False
Victoria Mboko,2026,UNITED CUP,True,True
Victoria Mboko,2025,US OPEN,True,True
Victoria Mboko,2025,OMNIUM BANQUE NATIONALE,True,False
Victoria Mboko,2025,ROLAND GARROS,True,False
Vijay Armitraj,2024,INTERNATIONAL TENNIS HALL OF FAME,True,True
Viktor Durasovic,2026,UNITED CUP,True,False
Viktor Durasovic,2024,UNITED CUP,True,True
Viktor Durasovic,2022,UNITED CUP,True,True
Viktor Durasovic,2021,ATP CUP,True,True
Viktor Durasovic,2020,ATP CUP,True,True
Viktor Galovic,2020,ATP CUP,True,False
Viktor Troicki,2024,UNITED CUP,True,False
Viktor Troicki,2023,UNITED CUP,True,False
Viktor Troicki,2023,DAVIS CUP FINALS,True,False
Viktor Troicki,2021,DAVIS CUP FINALS,True,False
Viktor Troicki,2021,CINCH CHAMPIONSHIPS,True,False
Viktor Troicki,2021,ATP CUP,True,True
Viktor Troicki,2020,ATP CUP,True,False
Viktoria Hruncakova,2024,BILLIE JEAN KING CUP,True,True
Viktoria Kuzmova,2022,BILLIE JEAN KING CUP,True,False
Viktorija Golubic,2024,AUSTRALIAN OPEN,True,False
Viktorija Golubic,2023,BILLIE JEAN KING CUP,True,True
Viktorija Golubic,2022,BILLIE JEAN KING CUP,True,False
Viktorija Golubic,2021,THE CHAMPIONSHIPS,True,False
Viktoriya Tomova,2022,UNITED CUP,True,True
Vincenzo Santopadre,2023,UNITED CUP,True,False
Vincenzo Santopadre,2022,UNITED CUP,True,False
Vincenzo Santopadre,2022,ATP CUP,True,False
Vincenzo Santopadre,2021,ATP CUP,True,True
Vincenzo Santopadre,2020,ATP CUP,True,True
Vivek Murthy,2023,US OPEN,True,False
Vivian Heisen,2024,UNITED CUP,True,True
Vladimir Albot,2020,ATP CUP,True,True
Wang Aoran,2026,UNITED CUP,True,False
Wang Qiang,2020,AUSTRALIAN OPEN,True,False
Wang Xinyu,2026,AUSTRALIAN OPEN,True,False
Wang Xinyu,2025,CHINA OPEN,True,False
Wang Xinyu,2025,BILLIE JEAN KING CUP: ITALY VS CHINA,True,False
Wang Xinyu,2025,BILLIE JEAN KING CUP,True,True
Wang Xinyu,2025,AUSTRALIAN OPEN,True,False
Wang Xinyu,2024,CHINA OPEN,True,True
Wang Xinyu,2024,THE CHAMPIONSHIPS,True,False
Wang Xinyu,2023,CHINA OPEN,True,True
Wang Xinyu,2023,ROLAND GARROS,True,False
Wang Xiyu,2025,CHINA OPEN,True,False
Wang Xiyu,2025,BILLIE JEAN KING CUP,True,False
Wang Xiyu,2023,CHINA OPEN,True,True
Wang Yafan,2024,AUSTRALIAN OPEN,True,False
Wayne Ferreira,2022,US OPEN,True,True
Weronika Baszak,2020,AUSTRALIAN OPEN,True,False
Weronika Falkowska,2023,BILLIE JEAN KING CUP,True,False
Wesley Koolhof,2024,DAVIS CUP FINALS,True,True
Wesley Koolhof,2024,ROLEX SHANGHAI MASTERS,True,False
Wesley Koolhof,2024,BNP PARIBAS OPEN,True,False
Wesley Koolhof,2023,UNITED CUP,True,False
Wesley Koolhof,2023,DAVIS CUP FINALS,True,True
Wesley Koolhof,2023,THE CHAMPIONSHIPS,True,False
Wesley Koolhof,2022,US OPEN,True,False
Wesley Koolhof,2022,ROLAND GARROS,True,False
Wesley Koolhof,2022,ADELAIDE INTERNATIONAL,True,False
Wesley Koolhof,2022,AUSTRALIAN OPEN,True,False
Wesley Koolhof,2020,NITTO ATP FINALS,True,False
Will Maher,2023,AUSTRALIAN OPEN,True,True
Wim Fissette,2024,BILLIE JEAN KING CUP: USA VS BELGIUM,True,False
Wim Fissette,2023,US OPEN,True,True
Wim Fissette,2021,AUSTRALIAN OPEN,True,True
Wim Fissette,2020,US OPEN,True,True
Wim Fissette,2020,WESTERN & SOUTHERN OPEN,True,True
Wojciech Marek,2020,ATP CUP,True,False
Wolfgang Thiem,2021,ATP CUP,True,True
Wolfgang Thiem,2020,AUSTRALIAN OPEN,True,True
Wu Di,2026,UNITED CUP,True,True
Wu Di,2024,UNITED CUP,True,False
Wu Yibing,2026,AUSTRALIAN OPEN,True,False
Wu Yibing,2024,ROLEX SHANGHAI MASTERS,True,False
Wu Yibing,2022,US OPEN,True,False
Xiao Yukun,2023,CHINA OPEN,True,False
Xinyu Wang,2023,AUSTRALIAN OPEN,True,False
Xu Yifan,2022,BNP PARIBAS OPEN,True,False
Xu Yifan,2022,AUSTRALIAN OPEN,True,False
Xu Yifan,2020,US OPEN,True,False
Yang Zhaoxuan,2022,BNP PARIBAS OPEN,True,False
Yang Zhaoxuan,2022,AUSTRALIAN OPEN,True,False
Yannick Hanfmann,2024,DAVIS CUP FINALS,True,False
Yannick Hanfmann,2024,AUSTRALIAN OPEN,True,False
Yannick Hanfmann,2022,AUSTRALIAN OPEN,True,False
Yannick Hanfmann,2021,ATP CUP,True,True
Yannik Noah,2023,ROLAND GARROS,True,False
Yaroslav Demin,2023,ROLAND GARROS,True,False
Yaroslava Shvedova,2023,BILLIE JEAN KING CUP,True,False
Yaroslava Shvedova,2022,BILLIE JEAN KING CUP,True,False
Yasutaka Uchiyama,2026,UNITED CUP,True,True
Yasutaka Uchiyama,2021,AUSTRALIAN OPEN,True,False
Ylena In-Albon,2022,UNITED CUP,True,True
Yoshihito Nishioka,2023,ROLAND GARROS,True,False
Yoshihito Nishioka,2023,AUSTRALIAN OPEN,True,False
Yoshihito Nishioka,2022,US OPEN,True,False
Yoshihito Nishioka,2022,CITI OPEN,True,False
Yoshihito Nishioka,2022,THE CHAMPIONSHIPS,True,False
Yoshihito Nishioka,2022,ROLAND GARROS,True,False
Yoshihito Nishioka,2022,AUSTRALIAN OPEN,True,False
Yoshihito Nishioka,2021,BNP PARIBAS OPEN,True,False
Yoshihito Nishioka,2021,THE CHAMPIONSHIPS,True,False
Yoshihito Nishioka,2021,ATP CUP,True,True
Yoshihito Nishioka,2020,ROLEX PARIS MASTERS,True,False
Yoshihito Nishioka,2020,INTERNAZIONALI BNL D'ITALIA,True,False
Yoshihito Nishioka,2020,ATP CUP,True,True
Yoshohito Nishioka,2021,ATP CUP,True,True
Yosuke Watanuki,2023,AUSTRALIAN OPEN,True,False
You Xiaodi,2026,UNITED CUP,True,False
Ysaline Bonaventure,2022,BILLIE JEAN KING CUP,True,False
Ysaline Bonaventure,2022,ROLAND GARROS,True,False
Ysaline Bonaventure,2021,AUSTRALIAN OPEN,True,False
Yuan Yue,2026,AUSTRALIAN OPEN,True,False
Yuan Yue,2025,CHINA OPEN,True,False
Yuan Yue,2025,BILLIE JEAN KING CUP: ITALY VS CHINA,True,False
Yuan Yue,2025,BILLIE JEAN KING CUP,True,True
Yuan Yue,2023,CHINA OPEN,True,False
Yui Kamiji,2026,THE CHAMPIONSHIPS,True,False
Yui Kamiji,2025,US OPEN,True,False
Yui Kamiji,2025,ROLAND GARROS,True,False
Yui Kamiji,2025,AUSTRALIAN OPEN,True,False
Yui Kamiji,2023,ROLAND GARROS,True,False
Yui Kamiji,2021,US OPEN,True,False
Yui Kamiji,2021,AUSTRALIAN OPEN,True,False
Yui Kamiji,2020,ROLAND GARROS,True,False
Yui Kamiji,2020,AUSTRALIAN OPEN,True,False
Yuichi Sugita,2021,AUSTRALIAN OPEN,True,False
Yuichi Sugita,2021,MURRAY RIVER OPEN,True,False
Yulia Putintseva,2026,AUSTRALIAN OPEN,True,False
Yulia Putintseva,2025,BILLIE JEAN KING CUP: KAZAKHSTAN VS USA,True,False
Yulia Putintseva,2025,BILLIE JEAN KING CUP,True,False
Yulia Putintseva,2024,THE CHAMPIONSHIPS,True,False
Yulia Putintseva,2023,BILLIE JEAN KING CUP,True,True
Yulia Putintseva,2022,UNITED CUP,True,True
Yulia Putintseva,2022,BILLIE JEAN KING CUP,True,False
Yulia Putintseva,2021,AUSTRALIAN OPEN,True,False
Yulia Putintseva,2020,INTERNAZIONALI BNL D'ITALIA,True,False
Yulia Putintseva,2020,US OPEN,True,False
Yuliia Starodubtseva,2026,ROLAND GARROS,True,False
Yunchaokete Bu,2025,CHINA OPEN,True,True
Yuriko Lily Miyazaki,2024,UNITED CUP,True,False
Yuriko Lily Miyazaki,2024,THE CHAMPIONSHIPS,True,False
Yuriko Lily Miyazaki,2023,US OPEN,True,False
Yuriko Miyazaki,2022,THE CHAMPIONSHIPS,True,False
Yuriy Schukin,2021,DAVIS CUP FINALS,True,False
Yvonne Cavalle-Reimers,2026,UNITED CUP,True,True
Yvonne Cavalle-Reimers,2024,UNITED CUP,True,True
Zachary Svajda,2026,ROLAND GARROS,True,False
Zarina Diyas,2025,BILLIE JEAN KING CUP,True,False
Zeljko Franulovic,2022,ROLEX MONTE-CARLO MASTERS,True,True
Zeynep Sonmez,2026,PORSCHE TENNIS GRAND PRIX,True,False
Zeynep Sonmez,2026,AUSTRALIAN OPEN,True,False
Zhang Bin,2025,CHINA OPEN,True,False
Zhang Junhui,2025,CHINA OPEN,True,False
Zhang Junhui,2023,CHINA OPEN,True,True
Zhang Shuai,2026,AUSTRALIAN OPEN,True,False
Zhang Shuai,2025,CHINA OPEN,True,False
Zhang Shuai,2025,BILLIE JEAN KING CUP,True,True
Zhang Shuai,2025,MUBADALA CITI DC OPEN,True,False
Zhang Shuai,2025,AUSTRALIAN OPEN,True,False
Zhang Shuai,2024,UNITED CUP,True,True
Zhang Shuai,2024,CHINA OPEN,True,False
Zhang Shuai,2023,ROLAND GARROS,True,False
Zhang Shuai,2023,AUSTRALIAN OPEN,True,False
Zhang Shuai,2022,WESTERN & SOUTHERN OPEN,True,False
Zhang Shuai,2021,US OPEN,True,False
Zhang Zhizhen,2026,UNITED CUP,True,True
Zhang Zhizhen,2025,ROLEX SHANGHAI MASTERS,True,True
Zhang Zhizhen,2025,CHINA OPEN,True,True
Zhang Zhizhen,2024,UNITED CUP,True,True
Zhang Zhizhen,2024,ROLEX SHANGHAI MASTERS,True,True
Zhang Zhizhen,2024,CHINA OPEN,True,True
Zhang Zhizhen,2024,QATAR EXXONMOBIL OPEN,True,False
Zhang Zhizhen,2024,AUSTRALIAN OPEN,True,False
Zhang Zhizhen,2023,UNITED CUP,True,False
Zhang Zhizhen,2023,ROLEX SHANGHAI MASTERS,True,True
Zhang Zhizhen,2023,ROLAND GARROS,True,False
Zhang Zhizhen,2023,MUTUA MADRID OPEN,True,False
Zheng Qinwen,2026,ROLAND GARROS,True,True
Zheng Qinwen,2025,CHINA OPEN,True,False
Zheng Qinwen,2025,THE CHAMPIONSHIPS,True,False
Zheng Qinwen,2025,HSBC CHAMPIONSHIPS,True,False
Zheng Qinwen,2025,ROLAND GARROS,True,True
Zheng Qinwen,2025,DUBAI DUTY FREE TENNIS CHAMPIONSHIPS,True,False
Zheng Qinwen,2025,AUSTRALIAN OPEN,True,True
Zheng Qinwen,2024,WTA FINALS,True,True
Zheng Qinwen,2024,CHINA OPEN,True,True
Zheng Qinwen,2024,US OPEN,True,True
Zheng Qinwen,2024,ROLAND GARROS,True,False
Zheng Qinwen,2024,INTERNAZIONALI BNL D'ITALIA,True,False
Zheng Qinwen,2024,PORSCHE TENNIS GRAND PRIX,True,False
Zheng Qinwen,2024,AUSTRALIAN OPEN,True,False
Zheng Qinwen,2024,UNITED CUP,True,True
Zheng Qinwen,2023,UNITED CUP,True,False
Zheng Qinwen,2023,CHINA OPEN,True,True
Zheng Qinwen,2023,US OPEN,True,True
Zheng Qinwen,2023,ROLAND GARROS,True,False
Zheng Qinwen,2023,PORSCHE TENNIS GRAND PRIX,True,False
Zheng Qinwen,2022,US OPEN,True,False
Zheng Qiwen,2025,INTERNAZIONALI BNL D'ITALIA,True,False
Zheng Saisai,2020,QATAR TOTAL OPEN,True,False
Zhibek Kulambaveva,2022,UNITED CUP,True,False
Zhibek Kulambayeva,2025,BILLIE JEAN KING CUP,True,False
Zhibek Kulambayeva,2025,UNITED CUP,True,False
Zhibek Kulambayeva,2024,UNITED CUP,True,True
Zhizhen Zhang,2023,US OPEN,True,False
Zhou Yi,2024,ROLEX SHANGHAI MASTERS,True,False
Zhou Yi,2023,CHINA OPEN,True,False
Zhu Lin,2026,UNITED CUP,True,True
Zhu Lin,2025,CHINA OPEN,True,False
Zhu Lin,2023,CHINA OPEN,True,True
Zhu Lin,2023,AUSTRALIAN OPEN,True,False
Ziga Sesko,2026,AUSTRALIAN OPEN,True,False
Zizou Bergs,2026,UNITED CUP,True,True
Zizou Bergs,2025,DAVIS CUP FINALS,True,False
Zizou Bergs,2024,ROLEX SHANGHAI MASTERS,True,False
Zizou Bergs,2024,ROLAND GARROS,True,False
Zizou Bergs,2024,INTERNAZIONALI BNL D'ITALIA,True,False
Zoe Hives,2022,UNITED CUP,True,False
Zsombor Piros,2021,DAVIS CUP FINALS,True,False
Zura Tkemaladze,2021,ATP CUP,True,False
Zura Tkemaladze,2020,ATP CUP,True,True
